#! /usr/bin/vvp
:ivl_version "11.0 (stable)";
:ivl_delay_selection "TYPICAL";
:vpi_time_precision - 12;
:vpi_module "/usr/lib/x86_64-linux-gnu/ivl/system.vpi";
:vpi_module "/usr/lib/x86_64-linux-gnu/ivl/vhdl_sys.vpi";
:vpi_module "/usr/lib/x86_64-linux-gnu/ivl/vhdl_textio.vpi";
:vpi_module "/usr/lib/x86_64-linux-gnu/ivl/v2005_math.vpi";
:vpi_module "/usr/lib/x86_64-linux-gnu/ivl/va_math.vpi";
S_0x61d6faf6ee10 .scope module, "picorv32_axi" "picorv32_axi" 2 2517;
 .timescale -9 -12;
    .port_info 0 /INPUT 1 "clk";
    .port_info 1 /INPUT 1 "resetn";
    .port_info 2 /OUTPUT 1 "trap";
    .port_info 3 /OUTPUT 1 "mem_axi_awvalid";
    .port_info 4 /INPUT 1 "mem_axi_awready";
    .port_info 5 /OUTPUT 32 "mem_axi_awaddr";
    .port_info 6 /OUTPUT 3 "mem_axi_awprot";
    .port_info 7 /OUTPUT 1 "mem_axi_wvalid";
    .port_info 8 /INPUT 1 "mem_axi_wready";
    .port_info 9 /OUTPUT 32 "mem_axi_wdata";
    .port_info 10 /OUTPUT 4 "mem_axi_wstrb";
    .port_info 11 /INPUT 1 "mem_axi_bvalid";
    .port_info 12 /OUTPUT 1 "mem_axi_bready";
    .port_info 13 /OUTPUT 1 "mem_axi_arvalid";
    .port_info 14 /INPUT 1 "mem_axi_arready";
    .port_info 15 /OUTPUT 32 "mem_axi_araddr";
    .port_info 16 /OUTPUT 3 "mem_axi_arprot";
    .port_info 17 /INPUT 1 "mem_axi_rvalid";
    .port_info 18 /OUTPUT 1 "mem_axi_rready";
    .port_info 19 /INPUT 32 "mem_axi_rdata";
    .port_info 20 /OUTPUT 1 "pcpi_valid";
    .port_info 21 /OUTPUT 32 "pcpi_insn";
    .port_info 22 /OUTPUT 32 "pcpi_rs1";
    .port_info 23 /OUTPUT 32 "pcpi_rs2";
    .port_info 24 /INPUT 1 "pcpi_wr";
    .port_info 25 /INPUT 32 "pcpi_rd";
    .port_info 26 /INPUT 1 "pcpi_wait";
    .port_info 27 /INPUT 1 "pcpi_ready";
    .port_info 28 /INPUT 32 "irq";
    .port_info 29 /OUTPUT 32 "eoi";
    .port_info 30 /OUTPUT 1 "trace_valid";
    .port_info 31 /OUTPUT 36 "trace_data";
P_0x61d6fb000350 .param/l "BARREL_SHIFTER" 0 2 2523, C4<0>;
P_0x61d6fb000390 .param/l "CATCH_ILLINSN" 0 2 2528, C4<1>;
P_0x61d6fb0003d0 .param/l "CATCH_MISALIGN" 0 2 2527, C4<1>;
P_0x61d6fb000410 .param/l "COMPRESSED_ISA" 0 2 2526, C4<0>;
P_0x61d6fb000450 .param/l "ENABLE_COUNTERS" 0 2 2518, C4<1>;
P_0x61d6fb000490 .param/l "ENABLE_COUNTERS64" 0 2 2519, C4<1>;
P_0x61d6fb0004d0 .param/l "ENABLE_DIV" 0 2 2532, C4<0>;
P_0x61d6fb000510 .param/l "ENABLE_FAST_MUL" 0 2 2531, C4<0>;
P_0x61d6fb000550 .param/l "ENABLE_IRQ" 0 2 2533, C4<0>;
P_0x61d6fb000590 .param/l "ENABLE_IRQ_QREGS" 0 2 2534, C4<1>;
P_0x61d6fb0005d0 .param/l "ENABLE_IRQ_TIMER" 0 2 2535, C4<1>;
P_0x61d6fb000610 .param/l "ENABLE_MUL" 0 2 2530, C4<0>;
P_0x61d6fb000650 .param/l "ENABLE_PCPI" 0 2 2529, C4<0>;
P_0x61d6fb000690 .param/l "ENABLE_REGS_16_31" 0 2 2520, C4<1>;
P_0x61d6fb0006d0 .param/l "ENABLE_REGS_DUALPORT" 0 2 2521, C4<1>;
P_0x61d6fb000710 .param/l "ENABLE_TRACE" 0 2 2536, C4<0>;
P_0x61d6fb000750 .param/l "LATCHED_IRQ" 0 2 2539, C4<11111111111111111111111111111111>;
P_0x61d6fb000790 .param/l "MASKED_IRQ" 0 2 2538, C4<00000000000000000000000000000000>;
P_0x61d6fb0007d0 .param/l "PROGADDR_IRQ" 0 2 2541, C4<00000000000000000000000000010000>;
P_0x61d6fb000810 .param/l "PROGADDR_RESET" 0 2 2540, C4<00000000000000000000000000000000>;
P_0x61d6fb000850 .param/l "REGS_INIT_ZERO" 0 2 2537, C4<0>;
P_0x61d6fb000890 .param/l "STACKADDR" 0 2 2542, C4<11111111111111111111111111111111>;
P_0x61d6fb0008d0 .param/l "TWO_CYCLE_ALU" 0 2 2525, C4<0>;
P_0x61d6fb000910 .param/l "TWO_CYCLE_COMPARE" 0 2 2524, C4<0>;
P_0x61d6fb000950 .param/l "TWO_STAGE_SHIFT" 0 2 2522, C4<1>;
o0x70971739f318 .functor BUFZ 1, C4<z>; HiZ drive
v0x61d6fb017000_0 .net "clk", 0 0, o0x70971739f318;  0 drivers
v0x61d6fb0170c0_0 .net "eoi", 31 0, v0x61d6fb00e6a0_0;  1 drivers
o0x7097173a29a8 .functor BUFZ 32, C4<zzzzzzzzzzzzzzzzzzzzzzzzzzzzzzzz>; HiZ drive
v0x61d6fb017180_0 .net "irq", 31 0, o0x7097173a29a8;  0 drivers
v0x61d6fb017280_0 .net "mem_addr", 31 0, v0x61d6fb012680_0;  1 drivers
v0x61d6fb017370_0 .net "mem_axi_araddr", 31 0, L_0x61d6faeaf7f0;  1 drivers
v0x61d6fb017460_0 .net "mem_axi_arprot", 2 0, L_0x61d6fb0481c0;  1 drivers
o0x70971739f3d8 .functor BUFZ 1, C4<z>; HiZ drive
v0x61d6fb017500_0 .net "mem_axi_arready", 0 0, o0x70971739f3d8;  0 drivers
v0x61d6fb0175d0_0 .net "mem_axi_arvalid", 0 0, L_0x61d6faeacc00;  1 drivers
v0x61d6fb0176a0_0 .net "mem_axi_awaddr", 31 0, L_0x61d6fae812e0;  1 drivers
L_0x709717356018 .functor BUFT 1, C4<000>, C4<0>, C4<0>, C4<0>;
v0x61d6fb017770_0 .net "mem_axi_awprot", 2 0, L_0x709717356018;  1 drivers
o0x70971739f498 .functor BUFZ 1, C4<z>; HiZ drive
v0x61d6fb017840_0 .net "mem_axi_awready", 0 0, o0x70971739f498;  0 drivers
v0x61d6fb017910_0 .net "mem_axi_awvalid", 0 0, L_0x61d6fae76e20;  1 drivers
v0x61d6fb0179e0_0 .net "mem_axi_bready", 0 0, L_0x61d6fb048a10;  1 drivers
o0x70971739f528 .functor BUFZ 1, C4<z>; HiZ drive
v0x61d6fb017ab0_0 .net "mem_axi_bvalid", 0 0, o0x70971739f528;  0 drivers
o0x70971739f558 .functor BUFZ 32, C4<zzzzzzzzzzzzzzzzzzzzzzzzzzzzzzzz>; HiZ drive
v0x61d6fb017b80_0 .net "mem_axi_rdata", 31 0, o0x70971739f558;  0 drivers
v0x61d6fb017c50_0 .net "mem_axi_rready", 0 0, L_0x61d6fb048d40;  1 drivers
o0x70971739f5b8 .functor BUFZ 1, C4<z>; HiZ drive
v0x61d6fb017d20_0 .net "mem_axi_rvalid", 0 0, o0x70971739f5b8;  0 drivers
v0x61d6fb017df0_0 .net "mem_axi_wdata", 31 0, L_0x61d6fb048680;  1 drivers
o0x70971739f618 .functor BUFZ 1, C4<z>; HiZ drive
v0x61d6fb017ec0_0 .net "mem_axi_wready", 0 0, o0x70971739f618;  0 drivers
v0x61d6fb017f90_0 .net "mem_axi_wstrb", 3 0, L_0x61d6fb048740;  1 drivers
v0x61d6fb018060_0 .net "mem_axi_wvalid", 0 0, L_0x61d6fb0484d0;  1 drivers
v0x61d6fb018130_0 .net "mem_instr", 0 0, v0x61d6fb012bd0_0;  1 drivers
v0x61d6fb0181d0_0 .net "mem_rdata", 31 0, L_0x61d6fb048e50;  1 drivers
v0x61d6fb0182c0_0 .net "mem_ready", 0 0, L_0x61d6fb048860;  1 drivers
v0x61d6fb0183b0_0 .net "mem_valid", 0 0, v0x61d6fb014290_0;  1 drivers
v0x61d6fb0184a0_0 .net "mem_wdata", 31 0, v0x61d6fb014330_0;  1 drivers
v0x61d6fb018590_0 .net "mem_wstrb", 3 0, v0x61d6fb0144a0_0;  1 drivers
v0x61d6fb018680_0 .net "pcpi_insn", 31 0, v0x61d6fb014cd0_0;  1 drivers
o0x7097173a3758 .functor BUFZ 32, C4<zzzzzzzzzzzzzzzzzzzzzzzzzzzzzzzz>; HiZ drive
v0x61d6fb018720_0 .net "pcpi_rd", 31 0, o0x7097173a3758;  0 drivers
o0x7097173a3788 .functor BUFZ 1, C4<z>; HiZ drive
v0x61d6fb0187c0_0 .net "pcpi_ready", 0 0, o0x7097173a3788;  0 drivers
v0x61d6fb018860_0 .net "pcpi_rs1", 31 0, L_0x61d6fb059590;  1 drivers
v0x61d6fb018900_0 .net "pcpi_rs2", 31 0, L_0x61d6fb059650;  1 drivers
v0x61d6fb0189a0_0 .net "pcpi_valid", 0 0, v0x61d6fb015810_0;  1 drivers
o0x7097173a3878 .functor BUFZ 1, C4<z>; HiZ drive
v0x61d6fb018a40_0 .net "pcpi_wait", 0 0, o0x7097173a3878;  0 drivers
o0x7097173a38a8 .functor BUFZ 1, C4<z>; HiZ drive
v0x61d6fb018b10_0 .net "pcpi_wr", 0 0, o0x7097173a38a8;  0 drivers
o0x70971739f7c8 .functor BUFZ 1, C4<z>; HiZ drive
v0x61d6fb018be0_0 .net "resetn", 0 0, o0x70971739f7c8;  0 drivers
v0x61d6fb018cd0_0 .net "trace_data", 35 0, v0x61d6fb016960_0;  1 drivers
v0x61d6fb018d70_0 .net "trace_valid", 0 0, v0x61d6fb016a40_0;  1 drivers
v0x61d6fb018e40_0 .net "trap", 0 0, v0x61d6fb016b00_0;  1 drivers
S_0x61d6faf6f1f0 .scope module, "axi_adapter" "picorv32_axi_adapter" 2 2619, 2 2731 0, S_0x61d6faf6ee10;
 .timescale -9 -12;
    .port_info 0 /INPUT 1 "clk";
    .port_info 1 /INPUT 1 "resetn";
    .port_info 2 /OUTPUT 1 "mem_axi_awvalid";
    .port_info 3 /INPUT 1 "mem_axi_awready";
    .port_info 4 /OUTPUT 32 "mem_axi_awaddr";
    .port_info 5 /OUTPUT 3 "mem_axi_awprot";
    .port_info 6 /OUTPUT 1 "mem_axi_wvalid";
    .port_info 7 /INPUT 1 "mem_axi_wready";
    .port_info 8 /OUTPUT 32 "mem_axi_wdata";
    .port_info 9 /OUTPUT 4 "mem_axi_wstrb";
    .port_info 10 /INPUT 1 "mem_axi_bvalid";
    .port_info 11 /OUTPUT 1 "mem_axi_bready";
    .port_info 12 /OUTPUT 1 "mem_axi_arvalid";
    .port_info 13 /INPUT 1 "mem_axi_arready";
    .port_info 14 /OUTPUT 32 "mem_axi_araddr";
    .port_info 15 /OUTPUT 3 "mem_axi_arprot";
    .port_info 16 /INPUT 1 "mem_axi_rvalid";
    .port_info 17 /OUTPUT 1 "mem_axi_rready";
    .port_info 18 /INPUT 32 "mem_axi_rdata";
    .port_info 19 /INPUT 1 "mem_valid";
    .port_info 20 /INPUT 1 "mem_instr";
    .port_info 21 /OUTPUT 1 "mem_ready";
    .port_info 22 /INPUT 32 "mem_addr";
    .port_info 23 /INPUT 32 "mem_wdata";
    .port_info 24 /INPUT 4 "mem_wstrb";
    .port_info 25 /OUTPUT 32 "mem_rdata";
L_0x61d6fae72ca0 .functor AND 1, v0x61d6fb014290_0, L_0x61d6fb047a60, C4<1>, C4<1>;
L_0x61d6fae76e20 .functor AND 1, L_0x61d6fae72ca0, L_0x61d6fb047b70, C4<1>, C4<1>;
L_0x61d6fae812e0 .functor BUFZ 32, v0x61d6fb012680_0, C4<00000000000000000000000000000000>, C4<00000000000000000000000000000000>, C4<00000000000000000000000000000000>;
L_0x61d6faea6890 .functor AND 1, v0x61d6fb014290_0, L_0x61d6fb047da0, C4<1>, C4<1>;
L_0x61d6faeacc00 .functor AND 1, L_0x61d6faea6890, L_0x61d6fb047f60, C4<1>, C4<1>;
L_0x61d6faeaf7f0 .functor BUFZ 32, v0x61d6fb012680_0, C4<00000000000000000000000000000000>, C4<00000000000000000000000000000000>, C4<00000000000000000000000000000000>;
L_0x61d6faed0140 .functor AND 1, v0x61d6fb014290_0, L_0x61d6fb048300, C4<1>, C4<1>;
L_0x61d6fb0484d0 .functor AND 1, L_0x61d6faed0140, L_0x61d6fb048430, C4<1>, C4<1>;
L_0x61d6fb048680 .functor BUFZ 32, v0x61d6fb014330_0, C4<00000000000000000000000000000000>, C4<00000000000000000000000000000000>, C4<00000000000000000000000000000000>;
L_0x61d6fb048740 .functor BUFZ 4, v0x61d6fb0144a0_0, C4<0000>, C4<0000>, C4<0000>;
L_0x61d6fb048860 .functor OR 1, o0x70971739f528, o0x70971739f5b8, C4<0>, C4<0>;
L_0x61d6fb048a10 .functor AND 1, v0x61d6fb014290_0, L_0x61d6fb048920, C4<1>, C4<1>;
L_0x61d6fb048d40 .functor AND 1, v0x61d6fb014290_0, L_0x61d6fb048b90, C4<1>, C4<1>;
L_0x61d6fb048e50 .functor BUFZ 32, o0x70971739f558, C4<00000000000000000000000000000000>, C4<00000000000000000000000000000000>, C4<00000000000000000000000000000000>;
v0x61d6fae72e40_0 .net *"_ivl_1", 0 0, L_0x61d6fb047a60;  1 drivers
v0x61d6fae76f80_0 .net *"_ivl_13", 0 0, L_0x61d6fb047da0;  1 drivers
v0x61d6fae81400_0 .net *"_ivl_15", 0 0, L_0x61d6faea6890;  1 drivers
v0x61d6faea69f0_0 .net *"_ivl_17", 0 0, L_0x61d6fb047f60;  1 drivers
L_0x709717356060 .functor BUFT 1, C4<100>, C4<0>, C4<0>, C4<0>;
v0x61d6faeacd20_0 .net/2u *"_ivl_22", 2 0, L_0x709717356060;  1 drivers
L_0x7097173560a8 .functor BUFT 1, C4<000>, C4<0>, C4<0>, C4<0>;
v0x61d6faeaf910_0 .net/2u *"_ivl_24", 2 0, L_0x7097173560a8;  1 drivers
v0x61d6faeb3aa0_0 .net *"_ivl_29", 0 0, L_0x61d6fb048300;  1 drivers
v0x61d6fadb5340_0 .net *"_ivl_3", 0 0, L_0x61d6fae72ca0;  1 drivers
v0x61d6fadb5400_0 .net *"_ivl_31", 0 0, L_0x61d6faed0140;  1 drivers
v0x61d6fadb54c0_0 .net *"_ivl_33", 0 0, L_0x61d6fb048430;  1 drivers
v0x61d6fac58080_0 .net *"_ivl_43", 0 0, L_0x61d6fb048920;  1 drivers
v0x61d6fac58120_0 .net *"_ivl_47", 0 0, L_0x61d6fb048b90;  1 drivers
v0x61d6fac581e0_0 .net *"_ivl_5", 0 0, L_0x61d6fb047b70;  1 drivers
v0x61d6fac582a0_0 .var "ack_arvalid", 0 0;
v0x61d6fac58360_0 .var "ack_awvalid", 0 0;
v0x61d6fac58420_0 .var "ack_wvalid", 0 0;
v0x61d6fb0010b0_0 .net "clk", 0 0, o0x70971739f318;  alias, 0 drivers
v0x61d6fb001150_0 .net "mem_addr", 31 0, v0x61d6fb012680_0;  alias, 1 drivers
v0x61d6fb0011f0_0 .net "mem_axi_araddr", 31 0, L_0x61d6faeaf7f0;  alias, 1 drivers
v0x61d6fb0012d0_0 .net "mem_axi_arprot", 2 0, L_0x61d6fb0481c0;  alias, 1 drivers
v0x61d6fb0013b0_0 .net "mem_axi_arready", 0 0, o0x70971739f3d8;  alias, 0 drivers
v0x61d6fb001470_0 .net "mem_axi_arvalid", 0 0, L_0x61d6faeacc00;  alias, 1 drivers
v0x61d6fb001530_0 .net "mem_axi_awaddr", 31 0, L_0x61d6fae812e0;  alias, 1 drivers
v0x61d6fb001610_0 .net "mem_axi_awprot", 2 0, L_0x709717356018;  alias, 1 drivers
v0x61d6fb0016f0_0 .net "mem_axi_awready", 0 0, o0x70971739f498;  alias, 0 drivers
v0x61d6fb0017b0_0 .net "mem_axi_awvalid", 0 0, L_0x61d6fae76e20;  alias, 1 drivers
v0x61d6fb001870_0 .net "mem_axi_bready", 0 0, L_0x61d6fb048a10;  alias, 1 drivers
v0x61d6fb001930_0 .net "mem_axi_bvalid", 0 0, o0x70971739f528;  alias, 0 drivers
v0x61d6fb0019f0_0 .net "mem_axi_rdata", 31 0, o0x70971739f558;  alias, 0 drivers
v0x61d6fb001ad0_0 .net "mem_axi_rready", 0 0, L_0x61d6fb048d40;  alias, 1 drivers
v0x61d6fb001b90_0 .net "mem_axi_rvalid", 0 0, o0x70971739f5b8;  alias, 0 drivers
v0x61d6fb001c50_0 .net "mem_axi_wdata", 31 0, L_0x61d6fb048680;  alias, 1 drivers
v0x61d6fb001d30_0 .net "mem_axi_wready", 0 0, o0x70971739f618;  alias, 0 drivers
v0x61d6fb001df0_0 .net "mem_axi_wstrb", 3 0, L_0x61d6fb048740;  alias, 1 drivers
v0x61d6fb001ed0_0 .net "mem_axi_wvalid", 0 0, L_0x61d6fb0484d0;  alias, 1 drivers
v0x61d6fb001f90_0 .net "mem_instr", 0 0, v0x61d6fb012bd0_0;  alias, 1 drivers
v0x61d6fb002050_0 .net "mem_rdata", 31 0, L_0x61d6fb048e50;  alias, 1 drivers
v0x61d6fb002130_0 .net "mem_ready", 0 0, L_0x61d6fb048860;  alias, 1 drivers
v0x61d6fb0021f0_0 .net "mem_valid", 0 0, v0x61d6fb014290_0;  alias, 1 drivers
v0x61d6fb0022b0_0 .net "mem_wdata", 31 0, v0x61d6fb014330_0;  alias, 1 drivers
v0x61d6fb002390_0 .net "mem_wstrb", 3 0, v0x61d6fb0144a0_0;  alias, 1 drivers
v0x61d6fb002470_0 .net "resetn", 0 0, o0x70971739f7c8;  alias, 0 drivers
v0x61d6fb002530_0 .var "xfer_done", 0 0;
E_0x61d6fac59960 .event posedge, v0x61d6fb0010b0_0;
L_0x61d6fb047a60 .reduce/or v0x61d6fb0144a0_0;
L_0x61d6fb047b70 .reduce/nor v0x61d6fac58360_0;
L_0x61d6fb047da0 .reduce/nor v0x61d6fb0144a0_0;
L_0x61d6fb047f60 .reduce/nor v0x61d6fac582a0_0;
L_0x61d6fb0481c0 .functor MUXZ 3, L_0x7097173560a8, L_0x709717356060, v0x61d6fb012bd0_0, C4<>;
L_0x61d6fb048300 .reduce/or v0x61d6fb0144a0_0;
L_0x61d6fb048430 .reduce/nor v0x61d6fac58420_0;
L_0x61d6fb048920 .reduce/or v0x61d6fb0144a0_0;
L_0x61d6fb048b90 .reduce/nor v0x61d6fb0144a0_0;
S_0x61d6faf6f5a0 .scope module, "picorv32_core" "picorv32" 2 2674, 2 62 0, S_0x61d6faf6ee10;
 .timescale -9 -12;
    .port_info 0 /INPUT 1 "clk";
    .port_info 1 /INPUT 1 "resetn";
    .port_info 2 /OUTPUT 1 "trap";
    .port_info 3 /OUTPUT 1 "mem_valid";
    .port_info 4 /OUTPUT 1 "mem_instr";
    .port_info 5 /INPUT 1 "mem_ready";
    .port_info 6 /OUTPUT 32 "mem_addr";
    .port_info 7 /OUTPUT 32 "mem_wdata";
    .port_info 8 /OUTPUT 4 "mem_wstrb";
    .port_info 9 /INPUT 32 "mem_rdata";
    .port_info 10 /OUTPUT 1 "mem_la_read";
    .port_info 11 /OUTPUT 1 "mem_la_write";
    .port_info 12 /OUTPUT 32 "mem_la_addr";
    .port_info 13 /OUTPUT 32 "mem_la_wdata";
    .port_info 14 /OUTPUT 4 "mem_la_wstrb";
    .port_info 15 /OUTPUT 1 "pcpi_valid";
    .port_info 16 /OUTPUT 32 "pcpi_insn";
    .port_info 17 /OUTPUT 32 "pcpi_rs1";
    .port_info 18 /OUTPUT 32 "pcpi_rs2";
    .port_info 19 /INPUT 1 "pcpi_wr";
    .port_info 20 /INPUT 32 "pcpi_rd";
    .port_info 21 /INPUT 1 "pcpi_wait";
    .port_info 22 /INPUT 1 "pcpi_ready";
    .port_info 23 /INPUT 32 "irq";
    .port_info 24 /OUTPUT 32 "eoi";
    .port_info 25 /OUTPUT 1 "trace_valid";
    .port_info 26 /OUTPUT 36 "trace_data";
P_0x61d6fb002950 .param/l "BARREL_SHIFTER" 0 2 69, C4<0>;
P_0x61d6fb002990 .param/l "CATCH_ILLINSN" 0 2 74, C4<1>;
P_0x61d6fb0029d0 .param/l "CATCH_MISALIGN" 0 2 73, C4<1>;
P_0x61d6fb002a10 .param/l "COMPRESSED_ISA" 0 2 72, C4<0>;
P_0x61d6fb002a50 .param/l "ENABLE_COUNTERS" 0 2 63, C4<1>;
P_0x61d6fb002a90 .param/l "ENABLE_COUNTERS64" 0 2 64, C4<1>;
P_0x61d6fb002ad0 .param/l "ENABLE_DIV" 0 2 78, C4<0>;
P_0x61d6fb002b10 .param/l "ENABLE_FAST_MUL" 0 2 77, C4<0>;
P_0x61d6fb002b50 .param/l "ENABLE_IRQ" 0 2 79, C4<0>;
P_0x61d6fb002b90 .param/l "ENABLE_IRQ_QREGS" 0 2 80, C4<1>;
P_0x61d6fb002bd0 .param/l "ENABLE_IRQ_TIMER" 0 2 81, C4<1>;
P_0x61d6fb002c10 .param/l "ENABLE_MUL" 0 2 76, C4<0>;
P_0x61d6fb002c50 .param/l "ENABLE_PCPI" 0 2 75, C4<0>;
P_0x61d6fb002c90 .param/l "ENABLE_REGS_16_31" 0 2 65, C4<1>;
P_0x61d6fb002cd0 .param/l "ENABLE_REGS_DUALPORT" 0 2 66, C4<1>;
P_0x61d6fb002d10 .param/l "ENABLE_TRACE" 0 2 82, C4<0>;
P_0x61d6fb002d50 .param/l "LATCHED_IRQ" 0 2 85, C4<11111111111111111111111111111111>;
P_0x61d6fb002d90 .param/l "LATCHED_MEM_RDATA" 0 2 67, C4<0>;
P_0x61d6fb002dd0 .param/l "MASKED_IRQ" 0 2 84, C4<00000000000000000000000000000000>;
P_0x61d6fb002e10 .param/l "PROGADDR_IRQ" 0 2 87, C4<00000000000000000000000000010000>;
P_0x61d6fb002e50 .param/l "PROGADDR_RESET" 0 2 86, C4<00000000000000000000000000000000>;
P_0x61d6fb002e90 .param/l "REGS_INIT_ZERO" 0 2 83, C4<0>;
P_0x61d6fb002ed0 .param/l "STACKADDR" 0 2 88, C4<11111111111111111111111111111111>;
P_0x61d6fb002f10 .param/l "TRACE_ADDR" 1 2 172, C4<001000000000000000000000000000000000>;
P_0x61d6fb002f50 .param/l "TRACE_BRANCH" 1 2 171, C4<000100000000000000000000000000000000>;
P_0x61d6fb002f90 .param/l "TRACE_IRQ" 1 2 173, C4<100000000000000000000000000000000000>;
P_0x61d6fb002fd0 .param/l "TWO_CYCLE_ALU" 0 2 71, C4<0>;
P_0x61d6fb003010 .param/l "TWO_CYCLE_COMPARE" 0 2 70, C4<0>;
P_0x61d6fb003050 .param/l "TWO_STAGE_SHIFT" 0 2 68, C4<1>;
P_0x61d6fb003090 .param/l "WITH_PCPI" 1 2 169, C4<0>;
P_0x61d6fb0030d0 .param/l "cpu_state_exec" 1 2 1176, C4<00001000>;
P_0x61d6fb003110 .param/l "cpu_state_fetch" 1 2 1173, C4<01000000>;
P_0x61d6fb003150 .param/l "cpu_state_ld_rs1" 1 2 1174, C4<00100000>;
P_0x61d6fb003190 .param/l "cpu_state_ld_rs2" 1 2 1175, C4<00010000>;
P_0x61d6fb0031d0 .param/l "cpu_state_ldmem" 1 2 1179, C4<00000001>;
P_0x61d6fb003210 .param/l "cpu_state_shift" 1 2 1177, C4<00000100>;
P_0x61d6fb003250 .param/l "cpu_state_stmem" 1 2 1178, C4<00000010>;
P_0x61d6fb003290 .param/l "cpu_state_trap" 1 2 1172, C4<10000000>;
P_0x61d6fb0032d0 .param/l "irq_buserror" 1 2 163, +C4<00000000000000000000000000000010>;
P_0x61d6fb003310 .param/l "irq_ebreak" 1 2 162, +C4<00000000000000000000000000000001>;
P_0x61d6fb003350 .param/l "irq_timer" 1 2 161, +C4<00000000000000000000000000000000>;
P_0x61d6fb003390 .param/l "irqregs_offset" 1 2 165, +C4<00000000000000000000000000100000>;
P_0x61d6fb0033d0 .param/l "regfile_size" 1 2 166, +C4<00000000000000000000000000100000>;
P_0x61d6fb003410 .param/l "regindex_bits" 1 2 167, +C4<00000000000000000000000000000101>;
L_0x61d6fb048b20 .functor BUFZ 1, v0x61d6fb014290_0, C4<0>, C4<0>, C4<0>;
L_0x61d6fb059100 .functor BUFZ 1, v0x61d6fb012bd0_0, C4<0>, C4<0>, C4<0>;
L_0x61d6fb059170 .functor BUFZ 1, L_0x61d6fb048860, C4<0>, C4<0>, C4<0>;
L_0x61d6fb059270 .functor BUFZ 32, v0x61d6fb012680_0, C4<00000000000000000000000000000000>, C4<00000000000000000000000000000000>, C4<00000000000000000000000000000000>;
L_0x61d6fb0592e0 .functor BUFZ 32, v0x61d6fb014330_0, C4<00000000000000000000000000000000>, C4<00000000000000000000000000000000>, C4<00000000000000000000000000000000>;
L_0x61d6fb0593e0 .functor BUFZ 4, v0x61d6fb0144a0_0, C4<0000>, C4<0000>, C4<0000>;
L_0x61d6fb059490 .functor BUFZ 32, L_0x61d6fb048e50, C4<00000000000000000000000000000000>, C4<00000000000000000000000000000000>, C4<00000000000000000000000000000000>;
L_0x61d6fb059590 .functor BUFZ 32, v0x61d6fb016130_0, C4<00000000000000000000000000000000>, C4<00000000000000000000000000000000>, C4<00000000000000000000000000000000>;
L_0x61d6fb059650 .functor BUFZ 32, v0x61d6fb016210_0, C4<00000000000000000000000000000000>, C4<00000000000000000000000000000000>, C4<00000000000000000000000000000000>;
L_0x61d6fb0596c0 .functor OR 1, v0x61d6fb012810_0, v0x61d6fb012990_0, C4<0>, C4<0>;
L_0x709717356330 .functor BUFT 1, C4<0>, C4<0>, C4<0>, C4<0>;
L_0x61d6fb059790 .functor AND 1, L_0x709717356330, L_0x61d6fb0596c0, C4<1>, C4<1>;
L_0x61d6fb0598d0 .functor AND 1, L_0x61d6fb059790, L_0x61d6fb059830, C4<1>, C4<1>;
L_0x61d6fb059a80 .functor AND 1, L_0x61d6fb0598d0, L_0x61d6fb0599e0, C4<1>, C4<1>;
L_0x709717356378 .functor BUFT 1, C4<0>, C4<0>, C4<0>, C4<0>;
L_0x61d6fb059bc0 .functor AND 1, L_0x709717356378, L_0x61d6fb05a760, C4<1>, C4<1>;
L_0x61d6fb059970 .functor AND 1, L_0x61d6fb059bc0, L_0x61d6fb059e00, C4<1>, C4<1>;
L_0x7097173563c0 .functor BUFT 1, C4<0>, C4<0>, C4<0>, C4<0>;
L_0x61d6fb05a040 .functor AND 1, L_0x7097173563c0, L_0x61d6fb059a80, C4<1>, C4<1>;
L_0x61d6fb05a190 .functor AND 1, L_0x61d6fb05a040, v0x61d6fb015a50_0, C4<1>, C4<1>;
L_0x61d6fb05a350 .functor AND 1, L_0x61d6fb05a190, L_0x61d6fb05a250, C4<1>, C4<1>;
L_0x61d6fb05a530 .functor AND 1, v0x61d6fb014290_0, L_0x61d6fb048860, C4<1>, C4<1>;
L_0x61d6fb05a5a0 .functor AND 1, L_0x61d6fb05a350, v0x61d6fb012990_0, C4<1>, C4<1>;
L_0x61d6fb05a760 .functor OR 1, L_0x61d6fb05a530, L_0x61d6fb05a5a0, C4<0>, C4<0>;
L_0x61d6fb05ab30 .functor AND 1, L_0x61d6fb05a760, L_0x61d6fb05aa40, C4<1>, C4<1>;
L_0x61d6fb05acb0 .functor OR 1, v0x61d6fb012990_0, v0x61d6fb0128d0_0, C4<0>, C4<0>;
L_0x61d6fb05ad20 .functor OR 1, L_0x61d6fb05acb0, v0x61d6fb012a50_0, C4<0>, C4<0>;
L_0x61d6fb05af00 .functor AND 1, L_0x61d6fb05ab30, L_0x61d6fb05ad20, C4<1>, C4<1>;
L_0x61d6fb05b100 .functor AND 1, L_0x61d6fb05b010, v0x61d6fb012990_0, C4<1>, C4<1>;
L_0x61d6fb05b2a0 .functor OR 1, L_0x61d6fb05af00, L_0x61d6fb05b100, C4<0>, C4<0>;
L_0x61d6fb05b3b0 .functor AND 1, o0x70971739f7c8, L_0x61d6fb05b2a0, C4<1>, C4<1>;
L_0x61d6fb05b8a0 .functor AND 1, L_0x61d6fb05b790, L_0x61d6fb05a760, C4<1>, C4<1>;
L_0x61d6fb05b9a0 .functor OR 1, L_0x61d6fb05b560, L_0x61d6fb05b8a0, C4<0>, C4<0>;
L_0x61d6fb05bb60 .functor AND 1, L_0x61d6fb05b3b0, L_0x61d6fb05b9a0, C4<1>, C4<1>;
L_0x61d6fb05bd10 .functor AND 1, o0x70971739f7c8, L_0x61d6fb05bc70, C4<1>, C4<1>;
L_0x61d6fb05bf20 .functor AND 1, L_0x61d6fb05bd10, v0x61d6fb012a50_0, C4<1>, C4<1>;
L_0x61d6fb05b830 .functor AND 1, L_0x61d6fb05bfe0, L_0x61d6fb05c100, C4<1>, C4<1>;
L_0x61d6fb05c3d0 .functor OR 1, v0x61d6fb012990_0, v0x61d6fb012810_0, C4<0>, C4<0>;
L_0x61d6fb05c440 .functor OR 1, L_0x61d6fb05c3d0, v0x61d6fb0128d0_0, C4<0>, C4<0>;
L_0x61d6fb05c2b0 .functor AND 1, L_0x61d6fb05b830, L_0x61d6fb05c440, C4<1>, C4<1>;
L_0x709717356408 .functor BUFT 1, C4<0>, C4<0>, C4<0>, C4<0>;
L_0x61d6fb05c630 .functor AND 1, L_0x709717356408, L_0x61d6fb05a760, C4<1>, C4<1>;
L_0x61d6fb05caf0 .functor AND 1, L_0x61d6fb05c630, L_0x61d6fb05c9b0, C4<1>, C4<1>;
L_0x61d6fb05cd90 .functor AND 1, L_0x61d6fb05caf0, L_0x61d6fb05cc00, C4<1>, C4<1>;
L_0x61d6fb05d280 .functor AND 1, L_0x61d6fb05cd90, L_0x61d6fb05d0e0, C4<1>, C4<1>;
L_0x61d6fb05d390 .functor OR 1, L_0x61d6fb05c2b0, L_0x61d6fb05d280, C4<0>, C4<0>;
L_0x61d6fb05d600 .functor AND 1, o0x70971739f7c8, L_0x61d6fb05d390, C4<1>, C4<1>;
L_0x61d6fb05d6c0 .functor OR 1, v0x61d6fb012810_0, v0x61d6fb012990_0, C4<0>, C4<0>;
L_0x709717356528 .functor BUFT 1, C4<0>, C4<0>, C4<0>, C4<0>;
L_0x61d6fb05db40 .functor OR 1, L_0x61d6fb05a760, L_0x709717356528, C4<0>, C4<0>;
L_0x709717356570 .functor BUFT 1, C4<0>, C4<0>, C4<0>, C4<0>;
L_0x61d6fb05e530 .functor AND 1, L_0x709717356570, L_0x61d6fb05a350, C4<1>, C4<1>;
L_0x709717356600 .functor BUFT 1, C4<0>, C4<0>, C4<0>, C4<0>;
L_0x61d6fb05e810 .functor AND 1, L_0x709717356600, v0x61d6fb013060_0, C4<1>, C4<1>;
L_0x709717356648 .functor BUFT 1, C4<0>, C4<0>, C4<0>, C4<0>;
L_0x61d6fb05ec00 .functor AND 1, L_0x709717356648, L_0x61d6fb059a80, C4<1>, C4<1>;
L_0x7097173566d8 .functor BUFT 1, C4<1>, C4<0>, C4<0>, C4<0>;
L_0x61d6fb0603b0 .functor AND 1, L_0x7097173566d8, L_0x61d6fb060150, C4<1>, C4<1>;
L_0x61d6fb0608e0 .functor AND 1, v0x61d6fb012360_0, v0x61d6fb011e00_0, C4<1>, C4<1>;
L_0x709717356720 .functor BUFT 1, C4<11111111111111111111111111111110>, C4<0>, C4<0>, C4<0>;
L_0x61d6fb060af0 .functor AND 32, v0x61d6fb0162f0_0, L_0x709717356720, C4<11111111111111111111111111111111>, C4<11111111111111111111111111111111>;
L_0x61d6fb060fd0 .functor AND 1, L_0x61d6fb060d50, v0x61d6fb00e460_0, C4<1>, C4<1>;
L_0x7097173567b0 .functor BUFT 1, C4<1>, C4<0>, C4<0>, C4<0>;
L_0x61d6fb061270 .functor OR 1, L_0x7097173567b0, v0x61d6fb010ea0_0, C4<0>, C4<0>;
L_0x61d6fb061360 .functor OR 1, L_0x61d6fb061270, v0x61d6fb010de0_0, C4<0>, C4<0>;
L_0x61d6fb061610 .functor NOT 32, v0x61d6fb010f60_0, C4<00000000000000000000000000000000>, C4<00000000000000000000000000000000>, C4<00000000000000000000000000000000>;
L_0x61d6fb0616e0 .functor AND 32, v0x61d6fb011040_0, L_0x61d6fb061610, C4<11111111111111111111111111111111>, C4<11111111111111111111111111111111>;
L_0x61d6fb061ac0 .functor OR 1, L_0x61d6fb061360, L_0x61d6fb0619d0, C4<0>, C4<0>;
L_0x61d6fb061bd0 .functor AND 1, L_0x61d6fb060fd0, L_0x61d6fb061ac0, C4<1>, C4<1>;
v0x61d6fb003eb0_0 .net *"_ivl_101", 0 0, L_0x61d6fb05c100;  1 drivers
v0x61d6fb005780_0 .net *"_ivl_103", 0 0, L_0x61d6fb05b830;  1 drivers
v0x61d6fb005840_0 .net *"_ivl_105", 0 0, L_0x61d6fb05c3d0;  1 drivers
v0x61d6fb005910_0 .net *"_ivl_107", 0 0, L_0x61d6fb05c440;  1 drivers
v0x61d6fb0059d0_0 .net *"_ivl_109", 0 0, L_0x61d6fb05c2b0;  1 drivers
v0x61d6fb005ae0_0 .net/2u *"_ivl_110", 0 0, L_0x709717356408;  1 drivers
v0x61d6fb005bc0_0 .net *"_ivl_113", 0 0, L_0x61d6fb05c630;  1 drivers
v0x61d6fb005c80_0 .net *"_ivl_115", 0 0, L_0x61d6fb05c830;  1 drivers
v0x61d6fb005d40_0 .net *"_ivl_116", 0 0, L_0x61d6fb05c9b0;  1 drivers
v0x61d6fb005e20_0 .net *"_ivl_119", 0 0, L_0x61d6fb05caf0;  1 drivers
v0x61d6fb005ee0_0 .net *"_ivl_121", 0 0, L_0x61d6fb05cc00;  1 drivers
v0x61d6fb005fa0_0 .net *"_ivl_123", 0 0, L_0x61d6fb05cd90;  1 drivers
v0x61d6fb006060_0 .net *"_ivl_125", 1 0, L_0x61d6fb05cff0;  1 drivers
v0x61d6fb006140_0 .net *"_ivl_127", 0 0, L_0x61d6fb05d0e0;  1 drivers
v0x61d6fb006200_0 .net *"_ivl_129", 0 0, L_0x61d6fb05d280;  1 drivers
v0x61d6fb0062c0_0 .net *"_ivl_131", 0 0, L_0x61d6fb05d390;  1 drivers
v0x61d6fb006380_0 .net *"_ivl_135", 0 0, L_0x61d6fb05d6c0;  1 drivers
v0x61d6fb006440_0 .net *"_ivl_137", 29 0, L_0x61d6fb05ccf0;  1 drivers
v0x61d6fb006520_0 .net *"_ivl_138", 29 0, L_0x61d6fb05d8a0;  1 drivers
L_0x709717356450 .functor BUFT 1, C4<00000000000000000000000000000>, C4<0>, C4<0>, C4<0>;
v0x61d6fb006600_0 .net *"_ivl_141", 28 0, L_0x709717356450;  1 drivers
v0x61d6fb0066e0_0 .net *"_ivl_142", 29 0, L_0x61d6fb05daa0;  1 drivers
L_0x709717356498 .functor BUFT 1, C4<00>, C4<0>, C4<0>, C4<0>;
v0x61d6fb0067c0_0 .net/2u *"_ivl_144", 1 0, L_0x709717356498;  1 drivers
v0x61d6fb0068a0_0 .net *"_ivl_146", 31 0, L_0x61d6fb05dc50;  1 drivers
v0x61d6fb006980_0 .net *"_ivl_149", 29 0, L_0x61d6fb05de60;  1 drivers
L_0x7097173564e0 .functor BUFT 1, C4<00>, C4<0>, C4<0>, C4<0>;
v0x61d6fb006a60_0 .net/2u *"_ivl_150", 1 0, L_0x7097173564e0;  1 drivers
v0x61d6fb006b40_0 .net *"_ivl_152", 31 0, L_0x61d6fb05df50;  1 drivers
v0x61d6fb006c20_0 .net/2u *"_ivl_156", 0 0, L_0x709717356528;  1 drivers
v0x61d6fb006d00_0 .net *"_ivl_159", 0 0, L_0x61d6fb05db40;  1 drivers
v0x61d6fb006dc0_0 .net/2u *"_ivl_162", 0 0, L_0x709717356570;  1 drivers
v0x61d6fb006ea0_0 .net *"_ivl_165", 0 0, L_0x61d6fb05e530;  1 drivers
L_0x7097173565b8 .functor BUFT 1, C4<xxxxxxxxxxxxxxxx>, C4<0>, C4<0>, C4<0>;
v0x61d6fb006f60_0 .net *"_ivl_166", 15 0, L_0x7097173565b8;  1 drivers
v0x61d6fb007040_0 .net *"_ivl_168", 31 0, L_0x61d6fb05e770;  1 drivers
v0x61d6fb007120_0 .net/2u *"_ivl_170", 0 0, L_0x709717356600;  1 drivers
v0x61d6fb007200_0 .net *"_ivl_173", 0 0, L_0x61d6fb05e810;  1 drivers
v0x61d6fb0072c0_0 .net *"_ivl_175", 15 0, L_0x61d6fb05e8d0;  1 drivers
v0x61d6fb0073a0_0 .net *"_ivl_176", 31 0, L_0x61d6fb05eac0;  1 drivers
v0x61d6fb007480_0 .net/2u *"_ivl_178", 0 0, L_0x709717356648;  1 drivers
v0x61d6fb007560_0 .net/2u *"_ivl_18", 0 0, L_0x709717356330;  1 drivers
v0x61d6fb007640_0 .net *"_ivl_181", 0 0, L_0x61d6fb05ec00;  1 drivers
L_0x709717356690 .functor BUFT 1, C4<xxxxxxxxxxxxxxxx>, C4<0>, C4<0>, C4<0>;
v0x61d6fb007700_0 .net *"_ivl_182", 15 0, L_0x709717356690;  1 drivers
v0x61d6fb0077e0_0 .net *"_ivl_185", 15 0, L_0x61d6fb05ee50;  1 drivers
v0x61d6fb0078c0_0 .net *"_ivl_186", 31 0, L_0x61d6fb05f000;  1 drivers
v0x61d6fb0079a0_0 .net *"_ivl_188", 31 0, L_0x61d6fb05f170;  1 drivers
v0x61d6fb007a80_0 .net *"_ivl_190", 31 0, L_0x61d6fb05f410;  1 drivers
v0x61d6fb007b60_0 .net/2u *"_ivl_194", 0 0, L_0x7097173566d8;  1 drivers
v0x61d6fb007c40_0 .net *"_ivl_196", 47 0, L_0x61d6fb05f770;  1 drivers
v0x61d6fb007d20_0 .net *"_ivl_199", 0 0, L_0x61d6fb060150;  1 drivers
v0x61d6fb007de0_0 .net *"_ivl_202", 3 0, L_0x61d6fb0604c0;  1 drivers
v0x61d6fb007ec0_0 .net *"_ivl_207", 0 0, L_0x61d6fb0608e0;  1 drivers
v0x61d6fb007f80_0 .net/2u *"_ivl_208", 31 0, L_0x709717356720;  1 drivers
v0x61d6fb008060_0 .net *"_ivl_21", 0 0, L_0x61d6fb0596c0;  1 drivers
v0x61d6fb008120_0 .net *"_ivl_210", 31 0, L_0x61d6fb060af0;  1 drivers
L_0x709717356768 .functor BUFT 1, C4<01000000>, C4<0>, C4<0>, C4<0>;
v0x61d6fb008200_0 .net/2u *"_ivl_214", 7 0, L_0x709717356768;  1 drivers
v0x61d6fb0082e0_0 .net *"_ivl_216", 0 0, L_0x61d6fb060d50;  1 drivers
v0x61d6fb0083a0_0 .net *"_ivl_219", 0 0, L_0x61d6fb060fd0;  1 drivers
v0x61d6fb008460_0 .net/2u *"_ivl_220", 0 0, L_0x7097173567b0;  1 drivers
v0x61d6fb008540_0 .net *"_ivl_223", 0 0, L_0x61d6fb061270;  1 drivers
v0x61d6fb008600_0 .net *"_ivl_225", 0 0, L_0x61d6fb061360;  1 drivers
v0x61d6fb0086c0_0 .net *"_ivl_226", 31 0, L_0x61d6fb061610;  1 drivers
v0x61d6fb0087a0_0 .net *"_ivl_228", 31 0, L_0x61d6fb0616e0;  1 drivers
v0x61d6fb008880_0 .net *"_ivl_23", 0 0, L_0x61d6fb059790;  1 drivers
v0x61d6fb008940_0 .net *"_ivl_231", 0 0, L_0x61d6fb0619d0;  1 drivers
v0x61d6fb008a00_0 .net *"_ivl_233", 0 0, L_0x61d6fb061ac0;  1 drivers
v0x61d6fb008ac0_0 .net *"_ivl_25", 0 0, L_0x61d6fb059830;  1 drivers
v0x61d6fb008ba0_0 .net *"_ivl_27", 0 0, L_0x61d6fb0598d0;  1 drivers
v0x61d6fb009070_0 .net *"_ivl_29", 0 0, L_0x61d6fb0599e0;  1 drivers
v0x61d6fb009130_0 .net/2u *"_ivl_32", 0 0, L_0x709717356378;  1 drivers
v0x61d6fb009210_0 .net *"_ivl_35", 0 0, L_0x61d6fb059bc0;  1 drivers
v0x61d6fb0092d0_0 .net *"_ivl_37", 0 0, L_0x61d6fb059d00;  1 drivers
v0x61d6fb009390_0 .net *"_ivl_38", 0 0, L_0x61d6fb059e00;  1 drivers
v0x61d6fb009470_0 .net/2u *"_ivl_42", 0 0, L_0x7097173563c0;  1 drivers
v0x61d6fb009550_0 .net *"_ivl_45", 0 0, L_0x61d6fb05a040;  1 drivers
v0x61d6fb009610_0 .net *"_ivl_47", 0 0, L_0x61d6fb05a190;  1 drivers
v0x61d6fb0096d0_0 .net *"_ivl_49", 0 0, L_0x61d6fb05a250;  1 drivers
v0x61d6fb009790_0 .net *"_ivl_53", 0 0, L_0x61d6fb05a530;  1 drivers
v0x61d6fb009850_0 .net *"_ivl_55", 0 0, L_0x61d6fb05a5a0;  1 drivers
v0x61d6fb009910_0 .net *"_ivl_58", 3 0, L_0x61d6fb05a490;  1 drivers
v0x61d6fb0099f0_0 .net *"_ivl_63", 0 0, L_0x61d6fb05aa40;  1 drivers
v0x61d6fb009ab0_0 .net *"_ivl_65", 0 0, L_0x61d6fb05ab30;  1 drivers
v0x61d6fb009b70_0 .net *"_ivl_67", 0 0, L_0x61d6fb05acb0;  1 drivers
v0x61d6fb009c30_0 .net *"_ivl_69", 0 0, L_0x61d6fb05ad20;  1 drivers
v0x61d6fb009cf0_0 .net *"_ivl_71", 0 0, L_0x61d6fb05af00;  1 drivers
v0x61d6fb009db0_0 .net *"_ivl_73", 0 0, L_0x61d6fb05b010;  1 drivers
v0x61d6fb009e70_0 .net *"_ivl_75", 0 0, L_0x61d6fb05b100;  1 drivers
v0x61d6fb009f30_0 .net *"_ivl_77", 0 0, L_0x61d6fb05b2a0;  1 drivers
v0x61d6fb009ff0_0 .net *"_ivl_79", 0 0, L_0x61d6fb05b3b0;  1 drivers
v0x61d6fb00a0b0_0 .net *"_ivl_81", 0 0, L_0x61d6fb05b560;  1 drivers
v0x61d6fb00a170_0 .net *"_ivl_83", 1 0, L_0x61d6fb05b6f0;  1 drivers
v0x61d6fb00a250_0 .net *"_ivl_85", 0 0, L_0x61d6fb05b790;  1 drivers
v0x61d6fb00a310_0 .net *"_ivl_87", 0 0, L_0x61d6fb05b8a0;  1 drivers
v0x61d6fb00a3d0_0 .net *"_ivl_89", 0 0, L_0x61d6fb05b9a0;  1 drivers
v0x61d6fb00a490_0 .net *"_ivl_93", 0 0, L_0x61d6fb05bc70;  1 drivers
v0x61d6fb00a550_0 .net *"_ivl_95", 0 0, L_0x61d6fb05bd10;  1 drivers
v0x61d6fb00a610_0 .net *"_ivl_99", 0 0, L_0x61d6fb05bfe0;  1 drivers
v0x61d6fb00a6d0_0 .var "alu_add_sub", 31 0;
v0x61d6fb00a7b0_0 .var "alu_eq", 0 0;
v0x61d6fb00a870_0 .var "alu_lts", 0 0;
v0x61d6fb00a930_0 .var "alu_ltu", 0 0;
v0x61d6fb00a9f0_0 .var "alu_out", 31 0;
v0x61d6fb00aad0_0 .var "alu_out_0", 0 0;
v0x61d6fb00ab90_0 .var "alu_out_0_q", 0 0;
v0x61d6fb00ac50_0 .var "alu_out_q", 31 0;
v0x61d6fb00ad30_0 .var "alu_shl", 31 0;
v0x61d6fb00ae10_0 .var "alu_shr", 31 0;
v0x61d6fb00aef0_0 .var "alu_wait", 0 0;
v0x61d6fb00afb0_0 .var "alu_wait_2", 0 0;
v0x61d6fb00b070_0 .var "cached_ascii_instr", 63 0;
v0x61d6fb00b150_0 .var "cached_insn_imm", 31 0;
v0x61d6fb00b230_0 .var "cached_insn_opcode", 31 0;
v0x61d6fb00b310_0 .var "cached_insn_rd", 4 0;
v0x61d6fb00b3f0_0 .var "cached_insn_rs1", 4 0;
v0x61d6fb00b4d0_0 .var "cached_insn_rs2", 4 0;
v0x61d6fb00b5b0_0 .var "clear_prefetched_high_word", 0 0;
v0x61d6fb00b670_0 .var "clear_prefetched_high_word_q", 0 0;
v0x61d6fb00b730_0 .net "clk", 0 0, o0x70971739f318;  alias, 0 drivers
v0x61d6fb00b7d0_0 .var "compressed_instr", 0 0;
v0x61d6fb00b870_0 .var "count_cycle", 63 0;
v0x61d6fb00b950_0 .var "count_instr", 63 0;
v0x61d6fb00ba30_0 .var "cpu_state", 7 0;
v0x61d6fb00bb10 .array "cpuregs", 31 0, 31 0;
v0x61d6fb00bfd0_0 .var "cpuregs_rs1", 31 0;
v0x61d6fb00c0b0_0 .var "cpuregs_rs2", 31 0;
v0x61d6fb00c190_0 .var "cpuregs_wrdata", 31 0;
v0x61d6fb00c270_0 .var "cpuregs_write", 0 0;
v0x61d6fb00c330_0 .var "current_pc", 31 0;
v0x61d6fb00c410_0 .var "dbg_ascii_instr", 63 0;
v0x61d6fb00c4f0_0 .var "dbg_ascii_state", 127 0;
v0x61d6fb00c5d0_0 .var "dbg_insn_addr", 31 0;
v0x61d6fb00c6b0_0 .var "dbg_insn_imm", 31 0;
v0x61d6fb00cfa0_0 .var "dbg_insn_opcode", 31 0;
v0x61d6fb00d080_0 .var "dbg_insn_rd", 4 0;
v0x61d6fb00d160_0 .var "dbg_insn_rs1", 4 0;
v0x61d6fb00d240_0 .var "dbg_insn_rs2", 4 0;
v0x61d6fb00d320_0 .net "dbg_mem_addr", 31 0, L_0x61d6fb059270;  1 drivers
v0x61d6fb00d400_0 .net "dbg_mem_instr", 0 0, L_0x61d6fb059100;  1 drivers
v0x61d6fb00d4c0_0 .net "dbg_mem_rdata", 31 0, L_0x61d6fb059490;  1 drivers
v0x61d6fb00d5a0_0 .net "dbg_mem_ready", 0 0, L_0x61d6fb059170;  1 drivers
v0x61d6fb00d660_0 .net "dbg_mem_valid", 0 0, L_0x61d6fb048b20;  1 drivers
v0x61d6fb00d720_0 .net "dbg_mem_wdata", 31 0, L_0x61d6fb0592e0;  1 drivers
v0x61d6fb00d800_0 .net "dbg_mem_wstrb", 3 0, L_0x61d6fb0593e0;  1 drivers
v0x61d6fb00d8e0_0 .var "dbg_next", 0 0;
v0x61d6fb00d9a0_0 .var "dbg_rs1val", 31 0;
v0x61d6fb00da80_0 .var "dbg_rs1val_valid", 0 0;
v0x61d6fb00db40_0 .var "dbg_rs2val", 31 0;
v0x61d6fb00dc20_0 .var "dbg_rs2val_valid", 0 0;
v0x61d6fb00dce0_0 .var "dbg_valid_insn", 0 0;
v0x61d6fb00dda0_0 .var "decoded_imm", 31 0;
v0x61d6fb00de80_0 .var "decoded_imm_j", 31 0;
v0x61d6fb00df60_0 .var "decoded_rd", 4 0;
v0x61d6fb00e040_0 .var "decoded_rs", 4 0;
v0x61d6fb00e120_0 .var "decoded_rs1", 4 0;
v0x61d6fb00e200_0 .var "decoded_rs2", 4 0;
v0x61d6fb00e2e0_0 .var "decoder_pseudo_trigger", 0 0;
v0x61d6fb00e3a0_0 .var "decoder_pseudo_trigger_q", 0 0;
v0x61d6fb00e460_0 .var "decoder_trigger", 0 0;
v0x61d6fb00e520_0 .var "decoder_trigger_q", 0 0;
v0x61d6fb00e5e0_0 .var "do_waitirq", 0 0;
v0x61d6fb00e6a0_0 .var "eoi", 31 0;
v0x61d6fb00e780_0 .var "instr_add", 0 0;
v0x61d6fb00e840_0 .var "instr_addi", 0 0;
v0x61d6fb00e900_0 .var "instr_and", 0 0;
v0x61d6fb00e9c0_0 .var "instr_andi", 0 0;
v0x61d6fb00ea80_0 .var "instr_auipc", 0 0;
v0x61d6fb00eb40_0 .var "instr_beq", 0 0;
v0x61d6fb00ec00_0 .var "instr_bge", 0 0;
v0x61d6fb00ecc0_0 .var "instr_bgeu", 0 0;
v0x61d6fb00ed80_0 .var "instr_blt", 0 0;
v0x61d6fb00ee40_0 .var "instr_bltu", 0 0;
v0x61d6fb00ef00_0 .var "instr_bne", 0 0;
v0x61d6fb00efc0_0 .var "instr_ecall_ebreak", 0 0;
v0x61d6fb00f080_0 .var "instr_fence", 0 0;
v0x61d6fb00f140_0 .var "instr_getq", 0 0;
v0x61d6fb00f200_0 .var "instr_jal", 0 0;
v0x61d6fb00f2c0_0 .var "instr_jalr", 0 0;
v0x61d6fb00f380_0 .var "instr_lb", 0 0;
v0x61d6fb00f440_0 .var "instr_lbu", 0 0;
v0x61d6fb00f500_0 .var "instr_lh", 0 0;
v0x61d6fb00f5c0_0 .var "instr_lhu", 0 0;
v0x61d6fb00f680_0 .var "instr_lui", 0 0;
v0x61d6fb00f740_0 .var "instr_lw", 0 0;
v0x61d6fb00f800_0 .var "instr_maskirq", 0 0;
v0x61d6fb00f8c0_0 .var "instr_or", 0 0;
v0x61d6fb00f980_0 .var "instr_ori", 0 0;
v0x61d6fb00fa40_0 .var "instr_rdcycle", 0 0;
v0x61d6fb00fb00_0 .var "instr_rdcycleh", 0 0;
v0x61d6fb00fbc0_0 .var "instr_rdinstr", 0 0;
v0x61d6fb00fc80_0 .var "instr_rdinstrh", 0 0;
v0x61d6fb00fd40_0 .var "instr_retirq", 0 0;
v0x61d6fb00fe00_0 .var "instr_sb", 0 0;
v0x61d6fb00fec0_0 .var "instr_setq", 0 0;
v0x61d6fb00ff80_0 .var "instr_sh", 0 0;
v0x61d6fb010040_0 .var "instr_sll", 0 0;
v0x61d6fb010100_0 .var "instr_slli", 0 0;
v0x61d6fb0101c0_0 .var "instr_slt", 0 0;
v0x61d6fb010280_0 .var "instr_slti", 0 0;
v0x61d6fb010340_0 .var "instr_sltiu", 0 0;
v0x61d6fb010400_0 .var "instr_sltu", 0 0;
v0x61d6fb0104c0_0 .var "instr_sra", 0 0;
v0x61d6fb010580_0 .var "instr_srai", 0 0;
v0x61d6fb010640_0 .var "instr_srl", 0 0;
v0x61d6fb010700_0 .var "instr_srli", 0 0;
v0x61d6fb0107c0_0 .var "instr_sub", 0 0;
v0x61d6fb010880_0 .var "instr_sw", 0 0;
v0x61d6fb010940_0 .var "instr_timer", 0 0;
v0x61d6fb010a00_0 .net "instr_trap", 0 0, L_0x61d6fb0603b0;  1 drivers
v0x61d6fb010ac0_0 .var "instr_waitirq", 0 0;
v0x61d6fb010b80_0 .var "instr_xor", 0 0;
v0x61d6fb010c40_0 .var "instr_xori", 0 0;
v0x61d6fb010d00_0 .net "irq", 31 0, o0x7097173a29a8;  alias, 0 drivers
v0x61d6fb010de0_0 .var "irq_active", 0 0;
v0x61d6fb010ea0_0 .var "irq_delay", 0 0;
v0x61d6fb010f60_0 .var "irq_mask", 31 0;
v0x61d6fb011040_0 .var "irq_pending", 31 0;
v0x61d6fb011120_0 .var "irq_state", 1 0;
v0x61d6fb011200_0 .var "is_alu_reg_imm", 0 0;
v0x61d6fb0112c0_0 .var "is_alu_reg_reg", 0 0;
v0x61d6fb011380_0 .var "is_beq_bne_blt_bge_bltu_bgeu", 0 0;
v0x61d6fb011440_0 .var "is_compare", 0 0;
v0x61d6fb011500_0 .var "is_jalr_addi_slti_sltiu_xori_ori_andi", 0 0;
v0x61d6fb0115c0_0 .var "is_lb_lh_lw_lbu_lhu", 0 0;
v0x61d6fb011680_0 .var "is_lbu_lhu_lw", 0 0;
v0x61d6fb011740_0 .var "is_lui_auipc_jal", 0 0;
v0x61d6fb011800_0 .var "is_lui_auipc_jal_jalr_addi_add_sub", 0 0;
v0x61d6fb0118c0_0 .net "is_rdcycle_rdcycleh_rdinstr_rdinstrh", 0 0, L_0x61d6fb0606a0;  1 drivers
v0x61d6fb011980_0 .var "is_sb_sh_sw", 0 0;
v0x61d6fb011a40_0 .var "is_sll_srl_sra", 0 0;
v0x61d6fb011b00_0 .var "is_slli_srli_srai", 0 0;
v0x61d6fb011bc0_0 .var "is_slti_blt_slt", 0 0;
v0x61d6fb011c80_0 .var "is_sltiu_bltu_sltu", 0 0;
v0x61d6fb011d40_0 .var "last_mem_valid", 0 0;
v0x61d6fb011e00_0 .var "latched_branch", 0 0;
v0x61d6fb011ec0_0 .var "latched_compr", 0 0;
v0x61d6fb011f80_0 .var "latched_is_lb", 0 0;
v0x61d6fb012040_0 .var "latched_is_lh", 0 0;
v0x61d6fb012100_0 .var "latched_is_lu", 0 0;
v0x61d6fb0121c0_0 .var "latched_rd", 4 0;
v0x61d6fb0122a0_0 .var "latched_stalu", 0 0;
v0x61d6fb012360_0 .var "latched_store", 0 0;
v0x61d6fb012420_0 .var "latched_trace", 0 0;
v0x61d6fb0124e0_0 .net "launch_next_insn", 0 0, L_0x61d6fb061bd0;  1 drivers
v0x61d6fb0125a0_0 .var "mem_16bit_buffer", 15 0;
v0x61d6fb012680_0 .var "mem_addr", 31 0;
v0x61d6fb012770_0 .net "mem_busy", 0 0, L_0x61d6fb05a950;  1 drivers
v0x61d6fb012810_0 .var "mem_do_prefetch", 0 0;
v0x61d6fb0128d0_0 .var "mem_do_rdata", 0 0;
v0x61d6fb012990_0 .var "mem_do_rinst", 0 0;
v0x61d6fb012a50_0 .var "mem_do_wdata", 0 0;
v0x61d6fb012b10_0 .net "mem_done", 0 0, L_0x61d6fb05bb60;  1 drivers
v0x61d6fb012bd0_0 .var "mem_instr", 0 0;
v0x61d6fb012ca0_0 .net "mem_la_addr", 31 0, L_0x61d6fb05e170;  1 drivers
v0x61d6fb012d60_0 .net "mem_la_firstword", 0 0, L_0x61d6fb059a80;  1 drivers
v0x61d6fb012e20_0 .var "mem_la_firstword_reg", 0 0;
v0x61d6fb012ee0_0 .net "mem_la_firstword_xfer", 0 0, L_0x61d6fb059970;  1 drivers
v0x61d6fb012fa0_0 .net "mem_la_read", 0 0, L_0x61d6fb05d600;  1 drivers
v0x61d6fb013060_0 .var "mem_la_secondword", 0 0;
v0x61d6fb013120_0 .net "mem_la_use_prefetched_high_word", 0 0, L_0x61d6fb05a350;  1 drivers
v0x61d6fb0131e0_0 .var "mem_la_wdata", 31 0;
v0x61d6fb00c790_0 .net "mem_la_write", 0 0, L_0x61d6fb05bf20;  1 drivers
v0x61d6fb00c850_0 .var "mem_la_wstrb", 3 0;
v0x61d6fb00c930_0 .net "mem_rdata", 31 0, L_0x61d6fb048e50;  alias, 1 drivers
v0x61d6fb00ca20_0 .net "mem_rdata_latched", 31 0, L_0x61d6fb05f5a0;  1 drivers
v0x61d6fb00cae0_0 .net "mem_rdata_latched_noshuffle", 31 0, L_0x61d6fb05e350;  1 drivers
v0x61d6fb00cbc0_0 .var "mem_rdata_q", 31 0;
v0x61d6fb00cca0_0 .var "mem_rdata_word", 31 0;
v0x61d6fb00cd80_0 .net "mem_ready", 0 0, L_0x61d6fb048860;  alias, 1 drivers
v0x61d6fb00ce50_0 .var "mem_state", 1 0;
v0x61d6fb014290_0 .var "mem_valid", 0 0;
v0x61d6fb014330_0 .var "mem_wdata", 31 0;
v0x61d6fb014400_0 .var "mem_wordsize", 1 0;
v0x61d6fb0144a0_0 .var "mem_wstrb", 3 0;
v0x61d6fb014590_0 .net "mem_xfer", 0 0, L_0x61d6fb05a760;  1 drivers
v0x61d6fb014630_0 .var "new_ascii_instr", 63 0;
v0x61d6fb014710_0 .var "next_insn_opcode", 31 0;
v0x61d6fb0147f0_0 .var "next_irq_pending", 31 0;
v0x61d6fb0148d0_0 .net "next_pc", 31 0, L_0x61d6fb060c10;  1 drivers
L_0x709717356258 .functor BUFT 1, C4<xxxxxxxxxxxxxxxxxxxxxxxxxxxxxxxx>, C4<0>, C4<0>, C4<0>;
v0x61d6fb0149b0_0 .net "pcpi_div_rd", 31 0, L_0x709717356258;  1 drivers
L_0x7097173562e8 .functor BUFT 1, C4<0>, C4<0>, C4<0>, C4<0>;
v0x61d6fb014a90_0 .net "pcpi_div_ready", 0 0, L_0x7097173562e8;  1 drivers
L_0x7097173562a0 .functor BUFT 1, C4<0>, C4<0>, C4<0>, C4<0>;
v0x61d6fb014b50_0 .net "pcpi_div_wait", 0 0, L_0x7097173562a0;  1 drivers
L_0x709717356210 .functor BUFT 1, C4<0>, C4<0>, C4<0>, C4<0>;
v0x61d6fb014c10_0 .net "pcpi_div_wr", 0 0, L_0x709717356210;  1 drivers
v0x61d6fb014cd0_0 .var "pcpi_insn", 31 0;
v0x61d6fb014db0_0 .var "pcpi_int_rd", 31 0;
v0x61d6fb014e90_0 .var "pcpi_int_ready", 0 0;
v0x61d6fb014f50_0 .var "pcpi_int_wait", 0 0;
v0x61d6fb015010_0 .var "pcpi_int_wr", 0 0;
L_0x709717356138 .functor BUFT 1, C4<xxxxxxxxxxxxxxxxxxxxxxxxxxxxxxxx>, C4<0>, C4<0>, C4<0>;
v0x61d6fb0150d0_0 .net "pcpi_mul_rd", 31 0, L_0x709717356138;  1 drivers
L_0x7097173561c8 .functor BUFT 1, C4<0>, C4<0>, C4<0>, C4<0>;
v0x61d6fb0151b0_0 .net "pcpi_mul_ready", 0 0, L_0x7097173561c8;  1 drivers
L_0x709717356180 .functor BUFT 1, C4<0>, C4<0>, C4<0>, C4<0>;
v0x61d6fb015270_0 .net "pcpi_mul_wait", 0 0, L_0x709717356180;  1 drivers
L_0x7097173560f0 .functor BUFT 1, C4<0>, C4<0>, C4<0>, C4<0>;
v0x61d6fb015330_0 .net "pcpi_mul_wr", 0 0, L_0x7097173560f0;  1 drivers
v0x61d6fb0153f0_0 .net "pcpi_rd", 31 0, o0x7097173a3758;  alias, 0 drivers
v0x61d6fb0154d0_0 .net "pcpi_ready", 0 0, o0x7097173a3788;  alias, 0 drivers
v0x61d6fb015590_0 .net "pcpi_rs1", 31 0, L_0x61d6fb059590;  alias, 1 drivers
v0x61d6fb015670_0 .net "pcpi_rs2", 31 0, L_0x61d6fb059650;  alias, 1 drivers
v0x61d6fb015750_0 .var "pcpi_timeout", 0 0;
v0x61d6fb015810_0 .var "pcpi_valid", 0 0;
v0x61d6fb0158d0_0 .net "pcpi_wait", 0 0, o0x7097173a3878;  alias, 0 drivers
v0x61d6fb015990_0 .net "pcpi_wr", 0 0, o0x7097173a38a8;  alias, 0 drivers
v0x61d6fb015a50_0 .var "prefetched_high_word", 0 0;
v0x61d6fb015b10_0 .var "q_ascii_instr", 63 0;
v0x61d6fb015bf0_0 .var "q_insn_imm", 31 0;
v0x61d6fb015cd0_0 .var "q_insn_opcode", 31 0;
v0x61d6fb015db0_0 .var "q_insn_rd", 4 0;
v0x61d6fb015e90_0 .var "q_insn_rs1", 4 0;
v0x61d6fb015f70_0 .var "q_insn_rs2", 4 0;
v0x61d6fb016050_0 .var "reg_next_pc", 31 0;
v0x61d6fb016130_0 .var "reg_op1", 31 0;
v0x61d6fb016210_0 .var "reg_op2", 31 0;
v0x61d6fb0162f0_0 .var "reg_out", 31 0;
v0x61d6fb0163d0_0 .var "reg_pc", 31 0;
v0x61d6fb0164b0_0 .var "reg_sh", 4 0;
v0x61d6fb016590_0 .net "resetn", 0 0, o0x70971739f7c8;  alias, 0 drivers
v0x61d6fb016660_0 .var "set_mem_do_rdata", 0 0;
v0x61d6fb016700_0 .var "set_mem_do_rinst", 0 0;
v0x61d6fb0167c0_0 .var "set_mem_do_wdata", 0 0;
v0x61d6fb016880_0 .var "timer", 31 0;
v0x61d6fb016960_0 .var "trace_data", 35 0;
v0x61d6fb016a40_0 .var "trace_valid", 0 0;
v0x61d6fb016b00_0 .var "trap", 0 0;
v0x61d6fb00bb10_0 .array/port v0x61d6fb00bb10, 0;
v0x61d6fb00bb10_1 .array/port v0x61d6fb00bb10, 1;
v0x61d6fb00bb10_2 .array/port v0x61d6fb00bb10, 2;
E_0x61d6fac591f0/0 .event edge, v0x61d6fb00e120_0, v0x61d6fb00bb10_0, v0x61d6fb00bb10_1, v0x61d6fb00bb10_2;
v0x61d6fb00bb10_3 .array/port v0x61d6fb00bb10, 3;
v0x61d6fb00bb10_4 .array/port v0x61d6fb00bb10, 4;
v0x61d6fb00bb10_5 .array/port v0x61d6fb00bb10, 5;
v0x61d6fb00bb10_6 .array/port v0x61d6fb00bb10, 6;
E_0x61d6fac591f0/1 .event edge, v0x61d6fb00bb10_3, v0x61d6fb00bb10_4, v0x61d6fb00bb10_5, v0x61d6fb00bb10_6;
v0x61d6fb00bb10_7 .array/port v0x61d6fb00bb10, 7;
v0x61d6fb00bb10_8 .array/port v0x61d6fb00bb10, 8;
v0x61d6fb00bb10_9 .array/port v0x61d6fb00bb10, 9;
v0x61d6fb00bb10_10 .array/port v0x61d6fb00bb10, 10;
E_0x61d6fac591f0/2 .event edge, v0x61d6fb00bb10_7, v0x61d6fb00bb10_8, v0x61d6fb00bb10_9, v0x61d6fb00bb10_10;
v0x61d6fb00bb10_11 .array/port v0x61d6fb00bb10, 11;
v0x61d6fb00bb10_12 .array/port v0x61d6fb00bb10, 12;
v0x61d6fb00bb10_13 .array/port v0x61d6fb00bb10, 13;
v0x61d6fb00bb10_14 .array/port v0x61d6fb00bb10, 14;
E_0x61d6fac591f0/3 .event edge, v0x61d6fb00bb10_11, v0x61d6fb00bb10_12, v0x61d6fb00bb10_13, v0x61d6fb00bb10_14;
v0x61d6fb00bb10_15 .array/port v0x61d6fb00bb10, 15;
v0x61d6fb00bb10_16 .array/port v0x61d6fb00bb10, 16;
v0x61d6fb00bb10_17 .array/port v0x61d6fb00bb10, 17;
v0x61d6fb00bb10_18 .array/port v0x61d6fb00bb10, 18;
E_0x61d6fac591f0/4 .event edge, v0x61d6fb00bb10_15, v0x61d6fb00bb10_16, v0x61d6fb00bb10_17, v0x61d6fb00bb10_18;
v0x61d6fb00bb10_19 .array/port v0x61d6fb00bb10, 19;
v0x61d6fb00bb10_20 .array/port v0x61d6fb00bb10, 20;
v0x61d6fb00bb10_21 .array/port v0x61d6fb00bb10, 21;
v0x61d6fb00bb10_22 .array/port v0x61d6fb00bb10, 22;
E_0x61d6fac591f0/5 .event edge, v0x61d6fb00bb10_19, v0x61d6fb00bb10_20, v0x61d6fb00bb10_21, v0x61d6fb00bb10_22;
v0x61d6fb00bb10_23 .array/port v0x61d6fb00bb10, 23;
v0x61d6fb00bb10_24 .array/port v0x61d6fb00bb10, 24;
v0x61d6fb00bb10_25 .array/port v0x61d6fb00bb10, 25;
v0x61d6fb00bb10_26 .array/port v0x61d6fb00bb10, 26;
E_0x61d6fac591f0/6 .event edge, v0x61d6fb00bb10_23, v0x61d6fb00bb10_24, v0x61d6fb00bb10_25, v0x61d6fb00bb10_26;
v0x61d6fb00bb10_27 .array/port v0x61d6fb00bb10, 27;
v0x61d6fb00bb10_28 .array/port v0x61d6fb00bb10, 28;
v0x61d6fb00bb10_29 .array/port v0x61d6fb00bb10, 29;
v0x61d6fb00bb10_30 .array/port v0x61d6fb00bb10, 30;
E_0x61d6fac591f0/7 .event edge, v0x61d6fb00bb10_27, v0x61d6fb00bb10_28, v0x61d6fb00bb10_29, v0x61d6fb00bb10_30;
v0x61d6fb00bb10_31 .array/port v0x61d6fb00bb10, 31;
E_0x61d6fac591f0/8 .event edge, v0x61d6fb00bb10_31, v0x61d6fb00e200_0;
E_0x61d6fac591f0 .event/or E_0x61d6fac591f0/0, E_0x61d6fac591f0/1, E_0x61d6fac591f0/2, E_0x61d6fac591f0/3, E_0x61d6fac591f0/4, E_0x61d6fac591f0/5, E_0x61d6fac591f0/6, E_0x61d6fac591f0/7, E_0x61d6fac591f0/8;
E_0x61d6fac594b0/0 .event edge, v0x61d6fb00ba30_0, v0x61d6fb0163d0_0, v0x61d6fb011ec0_0, v0x61d6fb011e00_0;
E_0x61d6fac594b0/1 .event edge, v0x61d6fb0122a0_0, v0x61d6fb00ac50_0, v0x61d6fb0162f0_0, v0x61d6fb012360_0;
E_0x61d6fac594b0/2 .event edge, v0x61d6fb016050_0, v0x61d6fb011120_0, v0x61d6fb011040_0, v0x61d6fb010f60_0;
E_0x61d6fac594b0 .event/or E_0x61d6fac594b0/0, E_0x61d6fac594b0/1, E_0x61d6fac594b0/2;
E_0x61d6fac58900/0 .event edge, v0x61d6fb00b670_0, v0x61d6fb015a50_0, v0x61d6fb011e00_0, v0x61d6fb011120_0;
E_0x61d6fac58900/1 .event edge, v0x61d6fb002470_0;
E_0x61d6fac58900 .event/or E_0x61d6fac58900/0, E_0x61d6fac58900/1;
E_0x61d6fac3cd10/0 .event edge, v0x61d6fb00a7b0_0, v0x61d6fb00eb40_0, v0x61d6fb00ef00_0, v0x61d6fb00a870_0;
E_0x61d6fac3cd10/1 .event edge, v0x61d6fb00ec00_0, v0x61d6fb00a930_0, v0x61d6fb00ecc0_0, v0x61d6fb011bc0_0;
E_0x61d6fac3cd10/2 .event edge, v0x61d6fb011c80_0, v0x61d6fb00a6d0_0, v0x61d6fb011800_0, v0x61d6fb00aad0_0;
E_0x61d6fac3cd10/3 .event edge, v0x61d6fb011440_0, v0x61d6fb016130_0, v0x61d6fb016210_0, v0x61d6fb010c40_0;
E_0x61d6fac3cd10/4 .event edge, v0x61d6fb010b80_0, v0x61d6fb00f980_0, v0x61d6fb00f8c0_0, v0x61d6fb00e9c0_0;
E_0x61d6fac3cd10/5 .event edge, v0x61d6fb00e900_0, v0x61d6fb00ad30_0, v0x61d6fb010040_0, v0x61d6fb010100_0;
E_0x61d6fac3cd10/6 .event edge, v0x61d6fb00ae10_0, v0x61d6fb010640_0, v0x61d6fb010700_0, v0x61d6fb0104c0_0;
E_0x61d6fac3cd10/7 .event edge, v0x61d6fb010580_0;
E_0x61d6fac3cd10 .event/or E_0x61d6fac3cd10/0, E_0x61d6fac3cd10/1, E_0x61d6fac3cd10/2, E_0x61d6fac3cd10/3, E_0x61d6fac3cd10/4, E_0x61d6fac3cd10/5, E_0x61d6fac3cd10/6, E_0x61d6fac3cd10/7;
E_0x61d6fafff480 .event edge, v0x61d6fb00ba30_0;
E_0x61d6fb004e50/0 .event edge, v0x61d6fb015b10_0, v0x61d6fb015bf0_0, v0x61d6fb015cd0_0, v0x61d6fb015e90_0;
E_0x61d6fb004e50/1 .event edge, v0x61d6fb015f70_0, v0x61d6fb015db0_0, v0x61d6fb00d8e0_0, v0x61d6fb00e3a0_0;
E_0x61d6fb004e50/2 .event edge, v0x61d6fb00b070_0, v0x61d6fb00b150_0, v0x61d6fb00b230_0, v0x61d6fb00b3f0_0;
E_0x61d6fb004e50/3 .event edge, v0x61d6fb00b4d0_0, v0x61d6fb00b310_0, v0x61d6fb014630_0, v0x61d6fb014710_0;
E_0x61d6fb004e50/4 .event edge, v0x61d6fb00dda0_0, v0x61d6fb00e120_0, v0x61d6fb00e200_0, v0x61d6fb00df60_0;
E_0x61d6fb004e50 .event/or E_0x61d6fb004e50/0, E_0x61d6fb004e50/1, E_0x61d6fb004e50/2, E_0x61d6fb004e50/3, E_0x61d6fb004e50/4;
E_0x61d6fb004f80/0 .event edge, v0x61d6fb00f680_0, v0x61d6fb00ea80_0, v0x61d6fb00f200_0, v0x61d6fb00f2c0_0;
E_0x61d6fb004f80/1 .event edge, v0x61d6fb00eb40_0, v0x61d6fb00ef00_0, v0x61d6fb00ed80_0, v0x61d6fb00ec00_0;
E_0x61d6fb004f80/2 .event edge, v0x61d6fb00ee40_0, v0x61d6fb00ecc0_0, v0x61d6fb00f380_0, v0x61d6fb00f500_0;
E_0x61d6fb004f80/3 .event edge, v0x61d6fb00f740_0, v0x61d6fb00f440_0, v0x61d6fb00f5c0_0, v0x61d6fb00fe00_0;
E_0x61d6fb004f80/4 .event edge, v0x61d6fb00ff80_0, v0x61d6fb010880_0, v0x61d6fb00e840_0, v0x61d6fb010280_0;
E_0x61d6fb004f80/5 .event edge, v0x61d6fb010340_0, v0x61d6fb010c40_0, v0x61d6fb00f980_0, v0x61d6fb00e9c0_0;
E_0x61d6fb004f80/6 .event edge, v0x61d6fb010100_0, v0x61d6fb010700_0, v0x61d6fb010580_0, v0x61d6fb00e780_0;
E_0x61d6fb004f80/7 .event edge, v0x61d6fb0107c0_0, v0x61d6fb010040_0, v0x61d6fb0101c0_0, v0x61d6fb010400_0;
E_0x61d6fb004f80/8 .event edge, v0x61d6fb010b80_0, v0x61d6fb010640_0, v0x61d6fb0104c0_0, v0x61d6fb00f8c0_0;
E_0x61d6fb004f80/9 .event edge, v0x61d6fb00e900_0, v0x61d6fb00fa40_0, v0x61d6fb00fb00_0, v0x61d6fb00fbc0_0;
E_0x61d6fb004f80/10 .event edge, v0x61d6fb00fc80_0, v0x61d6fb00f080_0, v0x61d6fb00f140_0, v0x61d6fb00fec0_0;
E_0x61d6fb004f80/11 .event edge, v0x61d6fb00fd40_0, v0x61d6fb00f800_0, v0x61d6fb010ac0_0, v0x61d6fb010940_0;
E_0x61d6fb004f80 .event/or E_0x61d6fb004f80/0, E_0x61d6fb004f80/1, E_0x61d6fb004f80/2, E_0x61d6fb004f80/3, E_0x61d6fb004f80/4, E_0x61d6fb004f80/5, E_0x61d6fb004f80/6, E_0x61d6fb004f80/7, E_0x61d6fb004f80/8, E_0x61d6fb004f80/9, E_0x61d6fb004f80/10, E_0x61d6fb004f80/11;
E_0x61d6fb005150 .event edge, v0x61d6fb014400_0, v0x61d6fb016210_0, v0x61d6fb002050_0, v0x61d6fb016130_0;
E_0x61d6fb004e90/0 .event edge, v0x61d6fb0158d0_0, v0x61d6fb015270_0, v0x61d6fb014b50_0, v0x61d6fb0154d0_0;
E_0x61d6fb004e90/1 .event edge, v0x61d6fb0151b0_0, v0x61d6fb014a90_0, v0x61d6fb015330_0, v0x61d6fb0150d0_0;
E_0x61d6fb004e90/2 .event edge, v0x61d6fb014c10_0, v0x61d6fb0149b0_0;
E_0x61d6fb004e90 .event/or E_0x61d6fb004e90/0, E_0x61d6fb004e90/1, E_0x61d6fb004e90/2;
L_0x61d6fb059830 .part L_0x61d6fb060c10, 1, 1;
L_0x61d6fb0599e0 .reduce/nor v0x61d6fb013060_0;
L_0x61d6fb059d00 .reduce/nor v0x61d6fb011d40_0;
L_0x61d6fb059e00 .functor MUXZ 1, v0x61d6fb012e20_0, L_0x61d6fb059a80, L_0x61d6fb059d00, C4<>;
L_0x61d6fb05a250 .reduce/nor v0x61d6fb00b5b0_0;
L_0x61d6fb05a490 .concat [ 1 1 1 1], v0x61d6fb012a50_0, v0x61d6fb0128d0_0, v0x61d6fb012990_0, v0x61d6fb012810_0;
L_0x61d6fb05a950 .reduce/or L_0x61d6fb05a490;
L_0x61d6fb05aa40 .reduce/or v0x61d6fb00ce50_0;
L_0x61d6fb05b010 .reduce/and v0x61d6fb00ce50_0;
L_0x61d6fb05b560 .reduce/nor L_0x61d6fb059a80;
L_0x61d6fb05b6f0 .part L_0x61d6fb05f5a0, 0, 2;
L_0x61d6fb05b790 .reduce/nand L_0x61d6fb05b6f0;
L_0x61d6fb05bc70 .reduce/nor v0x61d6fb00ce50_0;
L_0x61d6fb05bfe0 .reduce/nor L_0x61d6fb05a350;
L_0x61d6fb05c100 .reduce/nor v0x61d6fb00ce50_0;
L_0x61d6fb05c830 .reduce/nor v0x61d6fb011d40_0;
L_0x61d6fb05c9b0 .functor MUXZ 1, v0x61d6fb012e20_0, L_0x61d6fb059a80, L_0x61d6fb05c830, C4<>;
L_0x61d6fb05cc00 .reduce/nor v0x61d6fb013060_0;
L_0x61d6fb05cff0 .part L_0x61d6fb05f5a0, 0, 2;
L_0x61d6fb05d0e0 .reduce/and L_0x61d6fb05cff0;
L_0x61d6fb05ccf0 .part L_0x61d6fb060c10, 2, 30;
L_0x61d6fb05d8a0 .concat [ 1 29 0 0], L_0x61d6fb059970, L_0x709717356450;
L_0x61d6fb05daa0 .arith/sum 30, L_0x61d6fb05ccf0, L_0x61d6fb05d8a0;
L_0x61d6fb05dc50 .concat [ 2 30 0 0], L_0x709717356498, L_0x61d6fb05daa0;
L_0x61d6fb05de60 .part v0x61d6fb016130_0, 2, 30;
L_0x61d6fb05df50 .concat [ 2 30 0 0], L_0x7097173564e0, L_0x61d6fb05de60;
L_0x61d6fb05e170 .functor MUXZ 32, L_0x61d6fb05df50, L_0x61d6fb05dc50, L_0x61d6fb05d6c0, C4<>;
L_0x61d6fb05e350 .functor MUXZ 32, v0x61d6fb00cbc0_0, L_0x61d6fb048e50, L_0x61d6fb05db40, C4<>;
L_0x61d6fb05e770 .concat [ 16 16 0 0], v0x61d6fb0125a0_0, L_0x7097173565b8;
L_0x61d6fb05e8d0 .part L_0x61d6fb05e350, 0, 16;
L_0x61d6fb05eac0 .concat [ 16 16 0 0], v0x61d6fb0125a0_0, L_0x61d6fb05e8d0;
L_0x61d6fb05ee50 .part L_0x61d6fb05e350, 16, 16;
L_0x61d6fb05f000 .concat [ 16 16 0 0], L_0x61d6fb05ee50, L_0x709717356690;
L_0x61d6fb05f170 .functor MUXZ 32, L_0x61d6fb05e350, L_0x61d6fb05f000, L_0x61d6fb05ec00, C4<>;
L_0x61d6fb05f410 .functor MUXZ 32, L_0x61d6fb05f170, L_0x61d6fb05eac0, L_0x61d6fb05e810, C4<>;
L_0x61d6fb05f5a0 .functor MUXZ 32, L_0x61d6fb05f410, L_0x61d6fb05e770, L_0x61d6fb05e530, C4<>;
LS_0x61d6fb05f770_0_0 .concat [ 1 1 1 1], v0x61d6fb010940_0, v0x61d6fb010ac0_0, v0x61d6fb00f800_0, v0x61d6fb00fd40_0;
LS_0x61d6fb05f770_0_4 .concat [ 1 1 1 1], v0x61d6fb00fec0_0, v0x61d6fb00f140_0, v0x61d6fb00f080_0, v0x61d6fb00fc80_0;
LS_0x61d6fb05f770_0_8 .concat [ 1 1 1 1], v0x61d6fb00fbc0_0, v0x61d6fb00fb00_0, v0x61d6fb00fa40_0, v0x61d6fb00e900_0;
LS_0x61d6fb05f770_0_12 .concat [ 1 1 1 1], v0x61d6fb00f8c0_0, v0x61d6fb0104c0_0, v0x61d6fb010640_0, v0x61d6fb010b80_0;
LS_0x61d6fb05f770_0_16 .concat [ 1 1 1 1], v0x61d6fb010400_0, v0x61d6fb0101c0_0, v0x61d6fb010040_0, v0x61d6fb0107c0_0;
LS_0x61d6fb05f770_0_20 .concat [ 1 1 1 1], v0x61d6fb00e780_0, v0x61d6fb010580_0, v0x61d6fb010700_0, v0x61d6fb010100_0;
LS_0x61d6fb05f770_0_24 .concat [ 1 1 1 1], v0x61d6fb00e9c0_0, v0x61d6fb00f980_0, v0x61d6fb010c40_0, v0x61d6fb010340_0;
LS_0x61d6fb05f770_0_28 .concat [ 1 1 1 1], v0x61d6fb010280_0, v0x61d6fb00e840_0, v0x61d6fb010880_0, v0x61d6fb00ff80_0;
LS_0x61d6fb05f770_0_32 .concat [ 1 1 1 1], v0x61d6fb00fe00_0, v0x61d6fb00f5c0_0, v0x61d6fb00f440_0, v0x61d6fb00f740_0;
LS_0x61d6fb05f770_0_36 .concat [ 1 1 1 1], v0x61d6fb00f500_0, v0x61d6fb00f380_0, v0x61d6fb00ecc0_0, v0x61d6fb00ee40_0;
LS_0x61d6fb05f770_0_40 .concat [ 1 1 1 1], v0x61d6fb00ec00_0, v0x61d6fb00ed80_0, v0x61d6fb00ef00_0, v0x61d6fb00eb40_0;
LS_0x61d6fb05f770_0_44 .concat [ 1 1 1 1], v0x61d6fb00f2c0_0, v0x61d6fb00f200_0, v0x61d6fb00ea80_0, v0x61d6fb00f680_0;
LS_0x61d6fb05f770_1_0 .concat [ 4 4 4 4], LS_0x61d6fb05f770_0_0, LS_0x61d6fb05f770_0_4, LS_0x61d6fb05f770_0_8, LS_0x61d6fb05f770_0_12;
LS_0x61d6fb05f770_1_4 .concat [ 4 4 4 4], LS_0x61d6fb05f770_0_16, LS_0x61d6fb05f770_0_20, LS_0x61d6fb05f770_0_24, LS_0x61d6fb05f770_0_28;
LS_0x61d6fb05f770_1_8 .concat [ 4 4 4 4], LS_0x61d6fb05f770_0_32, LS_0x61d6fb05f770_0_36, LS_0x61d6fb05f770_0_40, LS_0x61d6fb05f770_0_44;
L_0x61d6fb05f770 .concat [ 16 16 16 0], LS_0x61d6fb05f770_1_0, LS_0x61d6fb05f770_1_4, LS_0x61d6fb05f770_1_8;
L_0x61d6fb060150 .reduce/nor L_0x61d6fb05f770;
L_0x61d6fb0604c0 .concat [ 1 1 1 1], v0x61d6fb00fc80_0, v0x61d6fb00fbc0_0, v0x61d6fb00fb00_0, v0x61d6fb00fa40_0;
L_0x61d6fb0606a0 .reduce/or L_0x61d6fb0604c0;
L_0x61d6fb060c10 .functor MUXZ 32, v0x61d6fb016050_0, L_0x61d6fb060af0, L_0x61d6fb0608e0, C4<>;
L_0x61d6fb060d50 .cmp/eq 8, v0x61d6fb00ba30_0, L_0x709717356768;
L_0x61d6fb0619d0 .reduce/nor L_0x61d6fb0616e0;
S_0x61d6faf6f920 .scope task, "empty_statement" "empty_statement" 2 214, 2 214 0, S_0x61d6faf6f5a0;
 .timescale -9 -12;
TD_picorv32_axi.picorv32_core.empty_statement ;
    %end;
S_0x61d6faf6fca0 .scope generate, "genblk4" "genblk4" 2 285, 2 285 0, S_0x61d6faf6f5a0;
 .timescale -9 -12;
S_0x61d6fb005330 .scope generate, "genblk6" "genblk6" 2 305, 2 305 0, S_0x61d6faf6f5a0;
 .timescale -9 -12;
S_0x61d6fb005510 .scope generate, "genblk8" "genblk8" 2 1229, 2 1229 0, S_0x61d6faf6f5a0;
 .timescale -9 -12;
E_0x61d6fb0056f0/0 .event edge, v0x61d6fb0107c0_0, v0x61d6fb016130_0, v0x61d6fb016210_0, v0x61d6fb0104c0_0;
E_0x61d6fb0056f0/1 .event edge, v0x61d6fb010580_0;
E_0x61d6fb0056f0 .event/or E_0x61d6fb0056f0/0, E_0x61d6fb0056f0/1;
S_0x61d6faed9280 .scope module, "picorv32_regs" "picorv32_regs" 2 2174;
 .timescale -9 -12;
    .port_info 0 /INPUT 1 "clk";
    .port_info 1 /INPUT 1 "wen";
    .port_info 2 /INPUT 6 "waddr";
    .port_info 3 /INPUT 6 "raddr1";
    .port_info 4 /INPUT 6 "raddr2";
    .port_info 5 /INPUT 32 "wdata";
    .port_info 6 /OUTPUT 32 "rdata1";
    .port_info 7 /OUTPUT 32 "rdata2";
L_0x61d6fb062030 .functor NOT 5, L_0x61d6fb061f60, C4<00000>, C4<00000>, C4<00000>;
L_0x61d6fb0622b0 .functor BUFZ 32, L_0x61d6fb061ec0, C4<00000000000000000000000000000000>, C4<00000000000000000000000000000000>, C4<00000000000000000000000000000000>;
L_0x61d6fb062510 .functor NOT 5, L_0x61d6fb062440, C4<00000>, C4<00000>, C4<00000>;
L_0x61d6fb0627d0 .functor BUFZ 32, L_0x61d6fb062370, C4<00000000000000000000000000000000>, C4<00000000000000000000000000000000>, C4<00000000000000000000000000000000>;
v0x61d6fb0191d0_0 .net *"_ivl_0", 31 0, L_0x61d6fb061ec0;  1 drivers
v0x61d6fb0192d0_0 .net *"_ivl_12", 31 0, L_0x61d6fb062370;  1 drivers
v0x61d6fb0193b0_0 .net *"_ivl_15", 4 0, L_0x61d6fb062440;  1 drivers
v0x61d6fb0194a0_0 .net *"_ivl_16", 4 0, L_0x61d6fb062510;  1 drivers
v0x61d6fb019580_0 .net *"_ivl_18", 6 0, L_0x61d6fb062600;  1 drivers
L_0x709717356840 .functor BUFT 1, C4<00>, C4<0>, C4<0>, C4<0>;
v0x61d6fb0196b0_0 .net *"_ivl_21", 1 0, L_0x709717356840;  1 drivers
v0x61d6fb019790_0 .net *"_ivl_3", 4 0, L_0x61d6fb061f60;  1 drivers
v0x61d6fb019870_0 .net *"_ivl_4", 4 0, L_0x61d6fb062030;  1 drivers
v0x61d6fb019950_0 .net *"_ivl_6", 6 0, L_0x61d6fb062120;  1 drivers
L_0x7097173567f8 .functor BUFT 1, C4<00>, C4<0>, C4<0>, C4<0>;
v0x61d6fb019a30_0 .net *"_ivl_9", 1 0, L_0x7097173567f8;  1 drivers
o0x7097173a4988 .functor BUFZ 1, C4<z>; HiZ drive
v0x61d6fb019b10_0 .net "clk", 0 0, o0x7097173a4988;  0 drivers
o0x7097173a49b8 .functor BUFZ 6, C4<zzzzzz>; HiZ drive
v0x61d6fb019bd0_0 .net "raddr1", 5 0, o0x7097173a49b8;  0 drivers
o0x7097173a49e8 .functor BUFZ 6, C4<zzzzzz>; HiZ drive
v0x61d6fb019cb0_0 .net "raddr2", 5 0, o0x7097173a49e8;  0 drivers
v0x61d6fb019d90_0 .net "rdata1", 31 0, L_0x61d6fb0622b0;  1 drivers
v0x61d6fb019e70_0 .net "rdata2", 31 0, L_0x61d6fb0627d0;  1 drivers
v0x61d6fb019f50 .array "regs", 30 0, 31 0;
o0x7097173a4a78 .functor BUFZ 6, C4<zzzzzz>; HiZ drive
v0x61d6fb01a010_0 .net "waddr", 5 0, o0x7097173a4a78;  0 drivers
o0x7097173a4aa8 .functor BUFZ 32, C4<zzzzzzzzzzzzzzzzzzzzzzzzzzzzzzzz>; HiZ drive
v0x61d6fb01a0f0_0 .net "wdata", 31 0, o0x7097173a4aa8;  0 drivers
o0x7097173a4ad8 .functor BUFZ 1, C4<z>; HiZ drive
v0x61d6fb01a1d0_0 .net "wen", 0 0, o0x7097173a4ad8;  0 drivers
E_0x61d6fb019150 .event posedge, v0x61d6fb019b10_0;
L_0x61d6fb061ec0 .array/port v0x61d6fb019f50, L_0x61d6fb062120;
L_0x61d6fb061f60 .part o0x7097173a49b8, 0, 5;
L_0x61d6fb062120 .concat [ 5 2 0 0], L_0x61d6fb062030, L_0x7097173567f8;
L_0x61d6fb062370 .array/port v0x61d6fb019f50, L_0x61d6fb062600;
L_0x61d6fb062440 .part o0x7097173a49e8, 0, 5;
L_0x61d6fb062600 .concat [ 5 2 0 0], L_0x61d6fb062510, L_0x709717356840;
S_0x61d6faed8010 .scope module, "picorv32_wb" "picorv32_wb" 2 2815;
 .timescale -9 -12;
    .port_info 0 /OUTPUT 1 "trap";
    .port_info 1 /INPUT 1 "wb_rst_i";
    .port_info 2 /INPUT 1 "wb_clk_i";
    .port_info 3 /OUTPUT 32 "wbm_adr_o";
    .port_info 4 /OUTPUT 32 "wbm_dat_o";
    .port_info 5 /INPUT 32 "wbm_dat_i";
    .port_info 6 /OUTPUT 1 "wbm_we_o";
    .port_info 7 /OUTPUT 4 "wbm_sel_o";
    .port_info 8 /OUTPUT 1 "wbm_stb_o";
    .port_info 9 /INPUT 1 "wbm_ack_i";
    .port_info 10 /OUTPUT 1 "wbm_cyc_o";
    .port_info 11 /OUTPUT 1 "pcpi_valid";
    .port_info 12 /OUTPUT 32 "pcpi_insn";
    .port_info 13 /OUTPUT 32 "pcpi_rs1";
    .port_info 14 /OUTPUT 32 "pcpi_rs2";
    .port_info 15 /INPUT 1 "pcpi_wr";
    .port_info 16 /INPUT 32 "pcpi_rd";
    .port_info 17 /INPUT 1 "pcpi_wait";
    .port_info 18 /INPUT 1 "pcpi_ready";
    .port_info 19 /INPUT 32 "irq";
    .port_info 20 /OUTPUT 32 "eoi";
    .port_info 21 /OUTPUT 1 "trace_valid";
    .port_info 22 /OUTPUT 36 "trace_data";
    .port_info 23 /OUTPUT 1 "mem_instr";
P_0x61d6fb0009a0 .param/l "BARREL_SHIFTER" 0 2 2821, C4<0>;
P_0x61d6fb0009e0 .param/l "CATCH_ILLINSN" 0 2 2826, C4<1>;
P_0x61d6fb000a20 .param/l "CATCH_MISALIGN" 0 2 2825, C4<1>;
P_0x61d6fb000a60 .param/l "COMPRESSED_ISA" 0 2 2824, C4<0>;
P_0x61d6fb000aa0 .param/l "ENABLE_COUNTERS" 0 2 2816, C4<1>;
P_0x61d6fb000ae0 .param/l "ENABLE_COUNTERS64" 0 2 2817, C4<1>;
P_0x61d6fb000b20 .param/l "ENABLE_DIV" 0 2 2830, C4<0>;
P_0x61d6fb000b60 .param/l "ENABLE_FAST_MUL" 0 2 2829, C4<0>;
P_0x61d6fb000ba0 .param/l "ENABLE_IRQ" 0 2 2831, C4<0>;
P_0x61d6fb000be0 .param/l "ENABLE_IRQ_QREGS" 0 2 2832, C4<1>;
P_0x61d6fb000c20 .param/l "ENABLE_IRQ_TIMER" 0 2 2833, C4<1>;
P_0x61d6fb000c60 .param/l "ENABLE_MUL" 0 2 2828, C4<0>;
P_0x61d6fb000ca0 .param/l "ENABLE_PCPI" 0 2 2827, C4<0>;
P_0x61d6fb000ce0 .param/l "ENABLE_REGS_16_31" 0 2 2818, C4<1>;
P_0x61d6fb000d20 .param/l "ENABLE_REGS_DUALPORT" 0 2 2819, C4<1>;
P_0x61d6fb000d60 .param/l "ENABLE_TRACE" 0 2 2834, C4<0>;
P_0x61d6fb000da0 .param/l "IDLE" 1 2 2989, C4<00>;
P_0x61d6fb000de0 .param/l "LATCHED_IRQ" 0 2 2837, C4<11111111111111111111111111111111>;
P_0x61d6fb000e20 .param/l "MASKED_IRQ" 0 2 2836, C4<00000000000000000000000000000000>;
P_0x61d6fb000e60 .param/l "PROGADDR_IRQ" 0 2 2839, C4<00000000000000000000000000010000>;
P_0x61d6fb000ea0 .param/l "PROGADDR_RESET" 0 2 2838, C4<00000000000000000000000000000000>;
P_0x61d6fb000ee0 .param/l "REGS_INIT_ZERO" 0 2 2835, C4<0>;
P_0x61d6fb000f20 .param/l "STACKADDR" 0 2 2840, C4<11111111111111111111111111111111>;
P_0x61d6fb000f60 .param/l "TWO_CYCLE_ALU" 0 2 2823, C4<0>;
P_0x61d6fb000fa0 .param/l "TWO_CYCLE_COMPARE" 0 2 2822, C4<0>;
P_0x61d6fb000fe0 .param/l "TWO_STAGE_SHIFT" 0 2 2820, C4<1>;
P_0x61d6fb001020 .param/l "WBEND" 1 2 2991, C4<10>;
P_0x61d6fb001060 .param/l "WBSTART" 1 2 2990, C4<01>;
o0x7097173a9428 .functor BUFZ 1, C4<z>; HiZ drive
L_0x61d6fb0628c0 .functor BUFZ 1, o0x7097173a9428, C4<0>, C4<0>, C4<0>;
o0x7097173a9458 .functor BUFZ 1, C4<z>; HiZ drive
L_0x61d6fb062980 .functor NOT 1, o0x7097173a9458, C4<0>, C4<0>, C4<0>;
L_0x61d6fb06bcd0 .functor OR 1, L_0x61d6fb06bb00, L_0x61d6fb06bba0, C4<0>, C4<0>;
L_0x61d6fb06be30 .functor OR 1, L_0x61d6fb06bcd0, L_0x61d6fb06bd90, C4<0>, C4<0>;
L_0x61d6fb06c040 .functor OR 1, L_0x61d6fb06be30, L_0x61d6fb06bf70, C4<0>, C4<0>;
v0x61d6fb02ef60_0 .net *"_ivl_11", 0 0, L_0x61d6fb06bd90;  1 drivers
v0x61d6fb02f060_0 .net *"_ivl_12", 0 0, L_0x61d6fb06be30;  1 drivers
v0x61d6fb02f140_0 .net *"_ivl_15", 0 0, L_0x61d6fb06bf70;  1 drivers
v0x61d6fb02f200_0 .net *"_ivl_5", 0 0, L_0x61d6fb06bb00;  1 drivers
v0x61d6fb02f2e0_0 .net *"_ivl_7", 0 0, L_0x61d6fb06bba0;  1 drivers
v0x61d6fb02f3c0_0 .net *"_ivl_8", 0 0, L_0x61d6fb06bcd0;  1 drivers
v0x61d6fb02f4a0_0 .net "clk", 0 0, L_0x61d6fb0628c0;  1 drivers
v0x61d6fb02f540_0 .net "eoi", 31 0, v0x61d6fb026570_0;  1 drivers
o0x7097173a7958 .functor BUFZ 32, C4<zzzzzzzzzzzzzzzzzzzzzzzzzzzzzzzz>; HiZ drive
v0x61d6fb02f610_0 .net "irq", 31 0, o0x7097173a7958;  0 drivers
v0x61d6fb02f6e0_0 .net "mem_addr", 31 0, v0x61d6fb02a550_0;  1 drivers
v0x61d6fb02f7b0_0 .net "mem_instr", 0 0, v0x61d6fb02aab0_0;  1 drivers
v0x61d6fb02f880_0 .var "mem_rdata", 31 0;
v0x61d6fb02f950_0 .var "mem_ready", 0 0;
v0x61d6fb02fa20_0 .net "mem_valid", 0 0, v0x61d6fb02c180_0;  1 drivers
v0x61d6fb02faf0_0 .net "mem_wdata", 31 0, v0x61d6fb02c220_0;  1 drivers
v0x61d6fb02fb90_0 .net "mem_wstrb", 3 0, v0x61d6fb02c3e0_0;  1 drivers
v0x61d6fb02fc60_0 .net "pcpi_insn", 31 0, v0x61d6fb02cc20_0;  1 drivers
o0x7097173a8858 .functor BUFZ 32, C4<zzzzzzzzzzzzzzzzzzzzzzzzzzzzzzzz>; HiZ drive
v0x61d6fb02fe40_0 .net "pcpi_rd", 31 0, o0x7097173a8858;  0 drivers
o0x7097173a8888 .functor BUFZ 1, C4<z>; HiZ drive
v0x61d6fb02ff10_0 .net "pcpi_ready", 0 0, o0x7097173a8888;  0 drivers
v0x61d6fb02ffe0_0 .net "pcpi_rs1", 31 0, L_0x61d6fb0630e0;  1 drivers
v0x61d6fb0300b0_0 .net "pcpi_rs2", 31 0, L_0x61d6fb0631f0;  1 drivers
v0x61d6fb030180_0 .net "pcpi_valid", 0 0, v0x61d6fb02d760_0;  1 drivers
o0x7097173a8978 .functor BUFZ 1, C4<z>; HiZ drive
v0x61d6fb030250_0 .net "pcpi_wait", 0 0, o0x7097173a8978;  0 drivers
o0x7097173a89a8 .functor BUFZ 1, C4<z>; HiZ drive
v0x61d6fb030320_0 .net "pcpi_wr", 0 0, o0x7097173a89a8;  0 drivers
v0x61d6fb0303f0_0 .net "resetn", 0 0, L_0x61d6fb062980;  1 drivers
v0x61d6fb0304c0_0 .var "state", 1 0;
v0x61d6fb030560_0 .net "trace_data", 35 0, v0x61d6fb02e8c0_0;  1 drivers
v0x61d6fb030630_0 .net "trace_valid", 0 0, v0x61d6fb02e9a0_0;  1 drivers
v0x61d6fb030700_0 .net "trap", 0 0, v0x61d6fb02ea60_0;  1 drivers
v0x61d6fb0307d0_0 .net "wb_clk_i", 0 0, o0x7097173a9428;  0 drivers
v0x61d6fb030870_0 .net "wb_rst_i", 0 0, o0x7097173a9458;  0 drivers
o0x7097173a9488 .functor BUFZ 1, C4<z>; HiZ drive
v0x61d6fb030910_0 .net "wbm_ack_i", 0 0, o0x7097173a9488;  0 drivers
v0x61d6fb0309b0_0 .var "wbm_adr_o", 31 0;
v0x61d6fb030a50_0 .var "wbm_cyc_o", 0 0;
o0x7097173a9518 .functor BUFZ 32, C4<zzzzzzzzzzzzzzzzzzzzzzzzzzzzzzzz>; HiZ drive
v0x61d6fb030af0_0 .net "wbm_dat_i", 31 0, o0x7097173a9518;  0 drivers
v0x61d6fb030b90_0 .var "wbm_dat_o", 31 0;
v0x61d6fb030c70_0 .var "wbm_sel_o", 3 0;
v0x61d6fb030d50_0 .var "wbm_stb_o", 0 0;
v0x61d6fb030e10_0 .var "wbm_we_o", 0 0;
v0x61d6fb030ed0_0 .net "we", 0 0, L_0x61d6fb06c040;  1 drivers
E_0x61d6fb01a390 .event posedge, v0x61d6fb0307d0_0;
L_0x61d6fb06bb00 .part v0x61d6fb02c3e0_0, 0, 1;
L_0x61d6fb06bba0 .part v0x61d6fb02c3e0_0, 1, 1;
L_0x61d6fb06bd90 .part v0x61d6fb02c3e0_0, 2, 1;
L_0x61d6fb06bf70 .part v0x61d6fb02c3e0_0, 3, 1;
S_0x61d6fb01a410 .scope module, "picorv32_core" "picorv32" 2 2938, 2 62 0, S_0x61d6faed8010;
 .timescale -9 -12;
    .port_info 0 /INPUT 1 "clk";
    .port_info 1 /INPUT 1 "resetn";
    .port_info 2 /OUTPUT 1 "trap";
    .port_info 3 /OUTPUT 1 "mem_valid";
    .port_info 4 /OUTPUT 1 "mem_instr";
    .port_info 5 /INPUT 1 "mem_ready";
    .port_info 6 /OUTPUT 32 "mem_addr";
    .port_info 7 /OUTPUT 32 "mem_wdata";
    .port_info 8 /OUTPUT 4 "mem_wstrb";
    .port_info 9 /INPUT 32 "mem_rdata";
    .port_info 10 /OUTPUT 1 "mem_la_read";
    .port_info 11 /OUTPUT 1 "mem_la_write";
    .port_info 12 /OUTPUT 32 "mem_la_addr";
    .port_info 13 /OUTPUT 32 "mem_la_wdata";
    .port_info 14 /OUTPUT 4 "mem_la_wstrb";
    .port_info 15 /OUTPUT 1 "pcpi_valid";
    .port_info 16 /OUTPUT 32 "pcpi_insn";
    .port_info 17 /OUTPUT 32 "pcpi_rs1";
    .port_info 18 /OUTPUT 32 "pcpi_rs2";
    .port_info 19 /INPUT 1 "pcpi_wr";
    .port_info 20 /INPUT 32 "pcpi_rd";
    .port_info 21 /INPUT 1 "pcpi_wait";
    .port_info 22 /INPUT 1 "pcpi_ready";
    .port_info 23 /INPUT 32 "irq";
    .port_info 24 /OUTPUT 32 "eoi";
    .port_info 25 /OUTPUT 1 "trace_valid";
    .port_info 26 /OUTPUT 36 "trace_data";
P_0x61d6fb01a5c0 .param/l "BARREL_SHIFTER" 0 2 69, C4<0>;
P_0x61d6fb01a600 .param/l "CATCH_ILLINSN" 0 2 74, C4<1>;
P_0x61d6fb01a640 .param/l "CATCH_MISALIGN" 0 2 73, C4<1>;
P_0x61d6fb01a680 .param/l "COMPRESSED_ISA" 0 2 72, C4<0>;
P_0x61d6fb01a6c0 .param/l "ENABLE_COUNTERS" 0 2 63, C4<1>;
P_0x61d6fb01a700 .param/l "ENABLE_COUNTERS64" 0 2 64, C4<1>;
P_0x61d6fb01a740 .param/l "ENABLE_DIV" 0 2 78, C4<0>;
P_0x61d6fb01a780 .param/l "ENABLE_FAST_MUL" 0 2 77, C4<0>;
P_0x61d6fb01a7c0 .param/l "ENABLE_IRQ" 0 2 79, C4<0>;
P_0x61d6fb01a800 .param/l "ENABLE_IRQ_QREGS" 0 2 80, C4<1>;
P_0x61d6fb01a840 .param/l "ENABLE_IRQ_TIMER" 0 2 81, C4<1>;
P_0x61d6fb01a880 .param/l "ENABLE_MUL" 0 2 76, C4<0>;
P_0x61d6fb01a8c0 .param/l "ENABLE_PCPI" 0 2 75, C4<0>;
P_0x61d6fb01a900 .param/l "ENABLE_REGS_16_31" 0 2 65, C4<1>;
P_0x61d6fb01a940 .param/l "ENABLE_REGS_DUALPORT" 0 2 66, C4<1>;
P_0x61d6fb01a980 .param/l "ENABLE_TRACE" 0 2 82, C4<0>;
P_0x61d6fb01a9c0 .param/l "LATCHED_IRQ" 0 2 85, C4<11111111111111111111111111111111>;
P_0x61d6fb01aa00 .param/l "LATCHED_MEM_RDATA" 0 2 67, C4<0>;
P_0x61d6fb01aa40 .param/l "MASKED_IRQ" 0 2 84, C4<00000000000000000000000000000000>;
P_0x61d6fb01aa80 .param/l "PROGADDR_IRQ" 0 2 87, C4<00000000000000000000000000010000>;
P_0x61d6fb01aac0 .param/l "PROGADDR_RESET" 0 2 86, C4<00000000000000000000000000000000>;
P_0x61d6fb01ab00 .param/l "REGS_INIT_ZERO" 0 2 83, C4<0>;
P_0x61d6fb01ab40 .param/l "STACKADDR" 0 2 88, C4<11111111111111111111111111111111>;
P_0x61d6fb01ab80 .param/l "TRACE_ADDR" 1 2 172, C4<001000000000000000000000000000000000>;
P_0x61d6fb01abc0 .param/l "TRACE_BRANCH" 1 2 171, C4<000100000000000000000000000000000000>;
P_0x61d6fb01ac00 .param/l "TRACE_IRQ" 1 2 173, C4<100000000000000000000000000000000000>;
P_0x61d6fb01ac40 .param/l "TWO_CYCLE_ALU" 0 2 71, C4<0>;
P_0x61d6fb01ac80 .param/l "TWO_CYCLE_COMPARE" 0 2 70, C4<0>;
P_0x61d6fb01acc0 .param/l "TWO_STAGE_SHIFT" 0 2 68, C4<1>;
P_0x61d6fb01ad00 .param/l "WITH_PCPI" 1 2 169, C4<0>;
P_0x61d6fb01ad40 .param/l "cpu_state_exec" 1 2 1176, C4<00001000>;
P_0x61d6fb01ad80 .param/l "cpu_state_fetch" 1 2 1173, C4<01000000>;
P_0x61d6fb01adc0 .param/l "cpu_state_ld_rs1" 1 2 1174, C4<00100000>;
P_0x61d6fb01ae00 .param/l "cpu_state_ld_rs2" 1 2 1175, C4<00010000>;
P_0x61d6fb01ae40 .param/l "cpu_state_ldmem" 1 2 1179, C4<00000001>;
P_0x61d6fb01ae80 .param/l "cpu_state_shift" 1 2 1177, C4<00000100>;
P_0x61d6fb01aec0 .param/l "cpu_state_stmem" 1 2 1178, C4<00000010>;
P_0x61d6fb01af00 .param/l "cpu_state_trap" 1 2 1172, C4<10000000>;
P_0x61d6fb01af40 .param/l "irq_buserror" 1 2 163, +C4<00000000000000000000000000000010>;
P_0x61d6fb01af80 .param/l "irq_ebreak" 1 2 162, +C4<00000000000000000000000000000001>;
P_0x61d6fb01afc0 .param/l "irq_timer" 1 2 161, +C4<00000000000000000000000000000000>;
P_0x61d6fb01b000 .param/l "irqregs_offset" 1 2 165, +C4<00000000000000000000000000100000>;
P_0x61d6fb01b040 .param/l "regfile_size" 1 2 166, +C4<00000000000000000000000000100000>;
P_0x61d6fb01b080 .param/l "regindex_bits" 1 2 167, +C4<00000000000000000000000000000101>;
L_0x61d6fb062b00 .functor BUFZ 1, v0x61d6fb02c180_0, C4<0>, C4<0>, C4<0>;
L_0x61d6fb062bf0 .functor BUFZ 1, v0x61d6fb02aab0_0, C4<0>, C4<0>, C4<0>;
L_0x61d6fb062cb0 .functor BUFZ 1, v0x61d6fb02f950_0, C4<0>, C4<0>, C4<0>;
L_0x61d6fb062d70 .functor BUFZ 32, v0x61d6fb02a550_0, C4<00000000000000000000000000000000>, C4<00000000000000000000000000000000>, C4<00000000000000000000000000000000>;
L_0x61d6fb062e60 .functor BUFZ 32, v0x61d6fb02c220_0, C4<00000000000000000000000000000000>, C4<00000000000000000000000000000000>, C4<00000000000000000000000000000000>;
L_0x61d6fb062f20 .functor BUFZ 4, v0x61d6fb02c3e0_0, C4<0000>, C4<0000>, C4<0000>;
L_0x61d6fb063020 .functor BUFZ 32, v0x61d6fb02f880_0, C4<00000000000000000000000000000000>, C4<00000000000000000000000000000000>, C4<00000000000000000000000000000000>;
L_0x61d6fb0630e0 .functor BUFZ 32, v0x61d6fb02e080_0, C4<00000000000000000000000000000000>, C4<00000000000000000000000000000000>, C4<00000000000000000000000000000000>;
L_0x61d6fb0631f0 .functor BUFZ 32, v0x61d6fb02e160_0, C4<00000000000000000000000000000000>, C4<00000000000000000000000000000000>, C4<00000000000000000000000000000000>;
L_0x61d6fb0632b0 .functor OR 1, v0x61d6fb02a6f0_0, v0x61d6fb02a870_0, C4<0>, C4<0>;
L_0x709717356ac8 .functor BUFT 1, C4<0>, C4<0>, C4<0>, C4<0>;
L_0x61d6fb0633e0 .functor AND 1, L_0x709717356ac8, L_0x61d6fb0632b0, C4<1>, C4<1>;
L_0x61d6fb063570 .functor AND 1, L_0x61d6fb0633e0, L_0x61d6fb0634d0, C4<1>, C4<1>;
L_0x61d6fb0637c0 .functor AND 1, L_0x61d6fb063570, L_0x61d6fb063720, C4<1>, C4<1>;
L_0x709717356b10 .functor BUFT 1, C4<0>, C4<0>, C4<0>, C4<0>;
L_0x61d6fb063900 .functor AND 1, L_0x709717356b10, L_0x61d6fb0644a0, C4<1>, C4<1>;
L_0x61d6fb0636b0 .functor AND 1, L_0x61d6fb063900, L_0x61d6fb063b40, C4<1>, C4<1>;
L_0x709717356b58 .functor BUFT 1, C4<0>, C4<0>, C4<0>, C4<0>;
L_0x61d6fb063d80 .functor AND 1, L_0x709717356b58, L_0x61d6fb0637c0, C4<1>, C4<1>;
L_0x61d6fb063ed0 .functor AND 1, L_0x61d6fb063d80, v0x61d6fb02d9a0_0, C4<1>, C4<1>;
L_0x61d6fb064090 .functor AND 1, L_0x61d6fb063ed0, L_0x61d6fb063f90, C4<1>, C4<1>;
L_0x61d6fb064270 .functor AND 1, v0x61d6fb02c180_0, v0x61d6fb02f950_0, C4<1>, C4<1>;
L_0x61d6fb0642e0 .functor AND 1, L_0x61d6fb064090, v0x61d6fb02a870_0, C4<1>, C4<1>;
L_0x61d6fb0644a0 .functor OR 1, L_0x61d6fb064270, L_0x61d6fb0642e0, C4<0>, C4<0>;
L_0x61d6fb064870 .functor AND 1, L_0x61d6fb0644a0, L_0x61d6fb064780, C4<1>, C4<1>;
L_0x61d6fb0649f0 .functor OR 1, v0x61d6fb02a870_0, v0x61d6fb02a7b0_0, C4<0>, C4<0>;
L_0x61d6fb064a60 .functor OR 1, L_0x61d6fb0649f0, v0x61d6fb02a930_0, C4<0>, C4<0>;
L_0x61d6fb064c40 .functor AND 1, L_0x61d6fb064870, L_0x61d6fb064a60, C4<1>, C4<1>;
L_0x61d6fb064e40 .functor AND 1, L_0x61d6fb064d50, v0x61d6fb02a870_0, C4<1>, C4<1>;
L_0x61d6fb064fe0 .functor OR 1, L_0x61d6fb064c40, L_0x61d6fb064e40, C4<0>, C4<0>;
L_0x61d6fb0650f0 .functor AND 1, L_0x61d6fb062980, L_0x61d6fb064fe0, C4<1>, C4<1>;
L_0x61d6fb0655e0 .functor AND 1, L_0x61d6fb0654d0, L_0x61d6fb0644a0, C4<1>, C4<1>;
L_0x61d6fb0656e0 .functor OR 1, L_0x61d6fb0652a0, L_0x61d6fb0655e0, C4<0>, C4<0>;
L_0x61d6fb0658a0 .functor AND 1, L_0x61d6fb0650f0, L_0x61d6fb0656e0, C4<1>, C4<1>;
L_0x61d6fb065a50 .functor AND 1, L_0x61d6fb062980, L_0x61d6fb0659b0, C4<1>, C4<1>;
L_0x61d6fb065c60 .functor AND 1, L_0x61d6fb065a50, v0x61d6fb02a930_0, C4<1>, C4<1>;
L_0x61d6fb065570 .functor AND 1, L_0x61d6fb065d20, L_0x61d6fb065e40, C4<1>, C4<1>;
L_0x61d6fb066110 .functor OR 1, v0x61d6fb02a870_0, v0x61d6fb02a6f0_0, C4<0>, C4<0>;
L_0x61d6fb066180 .functor OR 1, L_0x61d6fb066110, v0x61d6fb02a7b0_0, C4<0>, C4<0>;
L_0x61d6fb065ff0 .functor AND 1, L_0x61d6fb065570, L_0x61d6fb066180, C4<1>, C4<1>;
L_0x709717356ba0 .functor BUFT 1, C4<0>, C4<0>, C4<0>, C4<0>;
L_0x61d6fb066370 .functor AND 1, L_0x709717356ba0, L_0x61d6fb0644a0, C4<1>, C4<1>;
L_0x61d6fb066830 .functor AND 1, L_0x61d6fb066370, L_0x61d6fb0666f0, C4<1>, C4<1>;
L_0x61d6fb066ad0 .functor AND 1, L_0x61d6fb066830, L_0x61d6fb066940, C4<1>, C4<1>;
L_0x61d6fb066fc0 .functor AND 1, L_0x61d6fb066ad0, L_0x61d6fb066e20, C4<1>, C4<1>;
L_0x61d6fb0670d0 .functor OR 1, L_0x61d6fb065ff0, L_0x61d6fb066fc0, C4<0>, C4<0>;
L_0x61d6fb067340 .functor AND 1, L_0x61d6fb062980, L_0x61d6fb0670d0, C4<1>, C4<1>;
L_0x61d6fb067400 .functor OR 1, v0x61d6fb02a6f0_0, v0x61d6fb02a870_0, C4<0>, C4<0>;
L_0x709717356cc0 .functor BUFT 1, C4<0>, C4<0>, C4<0>, C4<0>;
L_0x61d6fb067880 .functor OR 1, L_0x61d6fb0644a0, L_0x709717356cc0, C4<0>, C4<0>;
L_0x709717356d08 .functor BUFT 1, C4<0>, C4<0>, C4<0>, C4<0>;
L_0x61d6fb068270 .functor AND 1, L_0x709717356d08, L_0x61d6fb064090, C4<1>, C4<1>;
L_0x709717356d98 .functor BUFT 1, C4<0>, C4<0>, C4<0>, C4<0>;
L_0x61d6fb0685e0 .functor AND 1, L_0x709717356d98, v0x61d6fb02af50_0, C4<1>, C4<1>;
L_0x709717356de0 .functor BUFT 1, C4<0>, C4<0>, C4<0>, C4<0>;
L_0x61d6fb0689d0 .functor AND 1, L_0x709717356de0, L_0x61d6fb0637c0, C4<1>, C4<1>;
L_0x709717356e70 .functor BUFT 1, C4<1>, C4<0>, C4<0>, C4<0>;
L_0x61d6fb069ff0 .functor AND 1, L_0x709717356e70, L_0x61d6fb069d90, C4<1>, C4<1>;
L_0x61d6fb06a520 .functor AND 1, v0x61d6fb02a230_0, v0x61d6fb029cd0_0, C4<1>, C4<1>;
L_0x709717356eb8 .functor BUFT 1, C4<11111111111111111111111111111110>, C4<0>, C4<0>, C4<0>;
L_0x61d6fb06a730 .functor AND 32, v0x61d6fb02e240_0, L_0x709717356eb8, C4<11111111111111111111111111111111>, C4<11111111111111111111111111111111>;
L_0x61d6fb06ac10 .functor AND 1, L_0x61d6fb06a990, v0x61d6fb026330_0, C4<1>, C4<1>;
L_0x709717356f48 .functor BUFT 1, C4<1>, C4<0>, C4<0>, C4<0>;
L_0x61d6fb06aeb0 .functor OR 1, L_0x709717356f48, v0x61d6fb028d70_0, C4<0>, C4<0>;
L_0x61d6fb06afa0 .functor OR 1, L_0x61d6fb06aeb0, v0x61d6fb028cb0_0, C4<0>, C4<0>;
L_0x61d6fb06b250 .functor NOT 32, v0x61d6fb028e30_0, C4<00000000000000000000000000000000>, C4<00000000000000000000000000000000>, C4<00000000000000000000000000000000>;
L_0x61d6fb06b320 .functor AND 32, v0x61d6fb028f10_0, L_0x61d6fb06b250, C4<11111111111111111111111111111111>, C4<11111111111111111111111111111111>;
L_0x61d6fb06b700 .functor OR 1, L_0x61d6fb06afa0, L_0x61d6fb06b610, C4<0>, C4<0>;
L_0x61d6fb06b810 .functor AND 1, L_0x61d6fb06ac10, L_0x61d6fb06b700, C4<1>, C4<1>;
v0x61d6fb01bb70_0 .net *"_ivl_101", 0 0, L_0x61d6fb065e40;  1 drivers
v0x61d6fb01d910_0 .net *"_ivl_103", 0 0, L_0x61d6fb065570;  1 drivers
v0x61d6fb01d9d0_0 .net *"_ivl_105", 0 0, L_0x61d6fb066110;  1 drivers
v0x61d6fb01daa0_0 .net *"_ivl_107", 0 0, L_0x61d6fb066180;  1 drivers
v0x61d6fb01db60_0 .net *"_ivl_109", 0 0, L_0x61d6fb065ff0;  1 drivers
v0x61d6fb01dc70_0 .net/2u *"_ivl_110", 0 0, L_0x709717356ba0;  1 drivers
v0x61d6fb01dd50_0 .net *"_ivl_113", 0 0, L_0x61d6fb066370;  1 drivers
v0x61d6fb01de10_0 .net *"_ivl_115", 0 0, L_0x61d6fb066570;  1 drivers
v0x61d6fb01ded0_0 .net *"_ivl_116", 0 0, L_0x61d6fb0666f0;  1 drivers
v0x61d6fb01dfb0_0 .net *"_ivl_119", 0 0, L_0x61d6fb066830;  1 drivers
v0x61d6fb01e070_0 .net *"_ivl_121", 0 0, L_0x61d6fb066940;  1 drivers
v0x61d6fb01e130_0 .net *"_ivl_123", 0 0, L_0x61d6fb066ad0;  1 drivers
v0x61d6fb01e1f0_0 .net *"_ivl_125", 1 0, L_0x61d6fb066d30;  1 drivers
v0x61d6fb01e2d0_0 .net *"_ivl_127", 0 0, L_0x61d6fb066e20;  1 drivers
v0x61d6fb01e390_0 .net *"_ivl_129", 0 0, L_0x61d6fb066fc0;  1 drivers
v0x61d6fb01e450_0 .net *"_ivl_131", 0 0, L_0x61d6fb0670d0;  1 drivers
v0x61d6fb01e510_0 .net *"_ivl_135", 0 0, L_0x61d6fb067400;  1 drivers
v0x61d6fb01e6e0_0 .net *"_ivl_137", 29 0, L_0x61d6fb066a30;  1 drivers
v0x61d6fb01e7c0_0 .net *"_ivl_138", 29 0, L_0x61d6fb0675e0;  1 drivers
L_0x709717356be8 .functor BUFT 1, C4<00000000000000000000000000000>, C4<0>, C4<0>, C4<0>;
v0x61d6fb01e8a0_0 .net *"_ivl_141", 28 0, L_0x709717356be8;  1 drivers
v0x61d6fb01e980_0 .net *"_ivl_142", 29 0, L_0x61d6fb0677e0;  1 drivers
L_0x709717356c30 .functor BUFT 1, C4<00>, C4<0>, C4<0>, C4<0>;
v0x61d6fb01ea60_0 .net/2u *"_ivl_144", 1 0, L_0x709717356c30;  1 drivers
v0x61d6fb01eb40_0 .net *"_ivl_146", 31 0, L_0x61d6fb067990;  1 drivers
v0x61d6fb01ec20_0 .net *"_ivl_149", 29 0, L_0x61d6fb067ba0;  1 drivers
L_0x709717356c78 .functor BUFT 1, C4<00>, C4<0>, C4<0>, C4<0>;
v0x61d6fb01ed00_0 .net/2u *"_ivl_150", 1 0, L_0x709717356c78;  1 drivers
v0x61d6fb01ede0_0 .net *"_ivl_152", 31 0, L_0x61d6fb067c90;  1 drivers
v0x61d6fb01eec0_0 .net/2u *"_ivl_156", 0 0, L_0x709717356cc0;  1 drivers
v0x61d6fb01efa0_0 .net *"_ivl_159", 0 0, L_0x61d6fb067880;  1 drivers
v0x61d6fb01f060_0 .net/2u *"_ivl_162", 0 0, L_0x709717356d08;  1 drivers
v0x61d6fb01f140_0 .net *"_ivl_165", 0 0, L_0x61d6fb068270;  1 drivers
L_0x709717356d50 .functor BUFT 1, C4<xxxxxxxxxxxxxxxx>, C4<0>, C4<0>, C4<0>;
v0x61d6fb01f200_0 .net *"_ivl_166", 15 0, L_0x709717356d50;  1 drivers
v0x61d6fb01f2e0_0 .net *"_ivl_168", 31 0, L_0x61d6fb068540;  1 drivers
v0x61d6fb01f3c0_0 .net/2u *"_ivl_170", 0 0, L_0x709717356d98;  1 drivers
v0x61d6fb01f4a0_0 .net *"_ivl_173", 0 0, L_0x61d6fb0685e0;  1 drivers
v0x61d6fb01f560_0 .net *"_ivl_175", 15 0, L_0x61d6fb0686a0;  1 drivers
v0x61d6fb01f640_0 .net *"_ivl_176", 31 0, L_0x61d6fb068890;  1 drivers
v0x61d6fb01f720_0 .net/2u *"_ivl_178", 0 0, L_0x709717356de0;  1 drivers
v0x61d6fb01f800_0 .net/2u *"_ivl_18", 0 0, L_0x709717356ac8;  1 drivers
v0x61d6fb01f8e0_0 .net *"_ivl_181", 0 0, L_0x61d6fb0689d0;  1 drivers
L_0x709717356e28 .functor BUFT 1, C4<xxxxxxxxxxxxxxxx>, C4<0>, C4<0>, C4<0>;
v0x61d6fb01f9a0_0 .net *"_ivl_182", 15 0, L_0x709717356e28;  1 drivers
v0x61d6fb01fa80_0 .net *"_ivl_185", 15 0, L_0x61d6fb068c20;  1 drivers
v0x61d6fb01fb60_0 .net *"_ivl_186", 31 0, L_0x61d6fb068dd0;  1 drivers
v0x61d6fb01fc40_0 .net *"_ivl_188", 31 0, L_0x61d6fb068f40;  1 drivers
v0x61d6fb01fd20_0 .net *"_ivl_190", 31 0, L_0x61d6fb0691e0;  1 drivers
v0x61d6fb01fe00_0 .net/2u *"_ivl_194", 0 0, L_0x709717356e70;  1 drivers
v0x61d6fb01fee0_0 .net *"_ivl_196", 47 0, L_0x61d6fb069540;  1 drivers
v0x61d6fb01ffc0_0 .net *"_ivl_199", 0 0, L_0x61d6fb069d90;  1 drivers
v0x61d6fb020080_0 .net *"_ivl_202", 3 0, L_0x61d6fb06a100;  1 drivers
v0x61d6fb020160_0 .net *"_ivl_207", 0 0, L_0x61d6fb06a520;  1 drivers
v0x61d6fb020220_0 .net/2u *"_ivl_208", 31 0, L_0x709717356eb8;  1 drivers
v0x61d6fb020300_0 .net *"_ivl_21", 0 0, L_0x61d6fb0632b0;  1 drivers
v0x61d6fb0203c0_0 .net *"_ivl_210", 31 0, L_0x61d6fb06a730;  1 drivers
L_0x709717356f00 .functor BUFT 1, C4<01000000>, C4<0>, C4<0>, C4<0>;
v0x61d6fb0204a0_0 .net/2u *"_ivl_214", 7 0, L_0x709717356f00;  1 drivers
v0x61d6fb020580_0 .net *"_ivl_216", 0 0, L_0x61d6fb06a990;  1 drivers
v0x61d6fb020640_0 .net *"_ivl_219", 0 0, L_0x61d6fb06ac10;  1 drivers
v0x61d6fb020700_0 .net/2u *"_ivl_220", 0 0, L_0x709717356f48;  1 drivers
v0x61d6fb0207e0_0 .net *"_ivl_223", 0 0, L_0x61d6fb06aeb0;  1 drivers
v0x61d6fb0208a0_0 .net *"_ivl_225", 0 0, L_0x61d6fb06afa0;  1 drivers
v0x61d6fb020960_0 .net *"_ivl_226", 31 0, L_0x61d6fb06b250;  1 drivers
v0x61d6fb020a40_0 .net *"_ivl_228", 31 0, L_0x61d6fb06b320;  1 drivers
v0x61d6fb020b20_0 .net *"_ivl_23", 0 0, L_0x61d6fb0633e0;  1 drivers
v0x61d6fb020be0_0 .net *"_ivl_231", 0 0, L_0x61d6fb06b610;  1 drivers
v0x61d6fb020ca0_0 .net *"_ivl_233", 0 0, L_0x61d6fb06b700;  1 drivers
v0x61d6fb020d60_0 .net *"_ivl_25", 0 0, L_0x61d6fb0634d0;  1 drivers
v0x61d6fb020e40_0 .net *"_ivl_27", 0 0, L_0x61d6fb063570;  1 drivers
v0x61d6fb020f00_0 .net *"_ivl_29", 0 0, L_0x61d6fb063720;  1 drivers
v0x61d6fb020fc0_0 .net/2u *"_ivl_32", 0 0, L_0x709717356b10;  1 drivers
v0x61d6fb0210a0_0 .net *"_ivl_35", 0 0, L_0x61d6fb063900;  1 drivers
v0x61d6fb021160_0 .net *"_ivl_37", 0 0, L_0x61d6fb063a40;  1 drivers
v0x61d6fb021220_0 .net *"_ivl_38", 0 0, L_0x61d6fb063b40;  1 drivers
v0x61d6fb021300_0 .net/2u *"_ivl_42", 0 0, L_0x709717356b58;  1 drivers
v0x61d6fb0213e0_0 .net *"_ivl_45", 0 0, L_0x61d6fb063d80;  1 drivers
v0x61d6fb0214a0_0 .net *"_ivl_47", 0 0, L_0x61d6fb063ed0;  1 drivers
v0x61d6fb021560_0 .net *"_ivl_49", 0 0, L_0x61d6fb063f90;  1 drivers
v0x61d6fb021620_0 .net *"_ivl_53", 0 0, L_0x61d6fb064270;  1 drivers
v0x61d6fb0216e0_0 .net *"_ivl_55", 0 0, L_0x61d6fb0642e0;  1 drivers
v0x61d6fb0217a0_0 .net *"_ivl_58", 3 0, L_0x61d6fb0641d0;  1 drivers
v0x61d6fb021880_0 .net *"_ivl_63", 0 0, L_0x61d6fb064780;  1 drivers
v0x61d6fb021940_0 .net *"_ivl_65", 0 0, L_0x61d6fb064870;  1 drivers
v0x61d6fb021a00_0 .net *"_ivl_67", 0 0, L_0x61d6fb0649f0;  1 drivers
v0x61d6fb021ac0_0 .net *"_ivl_69", 0 0, L_0x61d6fb064a60;  1 drivers
v0x61d6fb021b80_0 .net *"_ivl_71", 0 0, L_0x61d6fb064c40;  1 drivers
v0x61d6fb021c40_0 .net *"_ivl_73", 0 0, L_0x61d6fb064d50;  1 drivers
v0x61d6fb021d00_0 .net *"_ivl_75", 0 0, L_0x61d6fb064e40;  1 drivers
v0x61d6fb021dc0_0 .net *"_ivl_77", 0 0, L_0x61d6fb064fe0;  1 drivers
v0x61d6fb021e80_0 .net *"_ivl_79", 0 0, L_0x61d6fb0650f0;  1 drivers
v0x61d6fb021f40_0 .net *"_ivl_81", 0 0, L_0x61d6fb0652a0;  1 drivers
v0x61d6fb022000_0 .net *"_ivl_83", 1 0, L_0x61d6fb065430;  1 drivers
v0x61d6fb0220e0_0 .net *"_ivl_85", 0 0, L_0x61d6fb0654d0;  1 drivers
v0x61d6fb0221a0_0 .net *"_ivl_87", 0 0, L_0x61d6fb0655e0;  1 drivers
v0x61d6fb022260_0 .net *"_ivl_89", 0 0, L_0x61d6fb0656e0;  1 drivers
v0x61d6fb022320_0 .net *"_ivl_93", 0 0, L_0x61d6fb0659b0;  1 drivers
v0x61d6fb0223e0_0 .net *"_ivl_95", 0 0, L_0x61d6fb065a50;  1 drivers
v0x61d6fb0224a0_0 .net *"_ivl_99", 0 0, L_0x61d6fb065d20;  1 drivers
v0x61d6fb022560_0 .var "alu_add_sub", 31 0;
v0x61d6fb022640_0 .var "alu_eq", 0 0;
v0x61d6fb022700_0 .var "alu_lts", 0 0;
v0x61d6fb0227c0_0 .var "alu_ltu", 0 0;
v0x61d6fb022880_0 .var "alu_out", 31 0;
v0x61d6fb022960_0 .var "alu_out_0", 0 0;
v0x61d6fb022a20_0 .var "alu_out_0_q", 0 0;
v0x61d6fb022ae0_0 .var "alu_out_q", 31 0;
v0x61d6fb022bc0_0 .var "alu_shl", 31 0;
v0x61d6fb022ca0_0 .var "alu_shr", 31 0;
v0x61d6fb022d80_0 .var "alu_wait", 0 0;
v0x61d6fb022e40_0 .var "alu_wait_2", 0 0;
v0x61d6fb022f00_0 .var "cached_ascii_instr", 63 0;
v0x61d6fb022fe0_0 .var "cached_insn_imm", 31 0;
v0x61d6fb0230c0_0 .var "cached_insn_opcode", 31 0;
v0x61d6fb0231a0_0 .var "cached_insn_rd", 4 0;
v0x61d6fb023280_0 .var "cached_insn_rs1", 4 0;
v0x61d6fb023360_0 .var "cached_insn_rs2", 4 0;
v0x61d6fb023440_0 .var "clear_prefetched_high_word", 0 0;
v0x61d6fb023500_0 .var "clear_prefetched_high_word_q", 0 0;
v0x61d6fb0235c0_0 .net "clk", 0 0, L_0x61d6fb0628c0;  alias, 1 drivers
v0x61d6fb023680_0 .var "compressed_instr", 0 0;
v0x61d6fb023740_0 .var "count_cycle", 63 0;
v0x61d6fb023820_0 .var "count_instr", 63 0;
v0x61d6fb023900_0 .var "cpu_state", 7 0;
v0x61d6fb0239e0 .array "cpuregs", 31 0, 31 0;
v0x61d6fb023ea0_0 .var "cpuregs_rs1", 31 0;
v0x61d6fb023f80_0 .var "cpuregs_rs2", 31 0;
v0x61d6fb024060_0 .var "cpuregs_wrdata", 31 0;
v0x61d6fb024140_0 .var "cpuregs_write", 0 0;
v0x61d6fb024200_0 .var "current_pc", 31 0;
v0x61d6fb0242e0_0 .var "dbg_ascii_instr", 63 0;
v0x61d6fb0243c0_0 .var "dbg_ascii_state", 127 0;
v0x61d6fb0244a0_0 .var "dbg_insn_addr", 31 0;
v0x61d6fb024580_0 .var "dbg_insn_imm", 31 0;
v0x61d6fb024e70_0 .var "dbg_insn_opcode", 31 0;
v0x61d6fb024f50_0 .var "dbg_insn_rd", 4 0;
v0x61d6fb025030_0 .var "dbg_insn_rs1", 4 0;
v0x61d6fb025110_0 .var "dbg_insn_rs2", 4 0;
v0x61d6fb0251f0_0 .net "dbg_mem_addr", 31 0, L_0x61d6fb062d70;  1 drivers
v0x61d6fb0252d0_0 .net "dbg_mem_instr", 0 0, L_0x61d6fb062bf0;  1 drivers
v0x61d6fb025390_0 .net "dbg_mem_rdata", 31 0, L_0x61d6fb063020;  1 drivers
v0x61d6fb025470_0 .net "dbg_mem_ready", 0 0, L_0x61d6fb062cb0;  1 drivers
v0x61d6fb025530_0 .net "dbg_mem_valid", 0 0, L_0x61d6fb062b00;  1 drivers
v0x61d6fb0255f0_0 .net "dbg_mem_wdata", 31 0, L_0x61d6fb062e60;  1 drivers
v0x61d6fb0256d0_0 .net "dbg_mem_wstrb", 3 0, L_0x61d6fb062f20;  1 drivers
v0x61d6fb0257b0_0 .var "dbg_next", 0 0;
v0x61d6fb025870_0 .var "dbg_rs1val", 31 0;
v0x61d6fb025950_0 .var "dbg_rs1val_valid", 0 0;
v0x61d6fb025a10_0 .var "dbg_rs2val", 31 0;
v0x61d6fb025af0_0 .var "dbg_rs2val_valid", 0 0;
v0x61d6fb025bb0_0 .var "dbg_valid_insn", 0 0;
v0x61d6fb025c70_0 .var "decoded_imm", 31 0;
v0x61d6fb025d50_0 .var "decoded_imm_j", 31 0;
v0x61d6fb025e30_0 .var "decoded_rd", 4 0;
v0x61d6fb025f10_0 .var "decoded_rs", 4 0;
v0x61d6fb025ff0_0 .var "decoded_rs1", 4 0;
v0x61d6fb0260d0_0 .var "decoded_rs2", 4 0;
v0x61d6fb0261b0_0 .var "decoder_pseudo_trigger", 0 0;
v0x61d6fb026270_0 .var "decoder_pseudo_trigger_q", 0 0;
v0x61d6fb026330_0 .var "decoder_trigger", 0 0;
v0x61d6fb0263f0_0 .var "decoder_trigger_q", 0 0;
v0x61d6fb0264b0_0 .var "do_waitirq", 0 0;
v0x61d6fb026570_0 .var "eoi", 31 0;
v0x61d6fb026650_0 .var "instr_add", 0 0;
v0x61d6fb026710_0 .var "instr_addi", 0 0;
v0x61d6fb0267d0_0 .var "instr_and", 0 0;
v0x61d6fb026890_0 .var "instr_andi", 0 0;
v0x61d6fb026950_0 .var "instr_auipc", 0 0;
v0x61d6fb026a10_0 .var "instr_beq", 0 0;
v0x61d6fb026ad0_0 .var "instr_bge", 0 0;
v0x61d6fb026b90_0 .var "instr_bgeu", 0 0;
v0x61d6fb026c50_0 .var "instr_blt", 0 0;
v0x61d6fb026d10_0 .var "instr_bltu", 0 0;
v0x61d6fb026dd0_0 .var "instr_bne", 0 0;
v0x61d6fb026e90_0 .var "instr_ecall_ebreak", 0 0;
v0x61d6fb026f50_0 .var "instr_fence", 0 0;
v0x61d6fb027010_0 .var "instr_getq", 0 0;
v0x61d6fb0270d0_0 .var "instr_jal", 0 0;
v0x61d6fb027190_0 .var "instr_jalr", 0 0;
v0x61d6fb027250_0 .var "instr_lb", 0 0;
v0x61d6fb027310_0 .var "instr_lbu", 0 0;
v0x61d6fb0273d0_0 .var "instr_lh", 0 0;
v0x61d6fb027490_0 .var "instr_lhu", 0 0;
v0x61d6fb027550_0 .var "instr_lui", 0 0;
v0x61d6fb027610_0 .var "instr_lw", 0 0;
v0x61d6fb0276d0_0 .var "instr_maskirq", 0 0;
v0x61d6fb027790_0 .var "instr_or", 0 0;
v0x61d6fb027850_0 .var "instr_ori", 0 0;
v0x61d6fb027910_0 .var "instr_rdcycle", 0 0;
v0x61d6fb0279d0_0 .var "instr_rdcycleh", 0 0;
v0x61d6fb027a90_0 .var "instr_rdinstr", 0 0;
v0x61d6fb027b50_0 .var "instr_rdinstrh", 0 0;
v0x61d6fb027c10_0 .var "instr_retirq", 0 0;
v0x61d6fb027cd0_0 .var "instr_sb", 0 0;
v0x61d6fb027d90_0 .var "instr_setq", 0 0;
v0x61d6fb027e50_0 .var "instr_sh", 0 0;
v0x61d6fb027f10_0 .var "instr_sll", 0 0;
v0x61d6fb027fd0_0 .var "instr_slli", 0 0;
v0x61d6fb028090_0 .var "instr_slt", 0 0;
v0x61d6fb028150_0 .var "instr_slti", 0 0;
v0x61d6fb028210_0 .var "instr_sltiu", 0 0;
v0x61d6fb0282d0_0 .var "instr_sltu", 0 0;
v0x61d6fb028390_0 .var "instr_sra", 0 0;
v0x61d6fb028450_0 .var "instr_srai", 0 0;
v0x61d6fb028510_0 .var "instr_srl", 0 0;
v0x61d6fb0285d0_0 .var "instr_srli", 0 0;
v0x61d6fb028690_0 .var "instr_sub", 0 0;
v0x61d6fb028750_0 .var "instr_sw", 0 0;
v0x61d6fb028810_0 .var "instr_timer", 0 0;
v0x61d6fb0288d0_0 .net "instr_trap", 0 0, L_0x61d6fb069ff0;  1 drivers
v0x61d6fb028990_0 .var "instr_waitirq", 0 0;
v0x61d6fb028a50_0 .var "instr_xor", 0 0;
v0x61d6fb028b10_0 .var "instr_xori", 0 0;
v0x61d6fb028bd0_0 .net "irq", 31 0, o0x7097173a7958;  alias, 0 drivers
v0x61d6fb028cb0_0 .var "irq_active", 0 0;
v0x61d6fb028d70_0 .var "irq_delay", 0 0;
v0x61d6fb028e30_0 .var "irq_mask", 31 0;
v0x61d6fb028f10_0 .var "irq_pending", 31 0;
v0x61d6fb028ff0_0 .var "irq_state", 1 0;
v0x61d6fb0290d0_0 .var "is_alu_reg_imm", 0 0;
v0x61d6fb029190_0 .var "is_alu_reg_reg", 0 0;
v0x61d6fb029250_0 .var "is_beq_bne_blt_bge_bltu_bgeu", 0 0;
v0x61d6fb029310_0 .var "is_compare", 0 0;
v0x61d6fb0293d0_0 .var "is_jalr_addi_slti_sltiu_xori_ori_andi", 0 0;
v0x61d6fb029490_0 .var "is_lb_lh_lw_lbu_lhu", 0 0;
v0x61d6fb029550_0 .var "is_lbu_lhu_lw", 0 0;
v0x61d6fb029610_0 .var "is_lui_auipc_jal", 0 0;
v0x61d6fb0296d0_0 .var "is_lui_auipc_jal_jalr_addi_add_sub", 0 0;
v0x61d6fb029790_0 .net "is_rdcycle_rdcycleh_rdinstr_rdinstrh", 0 0, L_0x61d6fb06a2e0;  1 drivers
v0x61d6fb029850_0 .var "is_sb_sh_sw", 0 0;
v0x61d6fb029910_0 .var "is_sll_srl_sra", 0 0;
v0x61d6fb0299d0_0 .var "is_slli_srli_srai", 0 0;
v0x61d6fb029a90_0 .var "is_slti_blt_slt", 0 0;
v0x61d6fb029b50_0 .var "is_sltiu_bltu_sltu", 0 0;
v0x61d6fb029c10_0 .var "last_mem_valid", 0 0;
v0x61d6fb029cd0_0 .var "latched_branch", 0 0;
v0x61d6fb029d90_0 .var "latched_compr", 0 0;
v0x61d6fb029e50_0 .var "latched_is_lb", 0 0;
v0x61d6fb029f10_0 .var "latched_is_lh", 0 0;
v0x61d6fb029fd0_0 .var "latched_is_lu", 0 0;
v0x61d6fb02a090_0 .var "latched_rd", 4 0;
v0x61d6fb02a170_0 .var "latched_stalu", 0 0;
v0x61d6fb02a230_0 .var "latched_store", 0 0;
v0x61d6fb02a2f0_0 .var "latched_trace", 0 0;
v0x61d6fb02a3b0_0 .net "launch_next_insn", 0 0, L_0x61d6fb06b810;  1 drivers
v0x61d6fb02a470_0 .var "mem_16bit_buffer", 15 0;
v0x61d6fb02a550_0 .var "mem_addr", 31 0;
v0x61d6fb02a630_0 .net "mem_busy", 0 0, L_0x61d6fb064690;  1 drivers
v0x61d6fb02a6f0_0 .var "mem_do_prefetch", 0 0;
v0x61d6fb02a7b0_0 .var "mem_do_rdata", 0 0;
v0x61d6fb02a870_0 .var "mem_do_rinst", 0 0;
v0x61d6fb02a930_0 .var "mem_do_wdata", 0 0;
v0x61d6fb02a9f0_0 .net "mem_done", 0 0, L_0x61d6fb0658a0;  1 drivers
v0x61d6fb02aab0_0 .var "mem_instr", 0 0;
v0x61d6fb02ab70_0 .net "mem_la_addr", 31 0, L_0x61d6fb067eb0;  1 drivers
v0x61d6fb02ac50_0 .net "mem_la_firstword", 0 0, L_0x61d6fb0637c0;  1 drivers
v0x61d6fb02ad10_0 .var "mem_la_firstword_reg", 0 0;
v0x61d6fb02add0_0 .net "mem_la_firstword_xfer", 0 0, L_0x61d6fb0636b0;  1 drivers
v0x61d6fb02ae90_0 .net "mem_la_read", 0 0, L_0x61d6fb067340;  1 drivers
v0x61d6fb02af50_0 .var "mem_la_secondword", 0 0;
v0x61d6fb02b010_0 .net "mem_la_use_prefetched_high_word", 0 0, L_0x61d6fb064090;  1 drivers
v0x61d6fb02b0d0_0 .var "mem_la_wdata", 31 0;
v0x61d6fb024660_0 .net "mem_la_write", 0 0, L_0x61d6fb065c60;  1 drivers
v0x61d6fb024720_0 .var "mem_la_wstrb", 3 0;
v0x61d6fb024800_0 .net "mem_rdata", 31 0, v0x61d6fb02f880_0;  1 drivers
v0x61d6fb0248e0_0 .net "mem_rdata_latched", 31 0, L_0x61d6fb069370;  1 drivers
v0x61d6fb0249c0_0 .net "mem_rdata_latched_noshuffle", 31 0, L_0x61d6fb068090;  1 drivers
v0x61d6fb024aa0_0 .var "mem_rdata_q", 31 0;
v0x61d6fb024b80_0 .var "mem_rdata_word", 31 0;
v0x61d6fb024c60_0 .net "mem_ready", 0 0, v0x61d6fb02f950_0;  1 drivers
v0x61d6fb024d20_0 .var "mem_state", 1 0;
v0x61d6fb02c180_0 .var "mem_valid", 0 0;
v0x61d6fb02c220_0 .var "mem_wdata", 31 0;
v0x61d6fb02c300_0 .var "mem_wordsize", 1 0;
v0x61d6fb02c3e0_0 .var "mem_wstrb", 3 0;
v0x61d6fb02c4c0_0 .net "mem_xfer", 0 0, L_0x61d6fb0644a0;  1 drivers
v0x61d6fb02c580_0 .var "new_ascii_instr", 63 0;
v0x61d6fb02c660_0 .var "next_insn_opcode", 31 0;
v0x61d6fb02c740_0 .var "next_irq_pending", 31 0;
v0x61d6fb02c820_0 .net "next_pc", 31 0, L_0x61d6fb06a850;  1 drivers
L_0x7097173569f0 .functor BUFT 1, C4<xxxxxxxxxxxxxxxxxxxxxxxxxxxxxxxx>, C4<0>, C4<0>, C4<0>;
v0x61d6fb02c900_0 .net "pcpi_div_rd", 31 0, L_0x7097173569f0;  1 drivers
L_0x709717356a80 .functor BUFT 1, C4<0>, C4<0>, C4<0>, C4<0>;
v0x61d6fb02c9e0_0 .net "pcpi_div_ready", 0 0, L_0x709717356a80;  1 drivers
L_0x709717356a38 .functor BUFT 1, C4<0>, C4<0>, C4<0>, C4<0>;
v0x61d6fb02caa0_0 .net "pcpi_div_wait", 0 0, L_0x709717356a38;  1 drivers
L_0x7097173569a8 .functor BUFT 1, C4<0>, C4<0>, C4<0>, C4<0>;
v0x61d6fb02cb60_0 .net "pcpi_div_wr", 0 0, L_0x7097173569a8;  1 drivers
v0x61d6fb02cc20_0 .var "pcpi_insn", 31 0;
v0x61d6fb02cd00_0 .var "pcpi_int_rd", 31 0;
v0x61d6fb02cde0_0 .var "pcpi_int_ready", 0 0;
v0x61d6fb02cea0_0 .var "pcpi_int_wait", 0 0;
v0x61d6fb02cf60_0 .var "pcpi_int_wr", 0 0;
L_0x7097173568d0 .functor BUFT 1, C4<xxxxxxxxxxxxxxxxxxxxxxxxxxxxxxxx>, C4<0>, C4<0>, C4<0>;
v0x61d6fb02d020_0 .net "pcpi_mul_rd", 31 0, L_0x7097173568d0;  1 drivers
L_0x709717356960 .functor BUFT 1, C4<0>, C4<0>, C4<0>, C4<0>;
v0x61d6fb02d100_0 .net "pcpi_mul_ready", 0 0, L_0x709717356960;  1 drivers
L_0x709717356918 .functor BUFT 1, C4<0>, C4<0>, C4<0>, C4<0>;
v0x61d6fb02d1c0_0 .net "pcpi_mul_wait", 0 0, L_0x709717356918;  1 drivers
L_0x709717356888 .functor BUFT 1, C4<0>, C4<0>, C4<0>, C4<0>;
v0x61d6fb02d280_0 .net "pcpi_mul_wr", 0 0, L_0x709717356888;  1 drivers
v0x61d6fb02d340_0 .net "pcpi_rd", 31 0, o0x7097173a8858;  alias, 0 drivers
v0x61d6fb02d420_0 .net "pcpi_ready", 0 0, o0x7097173a8888;  alias, 0 drivers
v0x61d6fb02d4e0_0 .net "pcpi_rs1", 31 0, L_0x61d6fb0630e0;  alias, 1 drivers
v0x61d6fb02d5c0_0 .net "pcpi_rs2", 31 0, L_0x61d6fb0631f0;  alias, 1 drivers
v0x61d6fb02d6a0_0 .var "pcpi_timeout", 0 0;
v0x61d6fb02d760_0 .var "pcpi_valid", 0 0;
v0x61d6fb02d820_0 .net "pcpi_wait", 0 0, o0x7097173a8978;  alias, 0 drivers
v0x61d6fb02d8e0_0 .net "pcpi_wr", 0 0, o0x7097173a89a8;  alias, 0 drivers
v0x61d6fb02d9a0_0 .var "prefetched_high_word", 0 0;
v0x61d6fb02da60_0 .var "q_ascii_instr", 63 0;
v0x61d6fb02db40_0 .var "q_insn_imm", 31 0;
v0x61d6fb02dc20_0 .var "q_insn_opcode", 31 0;
v0x61d6fb02dd00_0 .var "q_insn_rd", 4 0;
v0x61d6fb02dde0_0 .var "q_insn_rs1", 4 0;
v0x61d6fb02dec0_0 .var "q_insn_rs2", 4 0;
v0x61d6fb02dfa0_0 .var "reg_next_pc", 31 0;
v0x61d6fb02e080_0 .var "reg_op1", 31 0;
v0x61d6fb02e160_0 .var "reg_op2", 31 0;
v0x61d6fb02e240_0 .var "reg_out", 31 0;
v0x61d6fb02e320_0 .var "reg_pc", 31 0;
v0x61d6fb02e400_0 .var "reg_sh", 4 0;
v0x61d6fb02e4e0_0 .net "resetn", 0 0, L_0x61d6fb062980;  alias, 1 drivers
v0x61d6fb02e5a0_0 .var "set_mem_do_rdata", 0 0;
v0x61d6fb02e660_0 .var "set_mem_do_rinst", 0 0;
v0x61d6fb02e720_0 .var "set_mem_do_wdata", 0 0;
v0x61d6fb02e7e0_0 .var "timer", 31 0;
v0x61d6fb02e8c0_0 .var "trace_data", 35 0;
v0x61d6fb02e9a0_0 .var "trace_valid", 0 0;
v0x61d6fb02ea60_0 .var "trap", 0 0;
E_0x61d6fb01c7f0 .event posedge, v0x61d6fb0235c0_0;
v0x61d6fb0239e0_0 .array/port v0x61d6fb0239e0, 0;
v0x61d6fb0239e0_1 .array/port v0x61d6fb0239e0, 1;
v0x61d6fb0239e0_2 .array/port v0x61d6fb0239e0, 2;
E_0x61d6fb01c870/0 .event edge, v0x61d6fb025ff0_0, v0x61d6fb0239e0_0, v0x61d6fb0239e0_1, v0x61d6fb0239e0_2;
v0x61d6fb0239e0_3 .array/port v0x61d6fb0239e0, 3;
v0x61d6fb0239e0_4 .array/port v0x61d6fb0239e0, 4;
v0x61d6fb0239e0_5 .array/port v0x61d6fb0239e0, 5;
v0x61d6fb0239e0_6 .array/port v0x61d6fb0239e0, 6;
E_0x61d6fb01c870/1 .event edge, v0x61d6fb0239e0_3, v0x61d6fb0239e0_4, v0x61d6fb0239e0_5, v0x61d6fb0239e0_6;
v0x61d6fb0239e0_7 .array/port v0x61d6fb0239e0, 7;
v0x61d6fb0239e0_8 .array/port v0x61d6fb0239e0, 8;
v0x61d6fb0239e0_9 .array/port v0x61d6fb0239e0, 9;
v0x61d6fb0239e0_10 .array/port v0x61d6fb0239e0, 10;
E_0x61d6fb01c870/2 .event edge, v0x61d6fb0239e0_7, v0x61d6fb0239e0_8, v0x61d6fb0239e0_9, v0x61d6fb0239e0_10;
v0x61d6fb0239e0_11 .array/port v0x61d6fb0239e0, 11;
v0x61d6fb0239e0_12 .array/port v0x61d6fb0239e0, 12;
v0x61d6fb0239e0_13 .array/port v0x61d6fb0239e0, 13;
v0x61d6fb0239e0_14 .array/port v0x61d6fb0239e0, 14;
E_0x61d6fb01c870/3 .event edge, v0x61d6fb0239e0_11, v0x61d6fb0239e0_12, v0x61d6fb0239e0_13, v0x61d6fb0239e0_14;
v0x61d6fb0239e0_15 .array/port v0x61d6fb0239e0, 15;
v0x61d6fb0239e0_16 .array/port v0x61d6fb0239e0, 16;
v0x61d6fb0239e0_17 .array/port v0x61d6fb0239e0, 17;
v0x61d6fb0239e0_18 .array/port v0x61d6fb0239e0, 18;
E_0x61d6fb01c870/4 .event edge, v0x61d6fb0239e0_15, v0x61d6fb0239e0_16, v0x61d6fb0239e0_17, v0x61d6fb0239e0_18;
v0x61d6fb0239e0_19 .array/port v0x61d6fb0239e0, 19;
v0x61d6fb0239e0_20 .array/port v0x61d6fb0239e0, 20;
v0x61d6fb0239e0_21 .array/port v0x61d6fb0239e0, 21;
v0x61d6fb0239e0_22 .array/port v0x61d6fb0239e0, 22;
E_0x61d6fb01c870/5 .event edge, v0x61d6fb0239e0_19, v0x61d6fb0239e0_20, v0x61d6fb0239e0_21, v0x61d6fb0239e0_22;
v0x61d6fb0239e0_23 .array/port v0x61d6fb0239e0, 23;
v0x61d6fb0239e0_24 .array/port v0x61d6fb0239e0, 24;
v0x61d6fb0239e0_25 .array/port v0x61d6fb0239e0, 25;
v0x61d6fb0239e0_26 .array/port v0x61d6fb0239e0, 26;
E_0x61d6fb01c870/6 .event edge, v0x61d6fb0239e0_23, v0x61d6fb0239e0_24, v0x61d6fb0239e0_25, v0x61d6fb0239e0_26;
v0x61d6fb0239e0_27 .array/port v0x61d6fb0239e0, 27;
v0x61d6fb0239e0_28 .array/port v0x61d6fb0239e0, 28;
v0x61d6fb0239e0_29 .array/port v0x61d6fb0239e0, 29;
v0x61d6fb0239e0_30 .array/port v0x61d6fb0239e0, 30;
E_0x61d6fb01c870/7 .event edge, v0x61d6fb0239e0_27, v0x61d6fb0239e0_28, v0x61d6fb0239e0_29, v0x61d6fb0239e0_30;
v0x61d6fb0239e0_31 .array/port v0x61d6fb0239e0, 31;
E_0x61d6fb01c870/8 .event edge, v0x61d6fb0239e0_31, v0x61d6fb0260d0_0;
E_0x61d6fb01c870 .event/or E_0x61d6fb01c870/0, E_0x61d6fb01c870/1, E_0x61d6fb01c870/2, E_0x61d6fb01c870/3, E_0x61d6fb01c870/4, E_0x61d6fb01c870/5, E_0x61d6fb01c870/6, E_0x61d6fb01c870/7, E_0x61d6fb01c870/8;
E_0x61d6fb01c9d0/0 .event edge, v0x61d6fb023900_0, v0x61d6fb02e320_0, v0x61d6fb029d90_0, v0x61d6fb029cd0_0;
E_0x61d6fb01c9d0/1 .event edge, v0x61d6fb02a170_0, v0x61d6fb022ae0_0, v0x61d6fb02e240_0, v0x61d6fb02a230_0;
E_0x61d6fb01c9d0/2 .event edge, v0x61d6fb02dfa0_0, v0x61d6fb028ff0_0, v0x61d6fb028f10_0, v0x61d6fb028e30_0;
E_0x61d6fb01c9d0 .event/or E_0x61d6fb01c9d0/0, E_0x61d6fb01c9d0/1, E_0x61d6fb01c9d0/2;
E_0x61d6fb01ca80/0 .event edge, v0x61d6fb023500_0, v0x61d6fb02d9a0_0, v0x61d6fb029cd0_0, v0x61d6fb028ff0_0;
E_0x61d6fb01ca80/1 .event edge, v0x61d6fb02e4e0_0;
E_0x61d6fb01ca80 .event/or E_0x61d6fb01ca80/0, E_0x61d6fb01ca80/1;
E_0x61d6fb01cb20/0 .event edge, v0x61d6fb022640_0, v0x61d6fb026a10_0, v0x61d6fb026dd0_0, v0x61d6fb022700_0;
E_0x61d6fb01cb20/1 .event edge, v0x61d6fb026ad0_0, v0x61d6fb0227c0_0, v0x61d6fb026b90_0, v0x61d6fb029a90_0;
E_0x61d6fb01cb20/2 .event edge, v0x61d6fb029b50_0, v0x61d6fb022560_0, v0x61d6fb0296d0_0, v0x61d6fb022960_0;
E_0x61d6fb01cb20/3 .event edge, v0x61d6fb029310_0, v0x61d6fb02e080_0, v0x61d6fb02e160_0, v0x61d6fb028b10_0;
E_0x61d6fb01cb20/4 .event edge, v0x61d6fb028a50_0, v0x61d6fb027850_0, v0x61d6fb027790_0, v0x61d6fb026890_0;
E_0x61d6fb01cb20/5 .event edge, v0x61d6fb0267d0_0, v0x61d6fb022bc0_0, v0x61d6fb027f10_0, v0x61d6fb027fd0_0;
E_0x61d6fb01cb20/6 .event edge, v0x61d6fb022ca0_0, v0x61d6fb028510_0, v0x61d6fb0285d0_0, v0x61d6fb028390_0;
E_0x61d6fb01cb20/7 .event edge, v0x61d6fb028450_0;
E_0x61d6fb01cb20 .event/or E_0x61d6fb01cb20/0, E_0x61d6fb01cb20/1, E_0x61d6fb01cb20/2, E_0x61d6fb01cb20/3, E_0x61d6fb01cb20/4, E_0x61d6fb01cb20/5, E_0x61d6fb01cb20/6, E_0x61d6fb01cb20/7;
E_0x61d6fb01cc50 .event edge, v0x61d6fb023900_0;
E_0x61d6fb01ccf0/0 .event edge, v0x61d6fb02da60_0, v0x61d6fb02db40_0, v0x61d6fb02dc20_0, v0x61d6fb02dde0_0;
E_0x61d6fb01ccf0/1 .event edge, v0x61d6fb02dec0_0, v0x61d6fb02dd00_0, v0x61d6fb0257b0_0, v0x61d6fb026270_0;
E_0x61d6fb01ccf0/2 .event edge, v0x61d6fb022f00_0, v0x61d6fb022fe0_0, v0x61d6fb0230c0_0, v0x61d6fb023280_0;
E_0x61d6fb01ccf0/3 .event edge, v0x61d6fb023360_0, v0x61d6fb0231a0_0, v0x61d6fb02c580_0, v0x61d6fb02c660_0;
E_0x61d6fb01ccf0/4 .event edge, v0x61d6fb025c70_0, v0x61d6fb025ff0_0, v0x61d6fb0260d0_0, v0x61d6fb025e30_0;
E_0x61d6fb01ccf0 .event/or E_0x61d6fb01ccf0/0, E_0x61d6fb01ccf0/1, E_0x61d6fb01ccf0/2, E_0x61d6fb01ccf0/3, E_0x61d6fb01ccf0/4;
E_0x61d6fb01cde0/0 .event edge, v0x61d6fb027550_0, v0x61d6fb026950_0, v0x61d6fb0270d0_0, v0x61d6fb027190_0;
E_0x61d6fb01cde0/1 .event edge, v0x61d6fb026a10_0, v0x61d6fb026dd0_0, v0x61d6fb026c50_0, v0x61d6fb026ad0_0;
E_0x61d6fb01cde0/2 .event edge, v0x61d6fb026d10_0, v0x61d6fb026b90_0, v0x61d6fb027250_0, v0x61d6fb0273d0_0;
E_0x61d6fb01cde0/3 .event edge, v0x61d6fb027610_0, v0x61d6fb027310_0, v0x61d6fb027490_0, v0x61d6fb027cd0_0;
E_0x61d6fb01cde0/4 .event edge, v0x61d6fb027e50_0, v0x61d6fb028750_0, v0x61d6fb026710_0, v0x61d6fb028150_0;
E_0x61d6fb01cde0/5 .event edge, v0x61d6fb028210_0, v0x61d6fb028b10_0, v0x61d6fb027850_0, v0x61d6fb026890_0;
E_0x61d6fb01cde0/6 .event edge, v0x61d6fb027fd0_0, v0x61d6fb0285d0_0, v0x61d6fb028450_0, v0x61d6fb026650_0;
E_0x61d6fb01cde0/7 .event edge, v0x61d6fb028690_0, v0x61d6fb027f10_0, v0x61d6fb028090_0, v0x61d6fb0282d0_0;
E_0x61d6fb01cde0/8 .event edge, v0x61d6fb028a50_0, v0x61d6fb028510_0, v0x61d6fb028390_0, v0x61d6fb027790_0;
E_0x61d6fb01cde0/9 .event edge, v0x61d6fb0267d0_0, v0x61d6fb027910_0, v0x61d6fb0279d0_0, v0x61d6fb027a90_0;
E_0x61d6fb01cde0/10 .event edge, v0x61d6fb027b50_0, v0x61d6fb026f50_0, v0x61d6fb027010_0, v0x61d6fb027d90_0;
E_0x61d6fb01cde0/11 .event edge, v0x61d6fb027c10_0, v0x61d6fb0276d0_0, v0x61d6fb028990_0, v0x61d6fb028810_0;
E_0x61d6fb01cde0 .event/or E_0x61d6fb01cde0/0, E_0x61d6fb01cde0/1, E_0x61d6fb01cde0/2, E_0x61d6fb01cde0/3, E_0x61d6fb01cde0/4, E_0x61d6fb01cde0/5, E_0x61d6fb01cde0/6, E_0x61d6fb01cde0/7, E_0x61d6fb01cde0/8, E_0x61d6fb01cde0/9, E_0x61d6fb01cde0/10, E_0x61d6fb01cde0/11;
E_0x61d6fb01cc90 .event edge, v0x61d6fb02c300_0, v0x61d6fb02e160_0, v0x61d6fb024800_0, v0x61d6fb02e080_0;
E_0x61d6fb01d030/0 .event edge, v0x61d6fb02d820_0, v0x61d6fb02d1c0_0, v0x61d6fb02caa0_0, v0x61d6fb02d420_0;
E_0x61d6fb01d030/1 .event edge, v0x61d6fb02d100_0, v0x61d6fb02c9e0_0, v0x61d6fb02d280_0, v0x61d6fb02d020_0;
E_0x61d6fb01d030/2 .event edge, v0x61d6fb02cb60_0, v0x61d6fb02c900_0;
E_0x61d6fb01d030 .event/or E_0x61d6fb01d030/0, E_0x61d6fb01d030/1, E_0x61d6fb01d030/2;
L_0x61d6fb0634d0 .part L_0x61d6fb06a850, 1, 1;
L_0x61d6fb063720 .reduce/nor v0x61d6fb02af50_0;
L_0x61d6fb063a40 .reduce/nor v0x61d6fb029c10_0;
L_0x61d6fb063b40 .functor MUXZ 1, v0x61d6fb02ad10_0, L_0x61d6fb0637c0, L_0x61d6fb063a40, C4<>;
L_0x61d6fb063f90 .reduce/nor v0x61d6fb023440_0;
L_0x61d6fb0641d0 .concat [ 1 1 1 1], v0x61d6fb02a930_0, v0x61d6fb02a7b0_0, v0x61d6fb02a870_0, v0x61d6fb02a6f0_0;
L_0x61d6fb064690 .reduce/or L_0x61d6fb0641d0;
L_0x61d6fb064780 .reduce/or v0x61d6fb024d20_0;
L_0x61d6fb064d50 .reduce/and v0x61d6fb024d20_0;
L_0x61d6fb0652a0 .reduce/nor L_0x61d6fb0637c0;
L_0x61d6fb065430 .part L_0x61d6fb069370, 0, 2;
L_0x61d6fb0654d0 .reduce/nand L_0x61d6fb065430;
L_0x61d6fb0659b0 .reduce/nor v0x61d6fb024d20_0;
L_0x61d6fb065d20 .reduce/nor L_0x61d6fb064090;
L_0x61d6fb065e40 .reduce/nor v0x61d6fb024d20_0;
L_0x61d6fb066570 .reduce/nor v0x61d6fb029c10_0;
L_0x61d6fb0666f0 .functor MUXZ 1, v0x61d6fb02ad10_0, L_0x61d6fb0637c0, L_0x61d6fb066570, C4<>;
L_0x61d6fb066940 .reduce/nor v0x61d6fb02af50_0;
L_0x61d6fb066d30 .part L_0x61d6fb069370, 0, 2;
L_0x61d6fb066e20 .reduce/and L_0x61d6fb066d30;
L_0x61d6fb066a30 .part L_0x61d6fb06a850, 2, 30;
L_0x61d6fb0675e0 .concat [ 1 29 0 0], L_0x61d6fb0636b0, L_0x709717356be8;
L_0x61d6fb0677e0 .arith/sum 30, L_0x61d6fb066a30, L_0x61d6fb0675e0;
L_0x61d6fb067990 .concat [ 2 30 0 0], L_0x709717356c30, L_0x61d6fb0677e0;
L_0x61d6fb067ba0 .part v0x61d6fb02e080_0, 2, 30;
L_0x61d6fb067c90 .concat [ 2 30 0 0], L_0x709717356c78, L_0x61d6fb067ba0;
L_0x61d6fb067eb0 .functor MUXZ 32, L_0x61d6fb067c90, L_0x61d6fb067990, L_0x61d6fb067400, C4<>;
L_0x61d6fb068090 .functor MUXZ 32, v0x61d6fb024aa0_0, v0x61d6fb02f880_0, L_0x61d6fb067880, C4<>;
L_0x61d6fb068540 .concat [ 16 16 0 0], v0x61d6fb02a470_0, L_0x709717356d50;
L_0x61d6fb0686a0 .part L_0x61d6fb068090, 0, 16;
L_0x61d6fb068890 .concat [ 16 16 0 0], v0x61d6fb02a470_0, L_0x61d6fb0686a0;
L_0x61d6fb068c20 .part L_0x61d6fb068090, 16, 16;
L_0x61d6fb068dd0 .concat [ 16 16 0 0], L_0x61d6fb068c20, L_0x709717356e28;
L_0x61d6fb068f40 .functor MUXZ 32, L_0x61d6fb068090, L_0x61d6fb068dd0, L_0x61d6fb0689d0, C4<>;
L_0x61d6fb0691e0 .functor MUXZ 32, L_0x61d6fb068f40, L_0x61d6fb068890, L_0x61d6fb0685e0, C4<>;
L_0x61d6fb069370 .functor MUXZ 32, L_0x61d6fb0691e0, L_0x61d6fb068540, L_0x61d6fb068270, C4<>;
LS_0x61d6fb069540_0_0 .concat [ 1 1 1 1], v0x61d6fb028810_0, v0x61d6fb028990_0, v0x61d6fb0276d0_0, v0x61d6fb027c10_0;
LS_0x61d6fb069540_0_4 .concat [ 1 1 1 1], v0x61d6fb027d90_0, v0x61d6fb027010_0, v0x61d6fb026f50_0, v0x61d6fb027b50_0;
LS_0x61d6fb069540_0_8 .concat [ 1 1 1 1], v0x61d6fb027a90_0, v0x61d6fb0279d0_0, v0x61d6fb027910_0, v0x61d6fb0267d0_0;
LS_0x61d6fb069540_0_12 .concat [ 1 1 1 1], v0x61d6fb027790_0, v0x61d6fb028390_0, v0x61d6fb028510_0, v0x61d6fb028a50_0;
LS_0x61d6fb069540_0_16 .concat [ 1 1 1 1], v0x61d6fb0282d0_0, v0x61d6fb028090_0, v0x61d6fb027f10_0, v0x61d6fb028690_0;
LS_0x61d6fb069540_0_20 .concat [ 1 1 1 1], v0x61d6fb026650_0, v0x61d6fb028450_0, v0x61d6fb0285d0_0, v0x61d6fb027fd0_0;
LS_0x61d6fb069540_0_24 .concat [ 1 1 1 1], v0x61d6fb026890_0, v0x61d6fb027850_0, v0x61d6fb028b10_0, v0x61d6fb028210_0;
LS_0x61d6fb069540_0_28 .concat [ 1 1 1 1], v0x61d6fb028150_0, v0x61d6fb026710_0, v0x61d6fb028750_0, v0x61d6fb027e50_0;
LS_0x61d6fb069540_0_32 .concat [ 1 1 1 1], v0x61d6fb027cd0_0, v0x61d6fb027490_0, v0x61d6fb027310_0, v0x61d6fb027610_0;
LS_0x61d6fb069540_0_36 .concat [ 1 1 1 1], v0x61d6fb0273d0_0, v0x61d6fb027250_0, v0x61d6fb026b90_0, v0x61d6fb026d10_0;
LS_0x61d6fb069540_0_40 .concat [ 1 1 1 1], v0x61d6fb026ad0_0, v0x61d6fb026c50_0, v0x61d6fb026dd0_0, v0x61d6fb026a10_0;
LS_0x61d6fb069540_0_44 .concat [ 1 1 1 1], v0x61d6fb027190_0, v0x61d6fb0270d0_0, v0x61d6fb026950_0, v0x61d6fb027550_0;
LS_0x61d6fb069540_1_0 .concat [ 4 4 4 4], LS_0x61d6fb069540_0_0, LS_0x61d6fb069540_0_4, LS_0x61d6fb069540_0_8, LS_0x61d6fb069540_0_12;
LS_0x61d6fb069540_1_4 .concat [ 4 4 4 4], LS_0x61d6fb069540_0_16, LS_0x61d6fb069540_0_20, LS_0x61d6fb069540_0_24, LS_0x61d6fb069540_0_28;
LS_0x61d6fb069540_1_8 .concat [ 4 4 4 4], LS_0x61d6fb069540_0_32, LS_0x61d6fb069540_0_36, LS_0x61d6fb069540_0_40, LS_0x61d6fb069540_0_44;
L_0x61d6fb069540 .concat [ 16 16 16 0], LS_0x61d6fb069540_1_0, LS_0x61d6fb069540_1_4, LS_0x61d6fb069540_1_8;
L_0x61d6fb069d90 .reduce/nor L_0x61d6fb069540;
L_0x61d6fb06a100 .concat [ 1 1 1 1], v0x61d6fb027b50_0, v0x61d6fb027a90_0, v0x61d6fb0279d0_0, v0x61d6fb027910_0;
L_0x61d6fb06a2e0 .reduce/or L_0x61d6fb06a100;
L_0x61d6fb06a850 .functor MUXZ 32, v0x61d6fb02dfa0_0, L_0x61d6fb06a730, L_0x61d6fb06a520, C4<>;
L_0x61d6fb06a990 .cmp/eq 8, v0x61d6fb023900_0, L_0x709717356f00;
L_0x61d6fb06b610 .reduce/nor L_0x61d6fb06b320;
S_0x61d6fb01d130 .scope task, "empty_statement" "empty_statement" 2 214, 2 214 0, S_0x61d6fb01a410;
 .timescale -9 -12;
TD_picorv32_wb.picorv32_core.empty_statement ;
    %end;
S_0x61d6fb01d2c0 .scope generate, "genblk4" "genblk4" 2 285, 2 285 0, S_0x61d6fb01a410;
 .timescale -9 -12;
S_0x61d6fb01d4c0 .scope generate, "genblk6" "genblk6" 2 305, 2 305 0, S_0x61d6fb01a410;
 .timescale -9 -12;
S_0x61d6fb01d6a0 .scope generate, "genblk8" "genblk8" 2 1229, 2 1229 0, S_0x61d6fb01a410;
 .timescale -9 -12;
E_0x61d6fb01d880/0 .event edge, v0x61d6fb028690_0, v0x61d6fb02e080_0, v0x61d6fb02e160_0, v0x61d6fb028390_0;
E_0x61d6fb01d880/1 .event edge, v0x61d6fb028450_0;
E_0x61d6fb01d880 .event/or E_0x61d6fb01d880/0, E_0x61d6fb01d880/1;
S_0x61d6faed83f0 .scope module, "tb_main" "tb_main" 3 1;
 .timescale 0 0;
v0x61d6fb047300_0 .var "clk", 0 0;
v0x61d6fb0473c0_0 .net "mem_addr", 31 0, v0x61d6fb041900_0;  1 drivers
v0x61d6fb047480_0 .net "mem_instr", 0 0, v0x61d6fb041e60_0;  1 drivers
v0x61d6fb047570_0 .net "mem_rdata", 31 0, v0x61d6fb046f40_0;  1 drivers
v0x61d6fb047610_0 .net "mem_ready", 0 0, v0x61d6fb047030_0;  1 drivers
v0x61d6fb047700_0 .net "mem_valid", 0 0, v0x61d6fb043530_0;  1 drivers
v0x61d6fb0477a0_0 .net "mem_wdata", 31 0, v0x61d6fb0435d0_0;  1 drivers
v0x61d6fb0478b0_0 .net "mem_wstrb", 3 0, v0x61d6fb043790_0;  1 drivers
v0x61d6fb0479c0_0 .var "resetn", 0 0;
S_0x61d6fb031360 .scope module, "u_cpu_wrapper" "cpu_wrapper" 3 15, 4 1 0, S_0x61d6faed83f0;
 .timescale 0 0;
    .port_info 0 /INPUT 1 "clk";
    .port_info 1 /INPUT 1 "resetn";
    .port_info 2 /OUTPUT 1 "mem_valid";
    .port_info 3 /OUTPUT 1 "mem_instr";
    .port_info 4 /INPUT 1 "mem_ready";
    .port_info 5 /OUTPUT 32 "mem_addr";
    .port_info 6 /OUTPUT 32 "mem_wdata";
    .port_info 7 /OUTPUT 4 "mem_wstrb";
    .port_info 8 /INPUT 32 "mem_rdata";
v0x61d6fb046310_0 .net "clk", 0 0, v0x61d6fb047300_0;  1 drivers
v0x61d6fb0463d0_0 .net "mem_addr", 31 0, v0x61d6fb041900_0;  alias, 1 drivers
v0x61d6fb0464a0_0 .net "mem_instr", 0 0, v0x61d6fb041e60_0;  alias, 1 drivers
v0x61d6fb0465a0_0 .net "mem_rdata", 31 0, v0x61d6fb046f40_0;  alias, 1 drivers
v0x61d6fb046670_0 .net "mem_ready", 0 0, v0x61d6fb047030_0;  alias, 1 drivers
v0x61d6fb046710_0 .net "mem_valid", 0 0, v0x61d6fb043530_0;  alias, 1 drivers
v0x61d6fb0467e0_0 .net "mem_wdata", 31 0, v0x61d6fb0435d0_0;  alias, 1 drivers
v0x61d6fb046880_0 .net "mem_wstrb", 3 0, v0x61d6fb043790_0;  alias, 1 drivers
v0x61d6fb046950_0 .net "resetn", 0 0, v0x61d6fb0479c0_0;  1 drivers
S_0x61d6fb031560 .scope module, "cpu" "picorv32" 4 24, 2 62 0, S_0x61d6fb031360;
 .timescale -9 -12;
    .port_info 0 /INPUT 1 "clk";
    .port_info 1 /INPUT 1 "resetn";
    .port_info 2 /OUTPUT 1 "trap";
    .port_info 3 /OUTPUT 1 "mem_valid";
    .port_info 4 /OUTPUT 1 "mem_instr";
    .port_info 5 /INPUT 1 "mem_ready";
    .port_info 6 /OUTPUT 32 "mem_addr";
    .port_info 7 /OUTPUT 32 "mem_wdata";
    .port_info 8 /OUTPUT 4 "mem_wstrb";
    .port_info 9 /INPUT 32 "mem_rdata";
    .port_info 10 /OUTPUT 1 "mem_la_read";
    .port_info 11 /OUTPUT 1 "mem_la_write";
    .port_info 12 /OUTPUT 32 "mem_la_addr";
    .port_info 13 /OUTPUT 32 "mem_la_wdata";
    .port_info 14 /OUTPUT 4 "mem_la_wstrb";
    .port_info 15 /OUTPUT 1 "pcpi_valid";
    .port_info 16 /OUTPUT 32 "pcpi_insn";
    .port_info 17 /OUTPUT 32 "pcpi_rs1";
    .port_info 18 /OUTPUT 32 "pcpi_rs2";
    .port_info 19 /INPUT 1 "pcpi_wr";
    .port_info 20 /INPUT 32 "pcpi_rd";
    .port_info 21 /INPUT 1 "pcpi_wait";
    .port_info 22 /INPUT 1 "pcpi_ready";
    .port_info 23 /INPUT 32 "irq";
    .port_info 24 /OUTPUT 32 "eoi";
    .port_info 25 /OUTPUT 1 "trace_valid";
    .port_info 26 /OUTPUT 36 "trace_data";
P_0x61d6fb031760 .param/l "BARREL_SHIFTER" 0 2 69, C4<1>;
P_0x61d6fb0317a0 .param/l "CATCH_ILLINSN" 0 2 74, C4<1>;
P_0x61d6fb0317e0 .param/l "CATCH_MISALIGN" 0 2 73, C4<1>;
P_0x61d6fb031820 .param/l "COMPRESSED_ISA" 0 2 72, C4<0>;
P_0x61d6fb031860 .param/l "ENABLE_COUNTERS" 0 2 63, C4<1>;
P_0x61d6fb0318a0 .param/l "ENABLE_COUNTERS64" 0 2 64, C4<1>;
P_0x61d6fb0318e0 .param/l "ENABLE_DIV" 0 2 78, C4<0>;
P_0x61d6fb031920 .param/l "ENABLE_FAST_MUL" 0 2 77, C4<0>;
P_0x61d6fb031960 .param/l "ENABLE_IRQ" 0 2 79, C4<0>;
P_0x61d6fb0319a0 .param/l "ENABLE_IRQ_QREGS" 0 2 80, C4<1>;
P_0x61d6fb0319e0 .param/l "ENABLE_IRQ_TIMER" 0 2 81, C4<1>;
P_0x61d6fb031a20 .param/l "ENABLE_MUL" 0 2 76, C4<0>;
P_0x61d6fb031a60 .param/l "ENABLE_PCPI" 0 2 75, C4<0>;
P_0x61d6fb031aa0 .param/l "ENABLE_REGS_16_31" 0 2 65, C4<1>;
P_0x61d6fb031ae0 .param/l "ENABLE_REGS_DUALPORT" 0 2 66, C4<1>;
P_0x61d6fb031b20 .param/l "ENABLE_TRACE" 0 2 82, C4<0>;
P_0x61d6fb031b60 .param/l "LATCHED_IRQ" 0 2 85, C4<11111111111111111111111111111111>;
P_0x61d6fb031ba0 .param/l "LATCHED_MEM_RDATA" 0 2 67, C4<0>;
P_0x61d6fb031be0 .param/l "MASKED_IRQ" 0 2 84, C4<00000000000000000000000000000000>;
P_0x61d6fb031c20 .param/l "PROGADDR_IRQ" 0 2 87, C4<00000000000000000000000000010000>;
P_0x61d6fb031c60 .param/l "PROGADDR_RESET" 0 2 86, C4<00000000000000000000000000000000>;
P_0x61d6fb031ca0 .param/l "REGS_INIT_ZERO" 0 2 83, C4<0>;
P_0x61d6fb031ce0 .param/l "STACKADDR" 0 2 88, C4<11111111111111111111111111111111>;
P_0x61d6fb031d20 .param/l "TRACE_ADDR" 1 2 172, C4<001000000000000000000000000000000000>;
P_0x61d6fb031d60 .param/l "TRACE_BRANCH" 1 2 171, C4<000100000000000000000000000000000000>;
P_0x61d6fb031da0 .param/l "TRACE_IRQ" 1 2 173, C4<100000000000000000000000000000000000>;
P_0x61d6fb031de0 .param/l "TWO_CYCLE_ALU" 0 2 71, C4<0>;
P_0x61d6fb031e20 .param/l "TWO_CYCLE_COMPARE" 0 2 70, C4<0>;
P_0x61d6fb031e60 .param/l "TWO_STAGE_SHIFT" 0 2 68, C4<0>;
P_0x61d6fb031ea0 .param/l "WITH_PCPI" 1 2 169, C4<0>;
P_0x61d6fb031ee0 .param/l "cpu_state_exec" 1 2 1176, C4<00001000>;
P_0x61d6fb031f20 .param/l "cpu_state_fetch" 1 2 1173, C4<01000000>;
P_0x61d6fb031f60 .param/l "cpu_state_ld_rs1" 1 2 1174, C4<00100000>;
P_0x61d6fb031fa0 .param/l "cpu_state_ld_rs2" 1 2 1175, C4<00010000>;
P_0x61d6fb031fe0 .param/l "cpu_state_ldmem" 1 2 1179, C4<00000001>;
P_0x61d6fb032020 .param/l "cpu_state_shift" 1 2 1177, C4<00000100>;
P_0x61d6fb032060 .param/l "cpu_state_stmem" 1 2 1178, C4<00000010>;
P_0x61d6fb0320a0 .param/l "cpu_state_trap" 1 2 1172, C4<10000000>;
P_0x61d6fb0320e0 .param/l "irq_buserror" 1 2 163, +C4<00000000000000000000000000000010>;
P_0x61d6fb032120 .param/l "irq_ebreak" 1 2 162, +C4<00000000000000000000000000000001>;
P_0x61d6fb032160 .param/l "irq_timer" 1 2 161, +C4<00000000000000000000000000000000>;
P_0x61d6fb0321a0 .param/l "irqregs_offset" 1 2 165, +C4<00000000000000000000000000100000>;
P_0x61d6fb0321e0 .param/l "regfile_size" 1 2 166, +C4<00000000000000000000000000100000>;
P_0x61d6fb032220 .param/l "regindex_bits" 1 2 167, +C4<00000000000000000000000000000101>;
L_0x61d6fb06c270 .functor BUFZ 1, v0x61d6fb043530_0, C4<0>, C4<0>, C4<0>;
L_0x61d6fb06c3a0 .functor BUFZ 1, v0x61d6fb041e60_0, C4<0>, C4<0>, C4<0>;
L_0x61d6fb06c440 .functor BUFZ 1, v0x61d6fb047030_0, C4<0>, C4<0>, C4<0>;
L_0x61d6fb06c570 .functor BUFZ 32, v0x61d6fb041900_0, C4<00000000000000000000000000000000>, C4<00000000000000000000000000000000>, C4<00000000000000000000000000000000>;
L_0x61d6fb06c6d0 .functor BUFZ 32, v0x61d6fb0435d0_0, C4<00000000000000000000000000000000>, C4<00000000000000000000000000000000>, C4<00000000000000000000000000000000>;
L_0x61d6fb06c770 .functor BUFZ 4, v0x61d6fb043790_0, C4<0000>, C4<0000>, C4<0000>;
L_0x61d6fb06c850 .functor BUFZ 32, v0x61d6fb046f40_0, C4<00000000000000000000000000000000>, C4<00000000000000000000000000000000>, C4<00000000000000000000000000000000>;
L_0x61d6fb06c950 .functor BUFZ 32, v0x61d6fb045430_0, C4<00000000000000000000000000000000>, C4<00000000000000000000000000000000>, C4<00000000000000000000000000000000>;
L_0x61d6fb06ca70 .functor BUFZ 32, v0x61d6fb045510_0, C4<00000000000000000000000000000000>, C4<00000000000000000000000000000000>, C4<00000000000000000000000000000000>;
L_0x61d6fb06cb70 .functor OR 1, v0x61d6fb041aa0_0, v0x61d6fb041c20_0, C4<0>, C4<0>;
L_0x7097173571d0 .functor BUFT 1, C4<0>, C4<0>, C4<0>, C4<0>;
L_0x61d6fb06cc70 .functor AND 1, L_0x7097173571d0, L_0x61d6fb06cb70, C4<1>, C4<1>;
L_0x61d6fb06cdb0 .functor AND 1, L_0x61d6fb06cc70, L_0x61d6fb06cd10, C4<1>, C4<1>;
L_0x61d6fb06cf60 .functor AND 1, L_0x61d6fb06cdb0, L_0x61d6fb06cec0, C4<1>, C4<1>;
L_0x709717357218 .functor BUFT 1, C4<0>, C4<0>, C4<0>, C4<0>;
L_0x61d6fb06d050 .functor AND 1, L_0x709717357218, L_0x61d6fb06dbf0, C4<1>, C4<1>;
L_0x61d6fb06ce50 .functor AND 1, L_0x61d6fb06d050, L_0x61d6fb06d290, C4<1>, C4<1>;
L_0x709717357260 .functor BUFT 1, C4<0>, C4<0>, C4<0>, C4<0>;
L_0x61d6fb06d4d0 .functor AND 1, L_0x709717357260, L_0x61d6fb06cf60, C4<1>, C4<1>;
L_0x61d6fb06d620 .functor AND 1, L_0x61d6fb06d4d0, v0x61d6fb044d50_0, C4<1>, C4<1>;
L_0x61d6fb06d7e0 .functor AND 1, L_0x61d6fb06d620, L_0x61d6fb06d6e0, C4<1>, C4<1>;
L_0x61d6fb06d9c0 .functor AND 1, v0x61d6fb043530_0, v0x61d6fb047030_0, C4<1>, C4<1>;
L_0x61d6fb06da30 .functor AND 1, L_0x61d6fb06d7e0, v0x61d6fb041c20_0, C4<1>, C4<1>;
L_0x61d6fb06dbf0 .functor OR 1, L_0x61d6fb06d9c0, L_0x61d6fb06da30, C4<0>, C4<0>;
L_0x61d6fb06dfc0 .functor AND 1, L_0x61d6fb06dbf0, L_0x61d6fb06ded0, C4<1>, C4<1>;
L_0x61d6fb06e140 .functor OR 1, v0x61d6fb041c20_0, v0x61d6fb041b60_0, C4<0>, C4<0>;
L_0x61d6fb06e1b0 .functor OR 1, L_0x61d6fb06e140, v0x61d6fb041ce0_0, C4<0>, C4<0>;
L_0x61d6fb06e390 .functor AND 1, L_0x61d6fb06dfc0, L_0x61d6fb06e1b0, C4<1>, C4<1>;
L_0x61d6fb06e590 .functor AND 1, L_0x61d6fb06e4a0, v0x61d6fb041c20_0, C4<1>, C4<1>;
L_0x61d6fb06e730 .functor OR 1, L_0x61d6fb06e390, L_0x61d6fb06e590, C4<0>, C4<0>;
L_0x61d6fb06e840 .functor AND 1, v0x61d6fb0479c0_0, L_0x61d6fb06e730, C4<1>, C4<1>;
L_0x61d6fb06ecd0 .functor AND 1, L_0x61d6fb06ebc0, L_0x61d6fb06dbf0, C4<1>, C4<1>;
L_0x61d6fb06edd0 .functor OR 1, L_0x61d6fb06e9f0, L_0x61d6fb06ecd0, C4<0>, C4<0>;
L_0x61d6fb06ef90 .functor AND 1, L_0x61d6fb06e840, L_0x61d6fb06edd0, C4<1>, C4<1>;
L_0x61d6fb06f140 .functor AND 1, v0x61d6fb0479c0_0, L_0x61d6fb06f0a0, C4<1>, C4<1>;
L_0x61d6fb06f350 .functor AND 1, L_0x61d6fb06f140, v0x61d6fb041ce0_0, C4<1>, C4<1>;
L_0x61d6fb06ec60 .functor AND 1, L_0x61d6fb06f410, L_0x61d6fb06f530, C4<1>, C4<1>;
L_0x61d6fb06f800 .functor OR 1, v0x61d6fb041c20_0, v0x61d6fb041aa0_0, C4<0>, C4<0>;
L_0x61d6fb06f870 .functor OR 1, L_0x61d6fb06f800, v0x61d6fb041b60_0, C4<0>, C4<0>;
L_0x61d6fb06f6e0 .functor AND 1, L_0x61d6fb06ec60, L_0x61d6fb06f870, C4<1>, C4<1>;
L_0x7097173572a8 .functor BUFT 1, C4<0>, C4<0>, C4<0>, C4<0>;
L_0x61d6fb06fa60 .functor AND 1, L_0x7097173572a8, L_0x61d6fb06dbf0, C4<1>, C4<1>;
L_0x61d6fb06ff20 .functor AND 1, L_0x61d6fb06fa60, L_0x61d6fb06fde0, C4<1>, C4<1>;
L_0x61d6fb0701c0 .functor AND 1, L_0x61d6fb06ff20, L_0x61d6fb070030, C4<1>, C4<1>;
L_0x61d6fb0706b0 .functor AND 1, L_0x61d6fb0701c0, L_0x61d6fb070510, C4<1>, C4<1>;
L_0x61d6fb0707c0 .functor OR 1, L_0x61d6fb06f6e0, L_0x61d6fb0706b0, C4<0>, C4<0>;
L_0x61d6fb070a30 .functor AND 1, v0x61d6fb0479c0_0, L_0x61d6fb0707c0, C4<1>, C4<1>;
L_0x61d6fb070af0 .functor OR 1, v0x61d6fb041aa0_0, v0x61d6fb041c20_0, C4<0>, C4<0>;
L_0x7097173573c8 .functor BUFT 1, C4<0>, C4<0>, C4<0>, C4<0>;
L_0x61d6fb070f70 .functor OR 1, L_0x61d6fb06dbf0, L_0x7097173573c8, C4<0>, C4<0>;
L_0x709717357410 .functor BUFT 1, C4<0>, C4<0>, C4<0>, C4<0>;
L_0x61d6fb071960 .functor AND 1, L_0x709717357410, L_0x61d6fb06d7e0, C4<1>, C4<1>;
L_0x7097173574a0 .functor BUFT 1, C4<0>, C4<0>, C4<0>, C4<0>;
L_0x61d6fb071cd0 .functor AND 1, L_0x7097173574a0, v0x61d6fb042300_0, C4<1>, C4<1>;
L_0x7097173574e8 .functor BUFT 1, C4<0>, C4<0>, C4<0>, C4<0>;
L_0x61d6fb0720c0 .functor AND 1, L_0x7097173574e8, L_0x61d6fb06cf60, C4<1>, C4<1>;
L_0x709717357578 .functor BUFT 1, C4<1>, C4<0>, C4<0>, C4<0>;
L_0x61d6fb0736e0 .functor AND 1, L_0x709717357578, L_0x61d6fb073480, C4<1>, C4<1>;
L_0x61d6fb073c10 .functor AND 1, v0x61d6fb0415e0_0, v0x61d6fb041080_0, C4<1>, C4<1>;
L_0x7097173575c0 .functor BUFT 1, C4<11111111111111111111111111111110>, C4<0>, C4<0>, C4<0>;
L_0x61d6fb073e20 .functor AND 32, v0x61d6fb0455f0_0, L_0x7097173575c0, C4<11111111111111111111111111111111>, C4<11111111111111111111111111111111>;
L_0x61d6fb074300 .functor AND 1, L_0x61d6fb074080, v0x61d6fb03d6e0_0, C4<1>, C4<1>;
L_0x709717357650 .functor BUFT 1, C4<1>, C4<0>, C4<0>, C4<0>;
L_0x61d6fb0745a0 .functor OR 1, L_0x709717357650, v0x61d6fb040120_0, C4<0>, C4<0>;
L_0x61d6fb074690 .functor OR 1, L_0x61d6fb0745a0, v0x61d6fb040060_0, C4<0>, C4<0>;
L_0x61d6fb074940 .functor NOT 32, v0x61d6fb0401e0_0, C4<00000000000000000000000000000000>, C4<00000000000000000000000000000000>, C4<00000000000000000000000000000000>;
L_0x61d6fb074a10 .functor AND 32, v0x61d6fb0402c0_0, L_0x61d6fb074940, C4<11111111111111111111111111111111>, C4<11111111111111111111111111111111>;
L_0x61d6fb074df0 .functor OR 1, L_0x61d6fb074690, L_0x61d6fb074d00, C4<0>, C4<0>;
L_0x61d6fb074f00 .functor AND 1, L_0x61d6fb074300, L_0x61d6fb074df0, C4<1>, C4<1>;
v0x61d6fb032d40_0 .net *"_ivl_101", 0 0, L_0x61d6fb06f530;  1 drivers
v0x61d6fb034bc0_0 .net *"_ivl_103", 0 0, L_0x61d6fb06ec60;  1 drivers
v0x61d6fb034c80_0 .net *"_ivl_105", 0 0, L_0x61d6fb06f800;  1 drivers
v0x61d6fb034d50_0 .net *"_ivl_107", 0 0, L_0x61d6fb06f870;  1 drivers
v0x61d6fb034e10_0 .net *"_ivl_109", 0 0, L_0x61d6fb06f6e0;  1 drivers
v0x61d6fb034f20_0 .net/2u *"_ivl_110", 0 0, L_0x7097173572a8;  1 drivers
v0x61d6fb035000_0 .net *"_ivl_113", 0 0, L_0x61d6fb06fa60;  1 drivers
v0x61d6fb0350c0_0 .net *"_ivl_115", 0 0, L_0x61d6fb06fc60;  1 drivers
v0x61d6fb035180_0 .net *"_ivl_116", 0 0, L_0x61d6fb06fde0;  1 drivers
v0x61d6fb035260_0 .net *"_ivl_119", 0 0, L_0x61d6fb06ff20;  1 drivers
v0x61d6fb035320_0 .net *"_ivl_121", 0 0, L_0x61d6fb070030;  1 drivers
v0x61d6fb0353e0_0 .net *"_ivl_123", 0 0, L_0x61d6fb0701c0;  1 drivers
v0x61d6fb0354a0_0 .net *"_ivl_125", 1 0, L_0x61d6fb070420;  1 drivers
v0x61d6fb035580_0 .net *"_ivl_127", 0 0, L_0x61d6fb070510;  1 drivers
v0x61d6fb035640_0 .net *"_ivl_129", 0 0, L_0x61d6fb0706b0;  1 drivers
v0x61d6fb035700_0 .net *"_ivl_131", 0 0, L_0x61d6fb0707c0;  1 drivers
v0x61d6fb0357c0_0 .net *"_ivl_135", 0 0, L_0x61d6fb070af0;  1 drivers
v0x61d6fb035880_0 .net *"_ivl_137", 29 0, L_0x61d6fb070120;  1 drivers
v0x61d6fb035960_0 .net *"_ivl_138", 29 0, L_0x61d6fb070cd0;  1 drivers
L_0x7097173572f0 .functor BUFT 1, C4<00000000000000000000000000000>, C4<0>, C4<0>, C4<0>;
v0x61d6fb035a40_0 .net *"_ivl_141", 28 0, L_0x7097173572f0;  1 drivers
v0x61d6fb035b20_0 .net *"_ivl_142", 29 0, L_0x61d6fb070ed0;  1 drivers
L_0x709717357338 .functor BUFT 1, C4<00>, C4<0>, C4<0>, C4<0>;
v0x61d6fb035c00_0 .net/2u *"_ivl_144", 1 0, L_0x709717357338;  1 drivers
v0x61d6fb035ce0_0 .net *"_ivl_146", 31 0, L_0x61d6fb071080;  1 drivers
v0x61d6fb035dc0_0 .net *"_ivl_149", 29 0, L_0x61d6fb071290;  1 drivers
L_0x709717357380 .functor BUFT 1, C4<00>, C4<0>, C4<0>, C4<0>;
v0x61d6fb035ea0_0 .net/2u *"_ivl_150", 1 0, L_0x709717357380;  1 drivers
v0x61d6fb035f80_0 .net *"_ivl_152", 31 0, L_0x61d6fb071380;  1 drivers
v0x61d6fb036060_0 .net/2u *"_ivl_156", 0 0, L_0x7097173573c8;  1 drivers
v0x61d6fb036140_0 .net *"_ivl_159", 0 0, L_0x61d6fb070f70;  1 drivers
v0x61d6fb036200_0 .net/2u *"_ivl_162", 0 0, L_0x709717357410;  1 drivers
v0x61d6fb0362e0_0 .net *"_ivl_165", 0 0, L_0x61d6fb071960;  1 drivers
L_0x709717357458 .functor BUFT 1, C4<xxxxxxxxxxxxxxxx>, C4<0>, C4<0>, C4<0>;
v0x61d6fb0363a0_0 .net *"_ivl_166", 15 0, L_0x709717357458;  1 drivers
v0x61d6fb036480_0 .net *"_ivl_168", 31 0, L_0x61d6fb071c30;  1 drivers
v0x61d6fb036560_0 .net/2u *"_ivl_170", 0 0, L_0x7097173574a0;  1 drivers
v0x61d6fb036850_0 .net *"_ivl_173", 0 0, L_0x61d6fb071cd0;  1 drivers
v0x61d6fb036910_0 .net *"_ivl_175", 15 0, L_0x61d6fb071d90;  1 drivers
v0x61d6fb0369f0_0 .net *"_ivl_176", 31 0, L_0x61d6fb071f80;  1 drivers
v0x61d6fb036ad0_0 .net/2u *"_ivl_178", 0 0, L_0x7097173574e8;  1 drivers
v0x61d6fb036bb0_0 .net/2u *"_ivl_18", 0 0, L_0x7097173571d0;  1 drivers
v0x61d6fb036c90_0 .net *"_ivl_181", 0 0, L_0x61d6fb0720c0;  1 drivers
L_0x709717357530 .functor BUFT 1, C4<xxxxxxxxxxxxxxxx>, C4<0>, C4<0>, C4<0>;
v0x61d6fb036d50_0 .net *"_ivl_182", 15 0, L_0x709717357530;  1 drivers
v0x61d6fb036e30_0 .net *"_ivl_185", 15 0, L_0x61d6fb072310;  1 drivers
v0x61d6fb036f10_0 .net *"_ivl_186", 31 0, L_0x61d6fb0724c0;  1 drivers
v0x61d6fb036ff0_0 .net *"_ivl_188", 31 0, L_0x61d6fb072630;  1 drivers
v0x61d6fb0370d0_0 .net *"_ivl_190", 31 0, L_0x61d6fb0728d0;  1 drivers
v0x61d6fb0371b0_0 .net/2u *"_ivl_194", 0 0, L_0x709717357578;  1 drivers
v0x61d6fb037290_0 .net *"_ivl_196", 47 0, L_0x61d6fb072c30;  1 drivers
v0x61d6fb037370_0 .net *"_ivl_199", 0 0, L_0x61d6fb073480;  1 drivers
v0x61d6fb037430_0 .net *"_ivl_202", 3 0, L_0x61d6fb0737f0;  1 drivers
v0x61d6fb037510_0 .net *"_ivl_207", 0 0, L_0x61d6fb073c10;  1 drivers
v0x61d6fb0375d0_0 .net/2u *"_ivl_208", 31 0, L_0x7097173575c0;  1 drivers
v0x61d6fb0376b0_0 .net *"_ivl_21", 0 0, L_0x61d6fb06cb70;  1 drivers
v0x61d6fb037770_0 .net *"_ivl_210", 31 0, L_0x61d6fb073e20;  1 drivers
L_0x709717357608 .functor BUFT 1, C4<01000000>, C4<0>, C4<0>, C4<0>;
v0x61d6fb037850_0 .net/2u *"_ivl_214", 7 0, L_0x709717357608;  1 drivers
v0x61d6fb037930_0 .net *"_ivl_216", 0 0, L_0x61d6fb074080;  1 drivers
v0x61d6fb0379f0_0 .net *"_ivl_219", 0 0, L_0x61d6fb074300;  1 drivers
v0x61d6fb037ab0_0 .net/2u *"_ivl_220", 0 0, L_0x709717357650;  1 drivers
v0x61d6fb037b90_0 .net *"_ivl_223", 0 0, L_0x61d6fb0745a0;  1 drivers
v0x61d6fb037c50_0 .net *"_ivl_225", 0 0, L_0x61d6fb074690;  1 drivers
v0x61d6fb037d10_0 .net *"_ivl_226", 31 0, L_0x61d6fb074940;  1 drivers
v0x61d6fb037df0_0 .net *"_ivl_228", 31 0, L_0x61d6fb074a10;  1 drivers
v0x61d6fb037ed0_0 .net *"_ivl_23", 0 0, L_0x61d6fb06cc70;  1 drivers
v0x61d6fb037f90_0 .net *"_ivl_231", 0 0, L_0x61d6fb074d00;  1 drivers
v0x61d6fb038050_0 .net *"_ivl_233", 0 0, L_0x61d6fb074df0;  1 drivers
v0x61d6fb038110_0 .net *"_ivl_25", 0 0, L_0x61d6fb06cd10;  1 drivers
v0x61d6fb0381f0_0 .net *"_ivl_27", 0 0, L_0x61d6fb06cdb0;  1 drivers
v0x61d6fb0382b0_0 .net *"_ivl_29", 0 0, L_0x61d6fb06cec0;  1 drivers
v0x61d6fb038370_0 .net/2u *"_ivl_32", 0 0, L_0x709717357218;  1 drivers
v0x61d6fb038450_0 .net *"_ivl_35", 0 0, L_0x61d6fb06d050;  1 drivers
v0x61d6fb038510_0 .net *"_ivl_37", 0 0, L_0x61d6fb06d190;  1 drivers
v0x61d6fb0385d0_0 .net *"_ivl_38", 0 0, L_0x61d6fb06d290;  1 drivers
v0x61d6fb0386b0_0 .net/2u *"_ivl_42", 0 0, L_0x709717357260;  1 drivers
v0x61d6fb038790_0 .net *"_ivl_45", 0 0, L_0x61d6fb06d4d0;  1 drivers
v0x61d6fb038850_0 .net *"_ivl_47", 0 0, L_0x61d6fb06d620;  1 drivers
v0x61d6fb038910_0 .net *"_ivl_49", 0 0, L_0x61d6fb06d6e0;  1 drivers
v0x61d6fb0389d0_0 .net *"_ivl_53", 0 0, L_0x61d6fb06d9c0;  1 drivers
v0x61d6fb038a90_0 .net *"_ivl_55", 0 0, L_0x61d6fb06da30;  1 drivers
v0x61d6fb038b50_0 .net *"_ivl_58", 3 0, L_0x61d6fb06d920;  1 drivers
v0x61d6fb038c30_0 .net *"_ivl_63", 0 0, L_0x61d6fb06ded0;  1 drivers
v0x61d6fb038cf0_0 .net *"_ivl_65", 0 0, L_0x61d6fb06dfc0;  1 drivers
v0x61d6fb038db0_0 .net *"_ivl_67", 0 0, L_0x61d6fb06e140;  1 drivers
v0x61d6fb038e70_0 .net *"_ivl_69", 0 0, L_0x61d6fb06e1b0;  1 drivers
v0x61d6fb038f30_0 .net *"_ivl_71", 0 0, L_0x61d6fb06e390;  1 drivers
v0x61d6fb038ff0_0 .net *"_ivl_73", 0 0, L_0x61d6fb06e4a0;  1 drivers
v0x61d6fb0390b0_0 .net *"_ivl_75", 0 0, L_0x61d6fb06e590;  1 drivers
v0x61d6fb039170_0 .net *"_ivl_77", 0 0, L_0x61d6fb06e730;  1 drivers
v0x61d6fb039230_0 .net *"_ivl_79", 0 0, L_0x61d6fb06e840;  1 drivers
v0x61d6fb0392f0_0 .net *"_ivl_81", 0 0, L_0x61d6fb06e9f0;  1 drivers
v0x61d6fb0393b0_0 .net *"_ivl_83", 1 0, L_0x61d6fb06eb20;  1 drivers
v0x61d6fb039490_0 .net *"_ivl_85", 0 0, L_0x61d6fb06ebc0;  1 drivers
v0x61d6fb039550_0 .net *"_ivl_87", 0 0, L_0x61d6fb06ecd0;  1 drivers
v0x61d6fb039610_0 .net *"_ivl_89", 0 0, L_0x61d6fb06edd0;  1 drivers
v0x61d6fb0396d0_0 .net *"_ivl_93", 0 0, L_0x61d6fb06f0a0;  1 drivers
v0x61d6fb039790_0 .net *"_ivl_95", 0 0, L_0x61d6fb06f140;  1 drivers
v0x61d6fb039850_0 .net *"_ivl_99", 0 0, L_0x61d6fb06f410;  1 drivers
v0x61d6fb039910_0 .var "alu_add_sub", 31 0;
v0x61d6fb0399f0_0 .var "alu_eq", 0 0;
v0x61d6fb039ab0_0 .var "alu_lts", 0 0;
v0x61d6fb039b70_0 .var "alu_ltu", 0 0;
v0x61d6fb039c30_0 .var "alu_out", 31 0;
v0x61d6fb039d10_0 .var "alu_out_0", 0 0;
v0x61d6fb039dd0_0 .var "alu_out_0_q", 0 0;
v0x61d6fb039e90_0 .var "alu_out_q", 31 0;
v0x61d6fb039f70_0 .var "alu_shl", 31 0;
v0x61d6fb03a050_0 .var "alu_shr", 31 0;
v0x61d6fb03a130_0 .var "alu_wait", 0 0;
v0x61d6fb03a1f0_0 .var "alu_wait_2", 0 0;
v0x61d6fb03a2b0_0 .var "cached_ascii_instr", 63 0;
v0x61d6fb03a390_0 .var "cached_insn_imm", 31 0;
v0x61d6fb03a470_0 .var "cached_insn_opcode", 31 0;
v0x61d6fb03a550_0 .var "cached_insn_rd", 4 0;
v0x61d6fb03a630_0 .var "cached_insn_rs1", 4 0;
v0x61d6fb03a710_0 .var "cached_insn_rs2", 4 0;
v0x61d6fb03a7f0_0 .var "clear_prefetched_high_word", 0 0;
v0x61d6fb03a8b0_0 .var "clear_prefetched_high_word_q", 0 0;
v0x61d6fb03a970_0 .net "clk", 0 0, v0x61d6fb047300_0;  alias, 1 drivers
v0x61d6fb03aa30_0 .var "compressed_instr", 0 0;
v0x61d6fb03aaf0_0 .var "count_cycle", 63 0;
v0x61d6fb03abd0_0 .var "count_instr", 63 0;
v0x61d6fb03acb0_0 .var "cpu_state", 7 0;
v0x61d6fb03ad90 .array "cpuregs", 31 0, 31 0;
v0x61d6fb03b250_0 .var "cpuregs_rs1", 31 0;
v0x61d6fb03b330_0 .var "cpuregs_rs2", 31 0;
v0x61d6fb03b410_0 .var "cpuregs_wrdata", 31 0;
v0x61d6fb03b4f0_0 .var "cpuregs_write", 0 0;
v0x61d6fb03b5b0_0 .var "current_pc", 31 0;
v0x61d6fb03b690_0 .var "dbg_ascii_instr", 63 0;
v0x61d6fb03b770_0 .var "dbg_ascii_state", 127 0;
v0x61d6fb03b850_0 .var "dbg_insn_addr", 31 0;
v0x61d6fb03b930_0 .var "dbg_insn_imm", 31 0;
v0x61d6fb03c220_0 .var "dbg_insn_opcode", 31 0;
v0x61d6fb03c300_0 .var "dbg_insn_rd", 4 0;
v0x61d6fb03c3e0_0 .var "dbg_insn_rs1", 4 0;
v0x61d6fb03c4c0_0 .var "dbg_insn_rs2", 4 0;
v0x61d6fb03c5a0_0 .net "dbg_mem_addr", 31 0, L_0x61d6fb06c570;  1 drivers
v0x61d6fb03c680_0 .net "dbg_mem_instr", 0 0, L_0x61d6fb06c3a0;  1 drivers
v0x61d6fb03c740_0 .net "dbg_mem_rdata", 31 0, L_0x61d6fb06c850;  1 drivers
v0x61d6fb03c820_0 .net "dbg_mem_ready", 0 0, L_0x61d6fb06c440;  1 drivers
v0x61d6fb03c8e0_0 .net "dbg_mem_valid", 0 0, L_0x61d6fb06c270;  1 drivers
v0x61d6fb03c9a0_0 .net "dbg_mem_wdata", 31 0, L_0x61d6fb06c6d0;  1 drivers
v0x61d6fb03ca80_0 .net "dbg_mem_wstrb", 3 0, L_0x61d6fb06c770;  1 drivers
v0x61d6fb03cb60_0 .var "dbg_next", 0 0;
v0x61d6fb03cc20_0 .var "dbg_rs1val", 31 0;
v0x61d6fb03cd00_0 .var "dbg_rs1val_valid", 0 0;
v0x61d6fb03cdc0_0 .var "dbg_rs2val", 31 0;
v0x61d6fb03cea0_0 .var "dbg_rs2val_valid", 0 0;
v0x61d6fb03cf60_0 .var "dbg_valid_insn", 0 0;
v0x61d6fb03d020_0 .var "decoded_imm", 31 0;
v0x61d6fb03d100_0 .var "decoded_imm_j", 31 0;
v0x61d6fb03d1e0_0 .var "decoded_rd", 4 0;
v0x61d6fb03d2c0_0 .var "decoded_rs", 4 0;
v0x61d6fb03d3a0_0 .var "decoded_rs1", 4 0;
v0x61d6fb03d480_0 .var "decoded_rs2", 4 0;
v0x61d6fb03d560_0 .var "decoder_pseudo_trigger", 0 0;
v0x61d6fb03d620_0 .var "decoder_pseudo_trigger_q", 0 0;
v0x61d6fb03d6e0_0 .var "decoder_trigger", 0 0;
v0x61d6fb03d7a0_0 .var "decoder_trigger_q", 0 0;
v0x61d6fb03d860_0 .var "do_waitirq", 0 0;
v0x61d6fb03d920_0 .var "eoi", 31 0;
v0x61d6fb03da00_0 .var "instr_add", 0 0;
v0x61d6fb03dac0_0 .var "instr_addi", 0 0;
v0x61d6fb03db80_0 .var "instr_and", 0 0;
v0x61d6fb03dc40_0 .var "instr_andi", 0 0;
v0x61d6fb03dd00_0 .var "instr_auipc", 0 0;
v0x61d6fb03ddc0_0 .var "instr_beq", 0 0;
v0x61d6fb03de80_0 .var "instr_bge", 0 0;
v0x61d6fb03df40_0 .var "instr_bgeu", 0 0;
v0x61d6fb03e000_0 .var "instr_blt", 0 0;
v0x61d6fb03e0c0_0 .var "instr_bltu", 0 0;
v0x61d6fb03e180_0 .var "instr_bne", 0 0;
v0x61d6fb03e240_0 .var "instr_ecall_ebreak", 0 0;
v0x61d6fb03e300_0 .var "instr_fence", 0 0;
v0x61d6fb03e3c0_0 .var "instr_getq", 0 0;
v0x61d6fb03e480_0 .var "instr_jal", 0 0;
v0x61d6fb03e540_0 .var "instr_jalr", 0 0;
v0x61d6fb03e600_0 .var "instr_lb", 0 0;
v0x61d6fb03e6c0_0 .var "instr_lbu", 0 0;
v0x61d6fb03e780_0 .var "instr_lh", 0 0;
v0x61d6fb03e840_0 .var "instr_lhu", 0 0;
v0x61d6fb03e900_0 .var "instr_lui", 0 0;
v0x61d6fb03e9c0_0 .var "instr_lw", 0 0;
v0x61d6fb03ea80_0 .var "instr_maskirq", 0 0;
v0x61d6fb03eb40_0 .var "instr_or", 0 0;
v0x61d6fb03ec00_0 .var "instr_ori", 0 0;
v0x61d6fb03ecc0_0 .var "instr_rdcycle", 0 0;
v0x61d6fb03ed80_0 .var "instr_rdcycleh", 0 0;
v0x61d6fb03ee40_0 .var "instr_rdinstr", 0 0;
v0x61d6fb03ef00_0 .var "instr_rdinstrh", 0 0;
v0x61d6fb03efc0_0 .var "instr_retirq", 0 0;
v0x61d6fb03f080_0 .var "instr_sb", 0 0;
v0x61d6fb03f140_0 .var "instr_setq", 0 0;
v0x61d6fb03f200_0 .var "instr_sh", 0 0;
v0x61d6fb03f2c0_0 .var "instr_sll", 0 0;
v0x61d6fb03f380_0 .var "instr_slli", 0 0;
v0x61d6fb03f440_0 .var "instr_slt", 0 0;
v0x61d6fb03f500_0 .var "instr_slti", 0 0;
v0x61d6fb03f5c0_0 .var "instr_sltiu", 0 0;
v0x61d6fb03f680_0 .var "instr_sltu", 0 0;
v0x61d6fb03f740_0 .var "instr_sra", 0 0;
v0x61d6fb03f800_0 .var "instr_srai", 0 0;
v0x61d6fb03f8c0_0 .var "instr_srl", 0 0;
v0x61d6fb03f980_0 .var "instr_srli", 0 0;
v0x61d6fb03fa40_0 .var "instr_sub", 0 0;
v0x61d6fb03fb00_0 .var "instr_sw", 0 0;
v0x61d6fb03fbc0_0 .var "instr_timer", 0 0;
v0x61d6fb03fc80_0 .net "instr_trap", 0 0, L_0x61d6fb0736e0;  1 drivers
v0x61d6fb03fd40_0 .var "instr_waitirq", 0 0;
v0x61d6fb03fe00_0 .var "instr_xor", 0 0;
v0x61d6fb03fec0_0 .var "instr_xori", 0 0;
o0x7097173ac788 .functor BUFZ 32, C4<zzzzzzzzzzzzzzzzzzzzzzzzzzzzzzzz>; HiZ drive
v0x61d6fb03ff80_0 .net "irq", 31 0, o0x7097173ac788;  0 drivers
v0x61d6fb040060_0 .var "irq_active", 0 0;
v0x61d6fb040120_0 .var "irq_delay", 0 0;
v0x61d6fb0401e0_0 .var "irq_mask", 31 0;
v0x61d6fb0402c0_0 .var "irq_pending", 31 0;
v0x61d6fb0403a0_0 .var "irq_state", 1 0;
v0x61d6fb040480_0 .var "is_alu_reg_imm", 0 0;
v0x61d6fb040540_0 .var "is_alu_reg_reg", 0 0;
v0x61d6fb040600_0 .var "is_beq_bne_blt_bge_bltu_bgeu", 0 0;
v0x61d6fb0406c0_0 .var "is_compare", 0 0;
v0x61d6fb040780_0 .var "is_jalr_addi_slti_sltiu_xori_ori_andi", 0 0;
v0x61d6fb040840_0 .var "is_lb_lh_lw_lbu_lhu", 0 0;
v0x61d6fb040900_0 .var "is_lbu_lhu_lw", 0 0;
v0x61d6fb0409c0_0 .var "is_lui_auipc_jal", 0 0;
v0x61d6fb040a80_0 .var "is_lui_auipc_jal_jalr_addi_add_sub", 0 0;
v0x61d6fb040b40_0 .net "is_rdcycle_rdcycleh_rdinstr_rdinstrh", 0 0, L_0x61d6fb0739d0;  1 drivers
v0x61d6fb040c00_0 .var "is_sb_sh_sw", 0 0;
v0x61d6fb040cc0_0 .var "is_sll_srl_sra", 0 0;
v0x61d6fb040d80_0 .var "is_slli_srli_srai", 0 0;
v0x61d6fb040e40_0 .var "is_slti_blt_slt", 0 0;
v0x61d6fb040f00_0 .var "is_sltiu_bltu_sltu", 0 0;
v0x61d6fb040fc0_0 .var "last_mem_valid", 0 0;
v0x61d6fb041080_0 .var "latched_branch", 0 0;
v0x61d6fb041140_0 .var "latched_compr", 0 0;
v0x61d6fb041200_0 .var "latched_is_lb", 0 0;
v0x61d6fb0412c0_0 .var "latched_is_lh", 0 0;
v0x61d6fb041380_0 .var "latched_is_lu", 0 0;
v0x61d6fb041440_0 .var "latched_rd", 4 0;
v0x61d6fb041520_0 .var "latched_stalu", 0 0;
v0x61d6fb0415e0_0 .var "latched_store", 0 0;
v0x61d6fb0416a0_0 .var "latched_trace", 0 0;
v0x61d6fb041760_0 .net "launch_next_insn", 0 0, L_0x61d6fb074f00;  1 drivers
v0x61d6fb041820_0 .var "mem_16bit_buffer", 15 0;
v0x61d6fb041900_0 .var "mem_addr", 31 0;
v0x61d6fb0419e0_0 .net "mem_busy", 0 0, L_0x61d6fb06dde0;  1 drivers
v0x61d6fb041aa0_0 .var "mem_do_prefetch", 0 0;
v0x61d6fb041b60_0 .var "mem_do_rdata", 0 0;
v0x61d6fb041c20_0 .var "mem_do_rinst", 0 0;
v0x61d6fb041ce0_0 .var "mem_do_wdata", 0 0;
v0x61d6fb041da0_0 .net "mem_done", 0 0, L_0x61d6fb06ef90;  1 drivers
v0x61d6fb041e60_0 .var "mem_instr", 0 0;
v0x61d6fb041f20_0 .net "mem_la_addr", 31 0, L_0x61d6fb0715a0;  1 drivers
v0x61d6fb042000_0 .net "mem_la_firstword", 0 0, L_0x61d6fb06cf60;  1 drivers
v0x61d6fb0420c0_0 .var "mem_la_firstword_reg", 0 0;
v0x61d6fb042180_0 .net "mem_la_firstword_xfer", 0 0, L_0x61d6fb06ce50;  1 drivers
v0x61d6fb042240_0 .net "mem_la_read", 0 0, L_0x61d6fb070a30;  1 drivers
v0x61d6fb042300_0 .var "mem_la_secondword", 0 0;
v0x61d6fb0423c0_0 .net "mem_la_use_prefetched_high_word", 0 0, L_0x61d6fb06d7e0;  1 drivers
v0x61d6fb042480_0 .var "mem_la_wdata", 31 0;
v0x61d6fb03ba10_0 .net "mem_la_write", 0 0, L_0x61d6fb06f350;  1 drivers
v0x61d6fb03bad0_0 .var "mem_la_wstrb", 3 0;
v0x61d6fb03bbb0_0 .net "mem_rdata", 31 0, v0x61d6fb046f40_0;  alias, 1 drivers
v0x61d6fb03bc90_0 .net "mem_rdata_latched", 31 0, L_0x61d6fb072a60;  1 drivers
v0x61d6fb03bd70_0 .net "mem_rdata_latched_noshuffle", 31 0, L_0x61d6fb071780;  1 drivers
v0x61d6fb03be50_0 .var "mem_rdata_q", 31 0;
v0x61d6fb03bf30_0 .var "mem_rdata_word", 31 0;
v0x61d6fb03c010_0 .net "mem_ready", 0 0, v0x61d6fb047030_0;  alias, 1 drivers
v0x61d6fb03c0d0_0 .var "mem_state", 1 0;
v0x61d6fb043530_0 .var "mem_valid", 0 0;
v0x61d6fb0435d0_0 .var "mem_wdata", 31 0;
v0x61d6fb0436b0_0 .var "mem_wordsize", 1 0;
v0x61d6fb043790_0 .var "mem_wstrb", 3 0;
v0x61d6fb043870_0 .net "mem_xfer", 0 0, L_0x61d6fb06dbf0;  1 drivers
v0x61d6fb043930_0 .var "new_ascii_instr", 63 0;
v0x61d6fb043a10_0 .var "next_insn_opcode", 31 0;
v0x61d6fb043af0_0 .var "next_irq_pending", 31 0;
v0x61d6fb043bd0_0 .net "next_pc", 31 0, L_0x61d6fb073f40;  1 drivers
L_0x7097173570f8 .functor BUFT 1, C4<xxxxxxxxxxxxxxxxxxxxxxxxxxxxxxxx>, C4<0>, C4<0>, C4<0>;
v0x61d6fb043cb0_0 .net "pcpi_div_rd", 31 0, L_0x7097173570f8;  1 drivers
L_0x709717357188 .functor BUFT 1, C4<0>, C4<0>, C4<0>, C4<0>;
v0x61d6fb043d90_0 .net "pcpi_div_ready", 0 0, L_0x709717357188;  1 drivers
L_0x709717357140 .functor BUFT 1, C4<0>, C4<0>, C4<0>, C4<0>;
v0x61d6fb043e50_0 .net "pcpi_div_wait", 0 0, L_0x709717357140;  1 drivers
L_0x7097173570b0 .functor BUFT 1, C4<0>, C4<0>, C4<0>, C4<0>;
v0x61d6fb043f10_0 .net "pcpi_div_wr", 0 0, L_0x7097173570b0;  1 drivers
v0x61d6fb043fd0_0 .var "pcpi_insn", 31 0;
v0x61d6fb0440b0_0 .var "pcpi_int_rd", 31 0;
v0x61d6fb044190_0 .var "pcpi_int_ready", 0 0;
v0x61d6fb044250_0 .var "pcpi_int_wait", 0 0;
v0x61d6fb044310_0 .var "pcpi_int_wr", 0 0;
L_0x709717356fd8 .functor BUFT 1, C4<xxxxxxxxxxxxxxxxxxxxxxxxxxxxxxxx>, C4<0>, C4<0>, C4<0>;
v0x61d6fb0443d0_0 .net "pcpi_mul_rd", 31 0, L_0x709717356fd8;  1 drivers
L_0x709717357068 .functor BUFT 1, C4<0>, C4<0>, C4<0>, C4<0>;
v0x61d6fb0444b0_0 .net "pcpi_mul_ready", 0 0, L_0x709717357068;  1 drivers
L_0x709717357020 .functor BUFT 1, C4<0>, C4<0>, C4<0>, C4<0>;
v0x61d6fb044570_0 .net "pcpi_mul_wait", 0 0, L_0x709717357020;  1 drivers
L_0x709717356f90 .functor BUFT 1, C4<0>, C4<0>, C4<0>, C4<0>;
v0x61d6fb044630_0 .net "pcpi_mul_wr", 0 0, L_0x709717356f90;  1 drivers
o0x7097173ad688 .functor BUFZ 32, C4<zzzzzzzzzzzzzzzzzzzzzzzzzzzzzzzz>; HiZ drive
v0x61d6fb0446f0_0 .net "pcpi_rd", 31 0, o0x7097173ad688;  0 drivers
o0x7097173ad6b8 .functor BUFZ 1, C4<z>; HiZ drive
v0x61d6fb0447d0_0 .net "pcpi_ready", 0 0, o0x7097173ad6b8;  0 drivers
v0x61d6fb044890_0 .net "pcpi_rs1", 31 0, L_0x61d6fb06c950;  1 drivers
v0x61d6fb044970_0 .net "pcpi_rs2", 31 0, L_0x61d6fb06ca70;  1 drivers
v0x61d6fb044a50_0 .var "pcpi_timeout", 0 0;
v0x61d6fb044b10_0 .var "pcpi_valid", 0 0;
o0x7097173ad7a8 .functor BUFZ 1, C4<z>; HiZ drive
v0x61d6fb044bd0_0 .net "pcpi_wait", 0 0, o0x7097173ad7a8;  0 drivers
o0x7097173ad7d8 .functor BUFZ 1, C4<z>; HiZ drive
v0x61d6fb044c90_0 .net "pcpi_wr", 0 0, o0x7097173ad7d8;  0 drivers
v0x61d6fb044d50_0 .var "prefetched_high_word", 0 0;
v0x61d6fb044e10_0 .var "q_ascii_instr", 63 0;
v0x61d6fb044ef0_0 .var "q_insn_imm", 31 0;
v0x61d6fb044fd0_0 .var "q_insn_opcode", 31 0;
v0x61d6fb0450b0_0 .var "q_insn_rd", 4 0;
v0x61d6fb045190_0 .var "q_insn_rs1", 4 0;
v0x61d6fb045270_0 .var "q_insn_rs2", 4 0;
v0x61d6fb045350_0 .var "reg_next_pc", 31 0;
v0x61d6fb045430_0 .var "reg_op1", 31 0;
v0x61d6fb045510_0 .var "reg_op2", 31 0;
v0x61d6fb0455f0_0 .var "reg_out", 31 0;
v0x61d6fb0456d0_0 .var "reg_pc", 31 0;
v0x61d6fb0457b0_0 .var "reg_sh", 4 0;
v0x61d6fb045890_0 .net "resetn", 0 0, v0x61d6fb0479c0_0;  alias, 1 drivers
v0x61d6fb045950_0 .var "set_mem_do_rdata", 0 0;
v0x61d6fb045a10_0 .var "set_mem_do_rinst", 0 0;
v0x61d6fb045ad0_0 .var "set_mem_do_wdata", 0 0;
v0x61d6fb045b90_0 .var "timer", 31 0;
v0x61d6fb045c70_0 .var "trace_data", 35 0;
v0x61d6fb045d50_0 .var "trace_valid", 0 0;
v0x61d6fb045e10_0 .var "trap", 0 0;
E_0x61d6fb033aa0 .event posedge, v0x61d6fb03a970_0;
v0x61d6fb03ad90_0 .array/port v0x61d6fb03ad90, 0;
v0x61d6fb03ad90_1 .array/port v0x61d6fb03ad90, 1;
v0x61d6fb03ad90_2 .array/port v0x61d6fb03ad90, 2;
E_0x61d6fb033b20/0 .event edge, v0x61d6fb03d3a0_0, v0x61d6fb03ad90_0, v0x61d6fb03ad90_1, v0x61d6fb03ad90_2;
v0x61d6fb03ad90_3 .array/port v0x61d6fb03ad90, 3;
v0x61d6fb03ad90_4 .array/port v0x61d6fb03ad90, 4;
v0x61d6fb03ad90_5 .array/port v0x61d6fb03ad90, 5;
v0x61d6fb03ad90_6 .array/port v0x61d6fb03ad90, 6;
E_0x61d6fb033b20/1 .event edge, v0x61d6fb03ad90_3, v0x61d6fb03ad90_4, v0x61d6fb03ad90_5, v0x61d6fb03ad90_6;
v0x61d6fb03ad90_7 .array/port v0x61d6fb03ad90, 7;
v0x61d6fb03ad90_8 .array/port v0x61d6fb03ad90, 8;
v0x61d6fb03ad90_9 .array/port v0x61d6fb03ad90, 9;
v0x61d6fb03ad90_10 .array/port v0x61d6fb03ad90, 10;
E_0x61d6fb033b20/2 .event edge, v0x61d6fb03ad90_7, v0x61d6fb03ad90_8, v0x61d6fb03ad90_9, v0x61d6fb03ad90_10;
v0x61d6fb03ad90_11 .array/port v0x61d6fb03ad90, 11;
v0x61d6fb03ad90_12 .array/port v0x61d6fb03ad90, 12;
v0x61d6fb03ad90_13 .array/port v0x61d6fb03ad90, 13;
v0x61d6fb03ad90_14 .array/port v0x61d6fb03ad90, 14;
E_0x61d6fb033b20/3 .event edge, v0x61d6fb03ad90_11, v0x61d6fb03ad90_12, v0x61d6fb03ad90_13, v0x61d6fb03ad90_14;
v0x61d6fb03ad90_15 .array/port v0x61d6fb03ad90, 15;
v0x61d6fb03ad90_16 .array/port v0x61d6fb03ad90, 16;
v0x61d6fb03ad90_17 .array/port v0x61d6fb03ad90, 17;
v0x61d6fb03ad90_18 .array/port v0x61d6fb03ad90, 18;
E_0x61d6fb033b20/4 .event edge, v0x61d6fb03ad90_15, v0x61d6fb03ad90_16, v0x61d6fb03ad90_17, v0x61d6fb03ad90_18;
v0x61d6fb03ad90_19 .array/port v0x61d6fb03ad90, 19;
v0x61d6fb03ad90_20 .array/port v0x61d6fb03ad90, 20;
v0x61d6fb03ad90_21 .array/port v0x61d6fb03ad90, 21;
v0x61d6fb03ad90_22 .array/port v0x61d6fb03ad90, 22;
E_0x61d6fb033b20/5 .event edge, v0x61d6fb03ad90_19, v0x61d6fb03ad90_20, v0x61d6fb03ad90_21, v0x61d6fb03ad90_22;
v0x61d6fb03ad90_23 .array/port v0x61d6fb03ad90, 23;
v0x61d6fb03ad90_24 .array/port v0x61d6fb03ad90, 24;
v0x61d6fb03ad90_25 .array/port v0x61d6fb03ad90, 25;
v0x61d6fb03ad90_26 .array/port v0x61d6fb03ad90, 26;
E_0x61d6fb033b20/6 .event edge, v0x61d6fb03ad90_23, v0x61d6fb03ad90_24, v0x61d6fb03ad90_25, v0x61d6fb03ad90_26;
v0x61d6fb03ad90_27 .array/port v0x61d6fb03ad90, 27;
v0x61d6fb03ad90_28 .array/port v0x61d6fb03ad90, 28;
v0x61d6fb03ad90_29 .array/port v0x61d6fb03ad90, 29;
v0x61d6fb03ad90_30 .array/port v0x61d6fb03ad90, 30;
E_0x61d6fb033b20/7 .event edge, v0x61d6fb03ad90_27, v0x61d6fb03ad90_28, v0x61d6fb03ad90_29, v0x61d6fb03ad90_30;
v0x61d6fb03ad90_31 .array/port v0x61d6fb03ad90, 31;
E_0x61d6fb033b20/8 .event edge, v0x61d6fb03ad90_31, v0x61d6fb03d480_0;
E_0x61d6fb033b20 .event/or E_0x61d6fb033b20/0, E_0x61d6fb033b20/1, E_0x61d6fb033b20/2, E_0x61d6fb033b20/3, E_0x61d6fb033b20/4, E_0x61d6fb033b20/5, E_0x61d6fb033b20/6, E_0x61d6fb033b20/7, E_0x61d6fb033b20/8;
E_0x61d6fb033c80/0 .event edge, v0x61d6fb03acb0_0, v0x61d6fb0456d0_0, v0x61d6fb041140_0, v0x61d6fb041080_0;
E_0x61d6fb033c80/1 .event edge, v0x61d6fb041520_0, v0x61d6fb039e90_0, v0x61d6fb0455f0_0, v0x61d6fb0415e0_0;
E_0x61d6fb033c80/2 .event edge, v0x61d6fb045350_0, v0x61d6fb0403a0_0, v0x61d6fb0402c0_0, v0x61d6fb0401e0_0;
E_0x61d6fb033c80 .event/or E_0x61d6fb033c80/0, E_0x61d6fb033c80/1, E_0x61d6fb033c80/2;
E_0x61d6fb033d30/0 .event edge, v0x61d6fb03a8b0_0, v0x61d6fb044d50_0, v0x61d6fb041080_0, v0x61d6fb0403a0_0;
E_0x61d6fb033d30/1 .event edge, v0x61d6fb045890_0;
E_0x61d6fb033d30 .event/or E_0x61d6fb033d30/0, E_0x61d6fb033d30/1;
E_0x61d6fb033dd0/0 .event edge, v0x61d6fb0399f0_0, v0x61d6fb03ddc0_0, v0x61d6fb03e180_0, v0x61d6fb039ab0_0;
E_0x61d6fb033dd0/1 .event edge, v0x61d6fb03de80_0, v0x61d6fb039b70_0, v0x61d6fb03df40_0, v0x61d6fb040e40_0;
E_0x61d6fb033dd0/2 .event edge, v0x61d6fb040f00_0, v0x61d6fb039910_0, v0x61d6fb040a80_0, v0x61d6fb039d10_0;
E_0x61d6fb033dd0/3 .event edge, v0x61d6fb0406c0_0, v0x61d6fb045430_0, v0x61d6fb045510_0, v0x61d6fb03fec0_0;
E_0x61d6fb033dd0/4 .event edge, v0x61d6fb03fe00_0, v0x61d6fb03ec00_0, v0x61d6fb03eb40_0, v0x61d6fb03dc40_0;
E_0x61d6fb033dd0/5 .event edge, v0x61d6fb03db80_0, v0x61d6fb039f70_0, v0x61d6fb03f2c0_0, v0x61d6fb03f380_0;
E_0x61d6fb033dd0/6 .event edge, v0x61d6fb03a050_0, v0x61d6fb03f8c0_0, v0x61d6fb03f980_0, v0x61d6fb03f740_0;
E_0x61d6fb033dd0/7 .event edge, v0x61d6fb03f800_0;
E_0x61d6fb033dd0 .event/or E_0x61d6fb033dd0/0, E_0x61d6fb033dd0/1, E_0x61d6fb033dd0/2, E_0x61d6fb033dd0/3, E_0x61d6fb033dd0/4, E_0x61d6fb033dd0/5, E_0x61d6fb033dd0/6, E_0x61d6fb033dd0/7;
E_0x61d6fb033f00 .event edge, v0x61d6fb03acb0_0;
E_0x61d6fb033fa0/0 .event edge, v0x61d6fb044e10_0, v0x61d6fb044ef0_0, v0x61d6fb044fd0_0, v0x61d6fb045190_0;
E_0x61d6fb033fa0/1 .event edge, v0x61d6fb045270_0, v0x61d6fb0450b0_0, v0x61d6fb03cb60_0, v0x61d6fb03d620_0;
E_0x61d6fb033fa0/2 .event edge, v0x61d6fb03a2b0_0, v0x61d6fb03a390_0, v0x61d6fb03a470_0, v0x61d6fb03a630_0;
E_0x61d6fb033fa0/3 .event edge, v0x61d6fb03a710_0, v0x61d6fb03a550_0, v0x61d6fb043930_0, v0x61d6fb043a10_0;
E_0x61d6fb033fa0/4 .event edge, v0x61d6fb03d020_0, v0x61d6fb03d3a0_0, v0x61d6fb03d480_0, v0x61d6fb03d1e0_0;
E_0x61d6fb033fa0 .event/or E_0x61d6fb033fa0/0, E_0x61d6fb033fa0/1, E_0x61d6fb033fa0/2, E_0x61d6fb033fa0/3, E_0x61d6fb033fa0/4;
E_0x61d6fb034090/0 .event edge, v0x61d6fb03e900_0, v0x61d6fb03dd00_0, v0x61d6fb03e480_0, v0x61d6fb03e540_0;
E_0x61d6fb034090/1 .event edge, v0x61d6fb03ddc0_0, v0x61d6fb03e180_0, v0x61d6fb03e000_0, v0x61d6fb03de80_0;
E_0x61d6fb034090/2 .event edge, v0x61d6fb03e0c0_0, v0x61d6fb03df40_0, v0x61d6fb03e600_0, v0x61d6fb03e780_0;
E_0x61d6fb034090/3 .event edge, v0x61d6fb03e9c0_0, v0x61d6fb03e6c0_0, v0x61d6fb03e840_0, v0x61d6fb03f080_0;
E_0x61d6fb034090/4 .event edge, v0x61d6fb03f200_0, v0x61d6fb03fb00_0, v0x61d6fb03dac0_0, v0x61d6fb03f500_0;
E_0x61d6fb034090/5 .event edge, v0x61d6fb03f5c0_0, v0x61d6fb03fec0_0, v0x61d6fb03ec00_0, v0x61d6fb03dc40_0;
E_0x61d6fb034090/6 .event edge, v0x61d6fb03f380_0, v0x61d6fb03f980_0, v0x61d6fb03f800_0, v0x61d6fb03da00_0;
E_0x61d6fb034090/7 .event edge, v0x61d6fb03fa40_0, v0x61d6fb03f2c0_0, v0x61d6fb03f440_0, v0x61d6fb03f680_0;
E_0x61d6fb034090/8 .event edge, v0x61d6fb03fe00_0, v0x61d6fb03f8c0_0, v0x61d6fb03f740_0, v0x61d6fb03eb40_0;
E_0x61d6fb034090/9 .event edge, v0x61d6fb03db80_0, v0x61d6fb03ecc0_0, v0x61d6fb03ed80_0, v0x61d6fb03ee40_0;
E_0x61d6fb034090/10 .event edge, v0x61d6fb03ef00_0, v0x61d6fb03e300_0, v0x61d6fb03e3c0_0, v0x61d6fb03f140_0;
E_0x61d6fb034090/11 .event edge, v0x61d6fb03efc0_0, v0x61d6fb03ea80_0, v0x61d6fb03fd40_0, v0x61d6fb03fbc0_0;
E_0x61d6fb034090 .event/or E_0x61d6fb034090/0, E_0x61d6fb034090/1, E_0x61d6fb034090/2, E_0x61d6fb034090/3, E_0x61d6fb034090/4, E_0x61d6fb034090/5, E_0x61d6fb034090/6, E_0x61d6fb034090/7, E_0x61d6fb034090/8, E_0x61d6fb034090/9, E_0x61d6fb034090/10, E_0x61d6fb034090/11;
E_0x61d6fb033f40 .event edge, v0x61d6fb0436b0_0, v0x61d6fb045510_0, v0x61d6fb03bbb0_0, v0x61d6fb045430_0;
E_0x61d6fb0342e0/0 .event edge, v0x61d6fb044bd0_0, v0x61d6fb044570_0, v0x61d6fb043e50_0, v0x61d6fb0447d0_0;
E_0x61d6fb0342e0/1 .event edge, v0x61d6fb0444b0_0, v0x61d6fb043d90_0, v0x61d6fb044630_0, v0x61d6fb0443d0_0;
E_0x61d6fb0342e0/2 .event edge, v0x61d6fb043f10_0, v0x61d6fb043cb0_0;
E_0x61d6fb0342e0 .event/or E_0x61d6fb0342e0/0, E_0x61d6fb0342e0/1, E_0x61d6fb0342e0/2;
L_0x61d6fb06cd10 .part L_0x61d6fb073f40, 1, 1;
L_0x61d6fb06cec0 .reduce/nor v0x61d6fb042300_0;
L_0x61d6fb06d190 .reduce/nor v0x61d6fb040fc0_0;
L_0x61d6fb06d290 .functor MUXZ 1, v0x61d6fb0420c0_0, L_0x61d6fb06cf60, L_0x61d6fb06d190, C4<>;
L_0x61d6fb06d6e0 .reduce/nor v0x61d6fb03a7f0_0;
L_0x61d6fb06d920 .concat [ 1 1 1 1], v0x61d6fb041ce0_0, v0x61d6fb041b60_0, v0x61d6fb041c20_0, v0x61d6fb041aa0_0;
L_0x61d6fb06dde0 .reduce/or L_0x61d6fb06d920;
L_0x61d6fb06ded0 .reduce/or v0x61d6fb03c0d0_0;
L_0x61d6fb06e4a0 .reduce/and v0x61d6fb03c0d0_0;
L_0x61d6fb06e9f0 .reduce/nor L_0x61d6fb06cf60;
L_0x61d6fb06eb20 .part L_0x61d6fb072a60, 0, 2;
L_0x61d6fb06ebc0 .reduce/nand L_0x61d6fb06eb20;
L_0x61d6fb06f0a0 .reduce/nor v0x61d6fb03c0d0_0;
L_0x61d6fb06f410 .reduce/nor L_0x61d6fb06d7e0;
L_0x61d6fb06f530 .reduce/nor v0x61d6fb03c0d0_0;
L_0x61d6fb06fc60 .reduce/nor v0x61d6fb040fc0_0;
L_0x61d6fb06fde0 .functor MUXZ 1, v0x61d6fb0420c0_0, L_0x61d6fb06cf60, L_0x61d6fb06fc60, C4<>;
L_0x61d6fb070030 .reduce/nor v0x61d6fb042300_0;
L_0x61d6fb070420 .part L_0x61d6fb072a60, 0, 2;
L_0x61d6fb070510 .reduce/and L_0x61d6fb070420;
L_0x61d6fb070120 .part L_0x61d6fb073f40, 2, 30;
L_0x61d6fb070cd0 .concat [ 1 29 0 0], L_0x61d6fb06ce50, L_0x7097173572f0;
L_0x61d6fb070ed0 .arith/sum 30, L_0x61d6fb070120, L_0x61d6fb070cd0;
L_0x61d6fb071080 .concat [ 2 30 0 0], L_0x709717357338, L_0x61d6fb070ed0;
L_0x61d6fb071290 .part v0x61d6fb045430_0, 2, 30;
L_0x61d6fb071380 .concat [ 2 30 0 0], L_0x709717357380, L_0x61d6fb071290;
L_0x61d6fb0715a0 .functor MUXZ 32, L_0x61d6fb071380, L_0x61d6fb071080, L_0x61d6fb070af0, C4<>;
L_0x61d6fb071780 .functor MUXZ 32, v0x61d6fb03be50_0, v0x61d6fb046f40_0, L_0x61d6fb070f70, C4<>;
L_0x61d6fb071c30 .concat [ 16 16 0 0], v0x61d6fb041820_0, L_0x709717357458;
L_0x61d6fb071d90 .part L_0x61d6fb071780, 0, 16;
L_0x61d6fb071f80 .concat [ 16 16 0 0], v0x61d6fb041820_0, L_0x61d6fb071d90;
L_0x61d6fb072310 .part L_0x61d6fb071780, 16, 16;
L_0x61d6fb0724c0 .concat [ 16 16 0 0], L_0x61d6fb072310, L_0x709717357530;
L_0x61d6fb072630 .functor MUXZ 32, L_0x61d6fb071780, L_0x61d6fb0724c0, L_0x61d6fb0720c0, C4<>;
L_0x61d6fb0728d0 .functor MUXZ 32, L_0x61d6fb072630, L_0x61d6fb071f80, L_0x61d6fb071cd0, C4<>;
L_0x61d6fb072a60 .functor MUXZ 32, L_0x61d6fb0728d0, L_0x61d6fb071c30, L_0x61d6fb071960, C4<>;
LS_0x61d6fb072c30_0_0 .concat [ 1 1 1 1], v0x61d6fb03fbc0_0, v0x61d6fb03fd40_0, v0x61d6fb03ea80_0, v0x61d6fb03efc0_0;
LS_0x61d6fb072c30_0_4 .concat [ 1 1 1 1], v0x61d6fb03f140_0, v0x61d6fb03e3c0_0, v0x61d6fb03e300_0, v0x61d6fb03ef00_0;
LS_0x61d6fb072c30_0_8 .concat [ 1 1 1 1], v0x61d6fb03ee40_0, v0x61d6fb03ed80_0, v0x61d6fb03ecc0_0, v0x61d6fb03db80_0;
LS_0x61d6fb072c30_0_12 .concat [ 1 1 1 1], v0x61d6fb03eb40_0, v0x61d6fb03f740_0, v0x61d6fb03f8c0_0, v0x61d6fb03fe00_0;
LS_0x61d6fb072c30_0_16 .concat [ 1 1 1 1], v0x61d6fb03f680_0, v0x61d6fb03f440_0, v0x61d6fb03f2c0_0, v0x61d6fb03fa40_0;
LS_0x61d6fb072c30_0_20 .concat [ 1 1 1 1], v0x61d6fb03da00_0, v0x61d6fb03f800_0, v0x61d6fb03f980_0, v0x61d6fb03f380_0;
LS_0x61d6fb072c30_0_24 .concat [ 1 1 1 1], v0x61d6fb03dc40_0, v0x61d6fb03ec00_0, v0x61d6fb03fec0_0, v0x61d6fb03f5c0_0;
LS_0x61d6fb072c30_0_28 .concat [ 1 1 1 1], v0x61d6fb03f500_0, v0x61d6fb03dac0_0, v0x61d6fb03fb00_0, v0x61d6fb03f200_0;
LS_0x61d6fb072c30_0_32 .concat [ 1 1 1 1], v0x61d6fb03f080_0, v0x61d6fb03e840_0, v0x61d6fb03e6c0_0, v0x61d6fb03e9c0_0;
LS_0x61d6fb072c30_0_36 .concat [ 1 1 1 1], v0x61d6fb03e780_0, v0x61d6fb03e600_0, v0x61d6fb03df40_0, v0x61d6fb03e0c0_0;
LS_0x61d6fb072c30_0_40 .concat [ 1 1 1 1], v0x61d6fb03de80_0, v0x61d6fb03e000_0, v0x61d6fb03e180_0, v0x61d6fb03ddc0_0;
LS_0x61d6fb072c30_0_44 .concat [ 1 1 1 1], v0x61d6fb03e540_0, v0x61d6fb03e480_0, v0x61d6fb03dd00_0, v0x61d6fb03e900_0;
LS_0x61d6fb072c30_1_0 .concat [ 4 4 4 4], LS_0x61d6fb072c30_0_0, LS_0x61d6fb072c30_0_4, LS_0x61d6fb072c30_0_8, LS_0x61d6fb072c30_0_12;
LS_0x61d6fb072c30_1_4 .concat [ 4 4 4 4], LS_0x61d6fb072c30_0_16, LS_0x61d6fb072c30_0_20, LS_0x61d6fb072c30_0_24, LS_0x61d6fb072c30_0_28;
LS_0x61d6fb072c30_1_8 .concat [ 4 4 4 4], LS_0x61d6fb072c30_0_32, LS_0x61d6fb072c30_0_36, LS_0x61d6fb072c30_0_40, LS_0x61d6fb072c30_0_44;
L_0x61d6fb072c30 .concat [ 16 16 16 0], LS_0x61d6fb072c30_1_0, LS_0x61d6fb072c30_1_4, LS_0x61d6fb072c30_1_8;
L_0x61d6fb073480 .reduce/nor L_0x61d6fb072c30;
L_0x61d6fb0737f0 .concat [ 1 1 1 1], v0x61d6fb03ef00_0, v0x61d6fb03ee40_0, v0x61d6fb03ed80_0, v0x61d6fb03ecc0_0;
L_0x61d6fb0739d0 .reduce/or L_0x61d6fb0737f0;
L_0x61d6fb073f40 .functor MUXZ 32, v0x61d6fb045350_0, L_0x61d6fb073e20, L_0x61d6fb073c10, C4<>;
L_0x61d6fb074080 .cmp/eq 8, v0x61d6fb03acb0_0, L_0x709717357608;
L_0x61d6fb074d00 .reduce/nor L_0x61d6fb074a10;
S_0x61d6fb0343e0 .scope task, "empty_statement" "empty_statement" 2 214, 2 214 0, S_0x61d6fb031560;
 .timescale -9 -12;
TD_tb_main.u_cpu_wrapper.cpu.empty_statement ;
    %end;
S_0x61d6fb034570 .scope generate, "genblk4" "genblk4" 2 285, 2 285 0, S_0x61d6fb031560;
 .timescale -9 -12;
S_0x61d6fb034770 .scope generate, "genblk6" "genblk6" 2 305, 2 305 0, S_0x61d6fb031560;
 .timescale -9 -12;
S_0x61d6fb034950 .scope generate, "genblk8" "genblk8" 2 1229, 2 1229 0, S_0x61d6fb031560;
 .timescale -9 -12;
E_0x61d6fb034b30/0 .event edge, v0x61d6fb03fa40_0, v0x61d6fb045430_0, v0x61d6fb045510_0, v0x61d6fb03f740_0;
E_0x61d6fb034b30/1 .event edge, v0x61d6fb03f800_0;
E_0x61d6fb034b30 .event/or E_0x61d6fb034b30/0, E_0x61d6fb034b30/1;
S_0x61d6fb046aa0 .scope module, "u_rom" "boot_rom" 3 31, 5 1 0, S_0x61d6faed83f0;
 .timescale 0 0;
    .port_info 0 /INPUT 1 "clk";
    .port_info 1 /INPUT 1 "valid";
    .port_info 2 /INPUT 32 "addr";
    .port_info 3 /OUTPUT 32 "rdata";
    .port_info 4 /OUTPUT 1 "ready";
v0x61d6fb046c80_0 .net "addr", 31 0, v0x61d6fb041900_0;  alias, 1 drivers
v0x61d6fb046d90_0 .net "clk", 0 0, v0x61d6fb047300_0;  alias, 1 drivers
v0x61d6fb046ea0 .array "memory", 255 0, 31 0;
v0x61d6fb046f40_0 .var "rdata", 31 0;
v0x61d6fb047030_0 .var "ready", 0 0;
v0x61d6fb047170_0 .net "valid", 0 0, v0x61d6fb043530_0;  alias, 1 drivers
    .scope S_0x61d6faf6f1f0;
T_3 ;
    %wait E_0x61d6fac59960;
    %load/vec4 v0x61d6fb002470_0;
    %nor/r;
    %flag_set/vec4 8;
    %jmp/0xz  T_3.0, 8;
    %pushi/vec4 0, 0, 1;
    %assign/vec4 v0x61d6fac58360_0, 0;
    %jmp T_3.1;
T_3.0 ;
    %load/vec4 v0x61d6fb0021f0_0;
    %load/vec4 v0x61d6fb002130_0;
    %and;
    %assign/vec4 v0x61d6fb002530_0, 0;
    %load/vec4 v0x61d6fb0016f0_0;
    %load/vec4 v0x61d6fb0017b0_0;
    %and;
    %flag_set/vec4 8;
    %jmp/0xz  T_3.2, 8;
    %pushi/vec4 1, 0, 1;
    %assign/vec4 v0x61d6fac58360_0, 0;
T_3.2 ;
    %load/vec4 v0x61d6fb0013b0_0;
    %load/vec4 v0x61d6fb001470_0;
    %and;
    %flag_set/vec4 8;
    %jmp/0xz  T_3.4, 8;
    %pushi/vec4 1, 0, 1;
    %assign/vec4 v0x61d6fac582a0_0, 0;
T_3.4 ;
    %load/vec4 v0x61d6fb001d30_0;
    %load/vec4 v0x61d6fb001ed0_0;
    %and;
    %flag_set/vec4 8;
    %jmp/0xz  T_3.6, 8;
    %pushi/vec4 1, 0, 1;
    %assign/vec4 v0x61d6fac58420_0, 0;
T_3.6 ;
    %load/vec4 v0x61d6fb002530_0;
    %flag_set/vec4 8;
    %load/vec4 v0x61d6fb0021f0_0;
    %nor/r;
    %flag_set/vec4 9;
    %flag_or 9, 8;
    %jmp/0xz  T_3.8, 9;
    %pushi/vec4 0, 0, 1;
    %assign/vec4 v0x61d6fac58360_0, 0;
    %pushi/vec4 0, 0, 1;
    %assign/vec4 v0x61d6fac582a0_0, 0;
    %pushi/vec4 0, 0, 1;
    %assign/vec4 v0x61d6fac58420_0, 0;
T_3.8 ;
T_3.1 ;
    %jmp T_3;
    .thread T_3;
    .scope S_0x61d6fb005510;
T_4 ;
    %wait E_0x61d6fb0056f0;
    %load/vec4 v0x61d6fb0107c0_0;
    %flag_set/vec4 8;
    %jmp/0 T_4.0, 8;
    %load/vec4 v0x61d6fb016130_0;
    %load/vec4 v0x61d6fb016210_0;
    %sub;
    %jmp/1 T_4.1, 8;
T_4.0 ; End of true expr.
    %load/vec4 v0x61d6fb016130_0;
    %load/vec4 v0x61d6fb016210_0;
    %add;
    %jmp/0 T_4.1, 8;
 ; End of false expr.
    %blend;
T_4.1;
    %store/vec4 v0x61d6fb00a6d0_0, 0, 32;
    %load/vec4 v0x61d6fb016130_0;
    %load/vec4 v0x61d6fb016210_0;
    %cmp/e;
    %flag_get/vec4 4;
    %store/vec4 v0x61d6fb00a7b0_0, 0, 1;
    %load/vec4 v0x61d6fb016130_0;
    %load/vec4 v0x61d6fb016210_0;
    %cmp/s;
    %flag_get/vec4 5;
    %store/vec4 v0x61d6fb00a870_0, 0, 1;
    %load/vec4 v0x61d6fb016130_0;
    %load/vec4 v0x61d6fb016210_0;
    %cmp/u;
    %flag_get/vec4 5;
    %store/vec4 v0x61d6fb00a930_0, 0, 1;
    %load/vec4 v0x61d6fb016130_0;
    %load/vec4 v0x61d6fb016210_0;
    %parti/s 5, 0, 2;
    %ix/vec4 4;
    %shiftl 4;
    %store/vec4 v0x61d6fb00ad30_0, 0, 32;
    %load/vec4 v0x61d6fb0104c0_0;
    %flag_set/vec4 8;
    %load/vec4 v0x61d6fb010580_0;
    %flag_set/vec4 9;
    %flag_or 9, 8;
    %jmp/0 T_4.2, 9;
    %load/vec4 v0x61d6fb016130_0;
    %parti/s 1, 31, 6;
    %jmp/1 T_4.3, 9;
T_4.2 ; End of true expr.
    %pushi/vec4 0, 0, 1;
    %jmp/0 T_4.3, 9;
 ; End of false expr.
    %blend;
T_4.3;
    %load/vec4 v0x61d6fb016130_0;
    %concat/vec4; draw_concat_vec4
    %load/vec4 v0x61d6fb016210_0;
    %parti/s 5, 0, 2;
    %ix/vec4 4;
    %shiftr/s 4;
    %pad/s 32;
    %store/vec4 v0x61d6fb00ae10_0, 0, 32;
    %jmp T_4;
    .thread T_4, $push;
    .scope S_0x61d6faf6f5a0;
T_5 ;
    %end;
    .thread T_5;
    .scope S_0x61d6faf6f5a0;
T_6 ;
    %wait E_0x61d6fb004e90;
    %pushi/vec4 0, 0, 1;
    %store/vec4 v0x61d6fb015010_0, 0, 1;
    %pushi/vec4 4294967295, 4294967295, 32;
    %store/vec4 v0x61d6fb014db0_0, 0, 32;
    %pushi/vec4 0, 0, 1;
    %load/vec4 v0x61d6fb0158d0_0;
    %and;
    %pushi/vec4 0, 0, 1;
    %load/vec4 v0x61d6fb015270_0;
    %and;
    %concat/vec4; draw_concat_vec4
    %pushi/vec4 0, 0, 1;
    %load/vec4 v0x61d6fb014b50_0;
    %and;
    %concat/vec4; draw_concat_vec4
    %or/r;
    %store/vec4 v0x61d6fb014f50_0, 0, 1;
    %pushi/vec4 0, 0, 1;
    %load/vec4 v0x61d6fb0154d0_0;
    %and;
    %pushi/vec4 0, 0, 1;
    %load/vec4 v0x61d6fb0151b0_0;
    %and;
    %concat/vec4; draw_concat_vec4
    %pushi/vec4 0, 0, 1;
    %load/vec4 v0x61d6fb014a90_0;
    %and;
    %concat/vec4; draw_concat_vec4
    %or/r;
    %store/vec4 v0x61d6fb014e90_0, 0, 1;
    %pushi/vec4 1, 0, 1;
    %dup/vec4;
    %pushi/vec4 0, 0, 1;
    %load/vec4 v0x61d6fb0154d0_0;
    %and;
    %cmp/u;
    %jmp/1 T_6.0, 6;
    %dup/vec4;
    %pushi/vec4 0, 0, 1;
    %load/vec4 v0x61d6fb0151b0_0;
    %and;
    %cmp/u;
    %jmp/1 T_6.1, 6;
    %dup/vec4;
    %pushi/vec4 0, 0, 1;
    %load/vec4 v0x61d6fb014a90_0;
    %and;
    %cmp/u;
    %jmp/1 T_6.2, 6;
    %jmp T_6.3;
T_6.0 ;
    %pushi/vec4 0, 0, 1;
    %store/vec4 v0x61d6fb015010_0, 0, 1;
    %pushi/vec4 0, 0, 32;
    %store/vec4 v0x61d6fb014db0_0, 0, 32;
    %jmp T_6.3;
T_6.1 ;
    %load/vec4 v0x61d6fb015330_0;
    %store/vec4 v0x61d6fb015010_0, 0, 1;
    %load/vec4 v0x61d6fb0150d0_0;
    %store/vec4 v0x61d6fb014db0_0, 0, 32;
    %jmp T_6.3;
T_6.2 ;
    %load/vec4 v0x61d6fb014c10_0;
    %store/vec4 v0x61d6fb015010_0, 0, 1;
    %load/vec4 v0x61d6fb0149b0_0;
    %store/vec4 v0x61d6fb014db0_0, 0, 32;
    %jmp T_6.3;
T_6.3 ;
    %pop/vec4 1;
    %jmp T_6;
    .thread T_6, $push;
    .scope S_0x61d6faf6f5a0;
T_7 ;
    %wait E_0x61d6fac59960;
    %load/vec4 v0x61d6fb016590_0;
    %nor/r;
    %flag_set/vec4 8;
    %jmp/0xz  T_7.0, 8;
    %pushi/vec4 0, 0, 1;
    %assign/vec4 v0x61d6fb012e20_0, 0;
    %pushi/vec4 0, 0, 1;
    %assign/vec4 v0x61d6fb011d40_0, 0;
    %jmp T_7.1;
T_7.0 ;
    %load/vec4 v0x61d6fb011d40_0;
    %nor/r;
    %flag_set/vec4 8;
    %jmp/0xz  T_7.2, 8;
    %load/vec4 v0x61d6fb012d60_0;
    %assign/vec4 v0x61d6fb012e20_0, 0;
T_7.2 ;
    %load/vec4 v0x61d6fb014290_0;
    %load/vec4 v0x61d6fb00cd80_0;
    %nor/r;
    %and;
    %assign/vec4 v0x61d6fb011d40_0, 0;
T_7.1 ;
    %jmp T_7;
    .thread T_7;
    .scope S_0x61d6faf6f5a0;
T_8 ;
    %wait E_0x61d6fb005150;
    %load/vec4 v0x61d6fb014400_0;
    %dup/vec4;
    %pushi/vec4 0, 0, 2;
    %cmp/u;
    %jmp/1 T_8.0, 6;
    %dup/vec4;
    %pushi/vec4 1, 0, 2;
    %cmp/u;
    %jmp/1 T_8.1, 6;
    %dup/vec4;
    %pushi/vec4 2, 0, 2;
    %cmp/u;
    %jmp/1 T_8.2, 6;
    %jmp T_8.3;
T_8.0 ;
    %load/vec4 v0x61d6fb016210_0;
    %store/vec4 v0x61d6fb0131e0_0, 0, 32;
    %pushi/vec4 15, 0, 4;
    %store/vec4 v0x61d6fb00c850_0, 0, 4;
    %load/vec4 v0x61d6fb00c930_0;
    %store/vec4 v0x61d6fb00cca0_0, 0, 32;
    %jmp T_8.3;
T_8.1 ;
    %load/vec4 v0x61d6fb016210_0;
    %parti/s 16, 0, 2;
    %replicate 2;
    %store/vec4 v0x61d6fb0131e0_0, 0, 32;
    %load/vec4 v0x61d6fb016130_0;
    %parti/s 1, 1, 2;
    %flag_set/vec4 8;
    %jmp/0 T_8.4, 8;
    %pushi/vec4 12, 0, 4;
    %jmp/1 T_8.5, 8;
T_8.4 ; End of true expr.
    %pushi/vec4 3, 0, 4;
    %jmp/0 T_8.5, 8;
 ; End of false expr.
    %blend;
T_8.5;
    %store/vec4 v0x61d6fb00c850_0, 0, 4;
    %load/vec4 v0x61d6fb016130_0;
    %parti/s 1, 1, 2;
    %dup/vec4;
    %pushi/vec4 0, 0, 1;
    %cmp/u;
    %jmp/1 T_8.6, 6;
    %dup/vec4;
    %pushi/vec4 1, 0, 1;
    %cmp/u;
    %jmp/1 T_8.7, 6;
    %jmp T_8.8;
T_8.6 ;
    %pushi/vec4 0, 0, 16;
    %load/vec4 v0x61d6fb00c930_0;
    %parti/s 16, 0, 2;
    %concat/vec4; draw_concat_vec4
    %store/vec4 v0x61d6fb00cca0_0, 0, 32;
    %jmp T_8.8;
T_8.7 ;
    %pushi/vec4 0, 0, 16;
    %load/vec4 v0x61d6fb00c930_0;
    %parti/s 16, 16, 6;
    %concat/vec4; draw_concat_vec4
    %store/vec4 v0x61d6fb00cca0_0, 0, 32;
    %jmp T_8.8;
T_8.8 ;
    %pop/vec4 1;
    %jmp T_8.3;
T_8.2 ;
    %load/vec4 v0x61d6fb016210_0;
    %parti/s 8, 0, 2;
    %replicate 4;
    %store/vec4 v0x61d6fb0131e0_0, 0, 32;
    %pushi/vec4 1, 0, 4;
    %load/vec4 v0x61d6fb016130_0;
    %parti/s 2, 0, 2;
    %ix/vec4 4;
    %shiftl 4;
    %store/vec4 v0x61d6fb00c850_0, 0, 4;
    %load/vec4 v0x61d6fb016130_0;
    %parti/s 2, 0, 2;
    %dup/vec4;
    %pushi/vec4 0, 0, 2;
    %cmp/u;
    %jmp/1 T_8.9, 6;
    %dup/vec4;
    %pushi/vec4 1, 0, 2;
    %cmp/u;
    %jmp/1 T_8.10, 6;
    %dup/vec4;
    %pushi/vec4 2, 0, 2;
    %cmp/u;
    %jmp/1 T_8.11, 6;
    %dup/vec4;
    %pushi/vec4 3, 0, 2;
    %cmp/u;
    %jmp/1 T_8.12, 6;
    %jmp T_8.13;
T_8.9 ;
    %pushi/vec4 0, 0, 24;
    %load/vec4 v0x61d6fb00c930_0;
    %parti/s 8, 0, 2;
    %concat/vec4; draw_concat_vec4
    %store/vec4 v0x61d6fb00cca0_0, 0, 32;
    %jmp T_8.13;
T_8.10 ;
    %pushi/vec4 0, 0, 24;
    %load/vec4 v0x61d6fb00c930_0;
    %parti/s 8, 8, 5;
    %concat/vec4; draw_concat_vec4
    %store/vec4 v0x61d6fb00cca0_0, 0, 32;
    %jmp T_8.13;
T_8.11 ;
    %pushi/vec4 0, 0, 24;
    %load/vec4 v0x61d6fb00c930_0;
    %parti/s 8, 16, 6;
    %concat/vec4; draw_concat_vec4
    %store/vec4 v0x61d6fb00cca0_0, 0, 32;
    %jmp T_8.13;
T_8.12 ;
    %pushi/vec4 0, 0, 24;
    %load/vec4 v0x61d6fb00c930_0;
    %parti/s 8, 24, 6;
    %concat/vec4; draw_concat_vec4
    %store/vec4 v0x61d6fb00cca0_0, 0, 32;
    %jmp T_8.13;
T_8.13 ;
    %pop/vec4 1;
    %jmp T_8.3;
T_8.3 ;
    %pop/vec4 1;
    %jmp T_8;
    .thread T_8, $push;
    .scope S_0x61d6faf6f5a0;
T_9 ;
    %wait E_0x61d6fac59960;
    %load/vec4 v0x61d6fb014590_0;
    %flag_set/vec4 8;
    %jmp/0xz  T_9.0, 8;
    %load/vec4 v0x61d6fb00c930_0;
    %assign/vec4 v0x61d6fb00cbc0_0, 0;
    %load/vec4 v0x61d6fb00c930_0;
    %assign/vec4 v0x61d6fb014710_0, 0;
T_9.0 ;
    %pushi/vec4 0, 0, 1;
    %load/vec4 v0x61d6fb012b10_0;
    %and;
    %load/vec4 v0x61d6fb012810_0;
    %load/vec4 v0x61d6fb012990_0;
    %or;
    %and;
    %flag_set/vec4 8;
    %jmp/0xz  T_9.2, 8;
    %load/vec4 v0x61d6fb00ca20_0;
    %parti/s 2, 0, 2;
    %dup/vec4;
    %pushi/vec4 0, 0, 2;
    %cmp/u;
    %jmp/1 T_9.4, 6;
    %dup/vec4;
    %pushi/vec4 1, 0, 2;
    %cmp/u;
    %jmp/1 T_9.5, 6;
    %dup/vec4;
    %pushi/vec4 2, 0, 2;
    %cmp/u;
    %jmp/1 T_9.6, 6;
    %jmp T_9.7;
T_9.4 ;
    %load/vec4 v0x61d6fb00ca20_0;
    %parti/s 3, 13, 5;
    %dup/vec4;
    %pushi/vec4 0, 0, 3;
    %cmp/u;
    %jmp/1 T_9.8, 6;
    %dup/vec4;
    %pushi/vec4 2, 0, 3;
    %cmp/u;
    %jmp/1 T_9.9, 6;
    %dup/vec4;
    %pushi/vec4 6, 0, 3;
    %cmp/u;
    %jmp/1 T_9.10, 6;
    %jmp T_9.11;
T_9.8 ;
    %pushi/vec4 0, 0, 3;
    %ix/load 4, 12, 0;
    %ix/load 5, 0, 0;
    %flag_set/imm 4, 0;
    %assign/vec4/off/d v0x61d6fb00cbc0_0, 4, 5;
    %pushi/vec4 0, 0, 2;
    %load/vec4 v0x61d6fb00ca20_0;
    %parti/s 4, 7, 4;
    %concat/vec4; draw_concat_vec4
    %load/vec4 v0x61d6fb00ca20_0;
    %parti/s 2, 11, 5;
    %concat/vec4; draw_concat_vec4
    %load/vec4 v0x61d6fb00ca20_0;
    %parti/s 1, 5, 4;
    %concat/vec4; draw_concat_vec4
    %load/vec4 v0x61d6fb00ca20_0;
    %parti/s 1, 6, 4;
    %concat/vec4; draw_concat_vec4
    %concati/vec4 0, 0, 2;
    %ix/load 4, 20, 0;
    %ix/load 5, 0, 0;
    %flag_set/imm 4, 0;
    %assign/vec4/off/d v0x61d6fb00cbc0_0, 4, 5;
    %jmp T_9.11;
T_9.9 ;
    %pushi/vec4 0, 0, 5;
    %load/vec4 v0x61d6fb00ca20_0;
    %parti/s 1, 5, 4;
    %concat/vec4; draw_concat_vec4
    %load/vec4 v0x61d6fb00ca20_0;
    %parti/s 3, 10, 5;
    %concat/vec4; draw_concat_vec4
    %load/vec4 v0x61d6fb00ca20_0;
    %parti/s 1, 6, 4;
    %concat/vec4; draw_concat_vec4
    %concati/vec4 0, 0, 2;
    %ix/load 4, 20, 0;
    %ix/load 5, 0, 0;
    %flag_set/imm 4, 0;
    %assign/vec4/off/d v0x61d6fb00cbc0_0, 4, 5;
    %pushi/vec4 2, 0, 3;
    %ix/load 4, 12, 0;
    %ix/load 5, 0, 0;
    %flag_set/imm 4, 0;
    %assign/vec4/off/d v0x61d6fb00cbc0_0, 4, 5;
    %jmp T_9.11;
T_9.10 ;
    %pushi/vec4 0, 0, 5;
    %load/vec4 v0x61d6fb00ca20_0;
    %parti/s 1, 5, 4;
    %concat/vec4; draw_concat_vec4
    %load/vec4 v0x61d6fb00ca20_0;
    %parti/s 3, 10, 5;
    %concat/vec4; draw_concat_vec4
    %load/vec4 v0x61d6fb00ca20_0;
    %parti/s 1, 6, 4;
    %concat/vec4; draw_concat_vec4
    %concati/vec4 0, 0, 2;
    %split/vec4 5;
    %ix/load 4, 7, 0;
    %ix/load 5, 0, 0;
    %flag_set/imm 4, 0;
    %assign/vec4/off/d v0x61d6fb00cbc0_0, 4, 5;
    %ix/load 4, 25, 0;
    %ix/load 5, 0, 0;
    %flag_set/imm 4, 0;
    %assign/vec4/off/d v0x61d6fb00cbc0_0, 4, 5;
    %pushi/vec4 2, 0, 3;
    %ix/load 4, 12, 0;
    %ix/load 5, 0, 0;
    %flag_set/imm 4, 0;
    %assign/vec4/off/d v0x61d6fb00cbc0_0, 4, 5;
    %jmp T_9.11;
T_9.11 ;
    %pop/vec4 1;
    %jmp T_9.7;
T_9.5 ;
    %load/vec4 v0x61d6fb00ca20_0;
    %parti/s 3, 13, 5;
    %dup/vec4;
    %pushi/vec4 0, 0, 3;
    %cmp/u;
    %jmp/1 T_9.12, 6;
    %dup/vec4;
    %pushi/vec4 2, 0, 3;
    %cmp/u;
    %jmp/1 T_9.13, 6;
    %dup/vec4;
    %pushi/vec4 3, 0, 3;
    %cmp/u;
    %jmp/1 T_9.14, 6;
    %dup/vec4;
    %pushi/vec4 4, 0, 3;
    %cmp/u;
    %jmp/1 T_9.15, 6;
    %dup/vec4;
    %pushi/vec4 6, 0, 3;
    %cmp/u;
    %jmp/1 T_9.16, 6;
    %dup/vec4;
    %pushi/vec4 7, 0, 3;
    %cmp/u;
    %jmp/1 T_9.17, 6;
    %jmp T_9.18;
T_9.12 ;
    %pushi/vec4 0, 0, 3;
    %ix/load 4, 12, 0;
    %ix/load 5, 0, 0;
    %flag_set/imm 4, 0;
    %assign/vec4/off/d v0x61d6fb00cbc0_0, 4, 5;
    %load/vec4 v0x61d6fb00ca20_0;
    %parti/s 1, 12, 5;
    %load/vec4 v0x61d6fb00ca20_0;
    %parti/s 5, 2, 3;
    %concat/vec4; draw_concat_vec4
    %pad/s 12;
    %ix/load 4, 20, 0;
    %ix/load 5, 0, 0;
    %flag_set/imm 4, 0;
    %assign/vec4/off/d v0x61d6fb00cbc0_0, 4, 5;
    %jmp T_9.18;
T_9.13 ;
    %pushi/vec4 0, 0, 3;
    %ix/load 4, 12, 0;
    %ix/load 5, 0, 0;
    %flag_set/imm 4, 0;
    %assign/vec4/off/d v0x61d6fb00cbc0_0, 4, 5;
    %load/vec4 v0x61d6fb00ca20_0;
    %parti/s 1, 12, 5;
    %load/vec4 v0x61d6fb00ca20_0;
    %parti/s 5, 2, 3;
    %concat/vec4; draw_concat_vec4
    %pad/s 12;
    %ix/load 4, 20, 0;
    %ix/load 5, 0, 0;
    %flag_set/imm 4, 0;
    %assign/vec4/off/d v0x61d6fb00cbc0_0, 4, 5;
    %jmp T_9.18;
T_9.14 ;
    %load/vec4 v0x61d6fb00ca20_0;
    %parti/s 5, 7, 4;
    %pad/u 32;
    %cmpi/e 2, 0, 32;
    %jmp/0xz  T_9.19, 4;
    %pushi/vec4 0, 0, 3;
    %ix/load 4, 12, 0;
    %ix/load 5, 0, 0;
    %flag_set/imm 4, 0;
    %assign/vec4/off/d v0x61d6fb00cbc0_0, 4, 5;
    %load/vec4 v0x61d6fb00ca20_0;
    %parti/s 1, 12, 5;
    %load/vec4 v0x61d6fb00ca20_0;
    %parti/s 2, 3, 3;
    %concat/vec4; draw_concat_vec4
    %load/vec4 v0x61d6fb00ca20_0;
    %parti/s 1, 5, 4;
    %concat/vec4; draw_concat_vec4
    %load/vec4 v0x61d6fb00ca20_0;
    %parti/s 1, 2, 3;
    %concat/vec4; draw_concat_vec4
    %load/vec4 v0x61d6fb00ca20_0;
    %parti/s 1, 6, 4;
    %concat/vec4; draw_concat_vec4
    %concati/vec4 0, 0, 4;
    %pad/s 12;
    %ix/load 4, 20, 0;
    %ix/load 5, 0, 0;
    %flag_set/imm 4, 0;
    %assign/vec4/off/d v0x61d6fb00cbc0_0, 4, 5;
    %jmp T_9.20;
T_9.19 ;
    %load/vec4 v0x61d6fb00ca20_0;
    %parti/s 1, 12, 5;
    %load/vec4 v0x61d6fb00ca20_0;
    %parti/s 5, 2, 3;
    %concat/vec4; draw_concat_vec4
    %pad/s 20;
    %ix/load 4, 12, 0;
    %ix/load 5, 0, 0;
    %flag_set/imm 4, 0;
    %assign/vec4/off/d v0x61d6fb00cbc0_0, 4, 5;
T_9.20 ;
    %jmp T_9.18;
T_9.15 ;
    %load/vec4 v0x61d6fb00ca20_0;
    %parti/s 2, 10, 5;
    %cmpi/e 0, 0, 2;
    %jmp/0xz  T_9.21, 4;
    %pushi/vec4 0, 0, 7;
    %ix/load 4, 25, 0;
    %ix/load 5, 0, 0;
    %flag_set/imm 4, 0;
    %assign/vec4/off/d v0x61d6fb00cbc0_0, 4, 5;
    %pushi/vec4 5, 0, 3;
    %ix/load 4, 12, 0;
    %ix/load 5, 0, 0;
    %flag_set/imm 4, 0;
    %assign/vec4/off/d v0x61d6fb00cbc0_0, 4, 5;
T_9.21 ;
    %load/vec4 v0x61d6fb00ca20_0;
    %parti/s 2, 10, 5;
    %cmpi/e 1, 0, 2;
    %jmp/0xz  T_9.23, 4;
    %pushi/vec4 32, 0, 7;
    %ix/load 4, 25, 0;
    %ix/load 5, 0, 0;
    %flag_set/imm 4, 0;
    %assign/vec4/off/d v0x61d6fb00cbc0_0, 4, 5;
    %pushi/vec4 5, 0, 3;
    %ix/load 4, 12, 0;
    %ix/load 5, 0, 0;
    %flag_set/imm 4, 0;
    %assign/vec4/off/d v0x61d6fb00cbc0_0, 4, 5;
T_9.23 ;
    %load/vec4 v0x61d6fb00ca20_0;
    %parti/s 2, 10, 5;
    %cmpi/e 2, 0, 2;
    %jmp/0xz  T_9.25, 4;
    %pushi/vec4 7, 0, 3;
    %ix/load 4, 12, 0;
    %ix/load 5, 0, 0;
    %flag_set/imm 4, 0;
    %assign/vec4/off/d v0x61d6fb00cbc0_0, 4, 5;
    %load/vec4 v0x61d6fb00ca20_0;
    %parti/s 1, 12, 5;
    %load/vec4 v0x61d6fb00ca20_0;
    %parti/s 5, 2, 3;
    %concat/vec4; draw_concat_vec4
    %pad/s 12;
    %ix/load 4, 20, 0;
    %ix/load 5, 0, 0;
    %flag_set/imm 4, 0;
    %assign/vec4/off/d v0x61d6fb00cbc0_0, 4, 5;
T_9.25 ;
    %load/vec4 v0x61d6fb00ca20_0;
    %parti/s 3, 10, 5;
    %cmpi/e 3, 0, 3;
    %jmp/0xz  T_9.27, 4;
    %load/vec4 v0x61d6fb00ca20_0;
    %parti/s 2, 5, 4;
    %cmpi/e 0, 0, 2;
    %jmp/0xz  T_9.29, 4;
    %pushi/vec4 0, 0, 3;
    %ix/load 4, 12, 0;
    %ix/load 5, 0, 0;
    %flag_set/imm 4, 0;
    %assign/vec4/off/d v0x61d6fb00cbc0_0, 4, 5;
T_9.29 ;
    %load/vec4 v0x61d6fb00ca20_0;
    %parti/s 2, 5, 4;
    %cmpi/e 1, 0, 2;
    %jmp/0xz  T_9.31, 4;
    %pushi/vec4 4, 0, 3;
    %ix/load 4, 12, 0;
    %ix/load 5, 0, 0;
    %flag_set/imm 4, 0;
    %assign/vec4/off/d v0x61d6fb00cbc0_0, 4, 5;
T_9.31 ;
    %load/vec4 v0x61d6fb00ca20_0;
    %parti/s 2, 5, 4;
    %cmpi/e 2, 0, 2;
    %jmp/0xz  T_9.33, 4;
    %pushi/vec4 6, 0, 3;
    %ix/load 4, 12, 0;
    %ix/load 5, 0, 0;
    %flag_set/imm 4, 0;
    %assign/vec4/off/d v0x61d6fb00cbc0_0, 4, 5;
T_9.33 ;
    %load/vec4 v0x61d6fb00ca20_0;
    %parti/s 2, 5, 4;
    %cmpi/e 3, 0, 2;
    %jmp/0xz  T_9.35, 4;
    %pushi/vec4 7, 0, 3;
    %ix/load 4, 12, 0;
    %ix/load 5, 0, 0;
    %flag_set/imm 4, 0;
    %assign/vec4/off/d v0x61d6fb00cbc0_0, 4, 5;
T_9.35 ;
    %load/vec4 v0x61d6fb00ca20_0;
    %parti/s 2, 5, 4;
    %cmpi/e 0, 0, 2;
    %flag_mov 8, 4;
    %jmp/0 T_9.37, 8;
    %pushi/vec4 32, 0, 7;
    %jmp/1 T_9.38, 8;
T_9.37 ; End of true expr.
    %pushi/vec4 0, 0, 7;
    %jmp/0 T_9.38, 8;
 ; End of false expr.
    %blend;
T_9.38;
    %ix/load 4, 25, 0;
    %ix/load 5, 0, 0;
    %flag_set/imm 4, 0;
    %assign/vec4/off/d v0x61d6fb00cbc0_0, 4, 5;
T_9.27 ;
    %jmp T_9.18;
T_9.16 ;
    %pushi/vec4 0, 0, 3;
    %ix/load 4, 12, 0;
    %ix/load 5, 0, 0;
    %flag_set/imm 4, 0;
    %assign/vec4/off/d v0x61d6fb00cbc0_0, 4, 5;
    %load/vec4 v0x61d6fb00ca20_0;
    %parti/s 1, 12, 5;
    %load/vec4 v0x61d6fb00ca20_0;
    %parti/s 2, 5, 4;
    %concat/vec4; draw_concat_vec4
    %load/vec4 v0x61d6fb00ca20_0;
    %parti/s 1, 2, 3;
    %concat/vec4; draw_concat_vec4
    %load/vec4 v0x61d6fb00ca20_0;
    %parti/s 2, 10, 5;
    %concat/vec4; draw_concat_vec4
    %load/vec4 v0x61d6fb00ca20_0;
    %parti/s 2, 3, 3;
    %concat/vec4; draw_concat_vec4
    %pad/s 12;
    %split/vec4 4;
    %ix/load 4, 8, 0;
    %ix/load 5, 0, 0;
    %flag_set/imm 4, 0;
    %assign/vec4/off/d v0x61d6fb00cbc0_0, 4, 5;
    %split/vec4 6;
    %ix/load 4, 25, 0;
    %ix/load 5, 0, 0;
    %flag_set/imm 4, 0;
    %assign/vec4/off/d v0x61d6fb00cbc0_0, 4, 5;
    %split/vec4 1;
    %ix/load 4, 7, 0;
    %ix/load 5, 0, 0;
    %flag_set/imm 4, 0;
    %assign/vec4/off/d v0x61d6fb00cbc0_0, 4, 5;
    %ix/load 4, 31, 0;
    %ix/load 5, 0, 0;
    %flag_set/imm 4, 0;
    %assign/vec4/off/d v0x61d6fb00cbc0_0, 4, 5;
    %jmp T_9.18;
T_9.17 ;
    %pushi/vec4 1, 0, 3;
    %ix/load 4, 12, 0;
    %ix/load 5, 0, 0;
    %flag_set/imm 4, 0;
    %assign/vec4/off/d v0x61d6fb00cbc0_0, 4, 5;
    %load/vec4 v0x61d6fb00ca20_0;
    %parti/s 1, 12, 5;
    %load/vec4 v0x61d6fb00ca20_0;
    %parti/s 2, 5, 4;
    %concat/vec4; draw_concat_vec4
    %load/vec4 v0x61d6fb00ca20_0;
    %parti/s 1, 2, 3;
    %concat/vec4; draw_concat_vec4
    %load/vec4 v0x61d6fb00ca20_0;
    %parti/s 2, 10, 5;
    %concat/vec4; draw_concat_vec4
    %load/vec4 v0x61d6fb00ca20_0;
    %parti/s 2, 3, 3;
    %concat/vec4; draw_concat_vec4
    %pad/s 12;
    %split/vec4 4;
    %ix/load 4, 8, 0;
    %ix/load 5, 0, 0;
    %flag_set/imm 4, 0;
    %assign/vec4/off/d v0x61d6fb00cbc0_0, 4, 5;
    %split/vec4 6;
    %ix/load 4, 25, 0;
    %ix/load 5, 0, 0;
    %flag_set/imm 4, 0;
    %assign/vec4/off/d v0x61d6fb00cbc0_0, 4, 5;
    %split/vec4 1;
    %ix/load 4, 7, 0;
    %ix/load 5, 0, 0;
    %flag_set/imm 4, 0;
    %assign/vec4/off/d v0x61d6fb00cbc0_0, 4, 5;
    %ix/load 4, 31, 0;
    %ix/load 5, 0, 0;
    %flag_set/imm 4, 0;
    %assign/vec4/off/d v0x61d6fb00cbc0_0, 4, 5;
    %jmp T_9.18;
T_9.18 ;
    %pop/vec4 1;
    %jmp T_9.7;
T_9.6 ;
    %load/vec4 v0x61d6fb00ca20_0;
    %parti/s 3, 13, 5;
    %dup/vec4;
    %pushi/vec4 0, 0, 3;
    %cmp/u;
    %jmp/1 T_9.39, 6;
    %dup/vec4;
    %pushi/vec4 2, 0, 3;
    %cmp/u;
    %jmp/1 T_9.40, 6;
    %dup/vec4;
    %pushi/vec4 4, 0, 3;
    %cmp/u;
    %jmp/1 T_9.41, 6;
    %dup/vec4;
    %pushi/vec4 6, 0, 3;
    %cmp/u;
    %jmp/1 T_9.42, 6;
    %jmp T_9.43;
T_9.39 ;
    %pushi/vec4 0, 0, 7;
    %ix/load 4, 25, 0;
    %ix/load 5, 0, 0;
    %flag_set/imm 4, 0;
    %assign/vec4/off/d v0x61d6fb00cbc0_0, 4, 5;
    %pushi/vec4 1, 0, 3;
    %ix/load 4, 12, 0;
    %ix/load 5, 0, 0;
    %flag_set/imm 4, 0;
    %assign/vec4/off/d v0x61d6fb00cbc0_0, 4, 5;
    %jmp T_9.43;
T_9.40 ;
    %pushi/vec4 0, 0, 4;
    %load/vec4 v0x61d6fb00ca20_0;
    %parti/s 2, 2, 3;
    %concat/vec4; draw_concat_vec4
    %load/vec4 v0x61d6fb00ca20_0;
    %parti/s 1, 12, 5;
    %concat/vec4; draw_concat_vec4
    %load/vec4 v0x61d6fb00ca20_0;
    %parti/s 3, 4, 4;
    %concat/vec4; draw_concat_vec4
    %concati/vec4 0, 0, 2;
    %ix/load 4, 20, 0;
    %ix/load 5, 0, 0;
    %flag_set/imm 4, 0;
    %assign/vec4/off/d v0x61d6fb00cbc0_0, 4, 5;
    %pushi/vec4 2, 0, 3;
    %ix/load 4, 12, 0;
    %ix/load 5, 0, 0;
    %flag_set/imm 4, 0;
    %assign/vec4/off/d v0x61d6fb00cbc0_0, 4, 5;
    %jmp T_9.43;
T_9.41 ;
    %load/vec4 v0x61d6fb00ca20_0;
    %parti/s 1, 12, 5;
    %pad/u 32;
    %pushi/vec4 0, 0, 32;
    %cmp/e;
    %flag_get/vec4 4;
    %load/vec4 v0x61d6fb00ca20_0;
    %parti/s 5, 2, 3;
    %pad/u 32;
    %pushi/vec4 0, 0, 32;
    %cmp/e;
    %flag_get/vec4 4;
    %and;
    %flag_set/vec4 8;
    %jmp/0xz  T_9.44, 8;
    %pushi/vec4 0, 0, 3;
    %ix/load 4, 12, 0;
    %ix/load 5, 0, 0;
    %flag_set/imm 4, 0;
    %assign/vec4/off/d v0x61d6fb00cbc0_0, 4, 5;
    %pushi/vec4 0, 0, 12;
    %ix/load 4, 20, 0;
    %ix/load 5, 0, 0;
    %flag_set/imm 4, 0;
    %assign/vec4/off/d v0x61d6fb00cbc0_0, 4, 5;
T_9.44 ;
    %load/vec4 v0x61d6fb00ca20_0;
    %parti/s 1, 12, 5;
    %pad/u 32;
    %pushi/vec4 0, 0, 32;
    %cmp/e;
    %flag_get/vec4 4;
    %load/vec4 v0x61d6fb00ca20_0;
    %parti/s 5, 2, 3;
    %pad/u 32;
    %pushi/vec4 0, 0, 32;
    %cmp/ne;
    %flag_get/vec4 4;
    %and;
    %flag_set/vec4 8;
    %jmp/0xz  T_9.46, 8;
    %pushi/vec4 0, 0, 3;
    %ix/load 4, 12, 0;
    %ix/load 5, 0, 0;
    %flag_set/imm 4, 0;
    %assign/vec4/off/d v0x61d6fb00cbc0_0, 4, 5;
    %pushi/vec4 0, 0, 7;
    %ix/load 4, 25, 0;
    %ix/load 5, 0, 0;
    %flag_set/imm 4, 0;
    %assign/vec4/off/d v0x61d6fb00cbc0_0, 4, 5;
T_9.46 ;
    %load/vec4 v0x61d6fb00ca20_0;
    %parti/s 1, 12, 5;
    %pad/u 32;
    %pushi/vec4 0, 0, 32;
    %cmp/ne;
    %flag_get/vec4 4;
    %load/vec4 v0x61d6fb00ca20_0;
    %parti/s 5, 7, 4;
    %pad/u 32;
    %pushi/vec4 0, 0, 32;
    %cmp/ne;
    %flag_get/vec4 4;
    %and;
    %load/vec4 v0x61d6fb00ca20_0;
    %parti/s 5, 2, 3;
    %pad/u 32;
    %pushi/vec4 0, 0, 32;
    %cmp/e;
    %flag_get/vec4 4;
    %and;
    %flag_set/vec4 8;
    %jmp/0xz  T_9.48, 8;
    %pushi/vec4 0, 0, 3;
    %ix/load 4, 12, 0;
    %ix/load 5, 0, 0;
    %flag_set/imm 4, 0;
    %assign/vec4/off/d v0x61d6fb00cbc0_0, 4, 5;
    %pushi/vec4 0, 0, 12;
    %ix/load 4, 20, 0;
    %ix/load 5, 0, 0;
    %flag_set/imm 4, 0;
    %assign/vec4/off/d v0x61d6fb00cbc0_0, 4, 5;
T_9.48 ;
    %load/vec4 v0x61d6fb00ca20_0;
    %parti/s 1, 12, 5;
    %pad/u 32;
    %pushi/vec4 0, 0, 32;
    %cmp/ne;
    %flag_get/vec4 4;
    %load/vec4 v0x61d6fb00ca20_0;
    %parti/s 5, 2, 3;
    %pad/u 32;
    %pushi/vec4 0, 0, 32;
    %cmp/ne;
    %flag_get/vec4 4;
    %and;
    %flag_set/vec4 8;
    %jmp/0xz  T_9.50, 8;
    %pushi/vec4 0, 0, 3;
    %ix/load 4, 12, 0;
    %ix/load 5, 0, 0;
    %flag_set/imm 4, 0;
    %assign/vec4/off/d v0x61d6fb00cbc0_0, 4, 5;
    %pushi/vec4 0, 0, 7;
    %ix/load 4, 25, 0;
    %ix/load 5, 0, 0;
    %flag_set/imm 4, 0;
    %assign/vec4/off/d v0x61d6fb00cbc0_0, 4, 5;
T_9.50 ;
    %jmp T_9.43;
T_9.42 ;
    %pushi/vec4 0, 0, 4;
    %load/vec4 v0x61d6fb00ca20_0;
    %parti/s 2, 7, 4;
    %concat/vec4; draw_concat_vec4
    %load/vec4 v0x61d6fb00ca20_0;
    %parti/s 4, 9, 5;
    %concat/vec4; draw_concat_vec4
    %concati/vec4 0, 0, 2;
    %split/vec4 5;
    %ix/load 4, 7, 0;
    %ix/load 5, 0, 0;
    %flag_set/imm 4, 0;
    %assign/vec4/off/d v0x61d6fb00cbc0_0, 4, 5;
    %ix/load 4, 25, 0;
    %ix/load 5, 0, 0;
    %flag_set/imm 4, 0;
    %assign/vec4/off/d v0x61d6fb00cbc0_0, 4, 5;
    %pushi/vec4 2, 0, 3;
    %ix/load 4, 12, 0;
    %ix/load 5, 0, 0;
    %flag_set/imm 4, 0;
    %assign/vec4/off/d v0x61d6fb00cbc0_0, 4, 5;
    %jmp T_9.43;
T_9.43 ;
    %pop/vec4 1;
    %jmp T_9.7;
T_9.7 ;
    %pop/vec4 1;
T_9.2 ;
    %jmp T_9;
    .thread T_9;
    .scope S_0x61d6faf6f5a0;
T_10 ;
    %wait E_0x61d6fac59960;
    %load/vec4 v0x61d6fb016590_0;
    %load/vec4 v0x61d6fb016b00_0;
    %nor/r;
    %and;
    %flag_set/vec4 8;
    %jmp/0xz  T_10.0, 8;
    %load/vec4 v0x61d6fb012810_0;
    %flag_set/vec4 8;
    %load/vec4 v0x61d6fb012990_0;
    %flag_set/vec4 9;
    %flag_or 9, 8;
    %load/vec4 v0x61d6fb0128d0_0;
    %flag_set/vec4 8;
    %flag_or 8, 9;
    %jmp/0xz  T_10.2, 8;
    %fork TD_picorv32_axi.picorv32_core.empty_statement, S_0x61d6faf6f920;
    %join;
T_10.2 ;
    %load/vec4 v0x61d6fb012810_0;
    %flag_set/vec4 8;
    %load/vec4 v0x61d6fb012990_0;
    %flag_set/vec4 9;
    %flag_or 9, 8;
    %jmp/0xz  T_10.4, 9;
    %fork TD_picorv32_axi.picorv32_core.empty_statement, S_0x61d6faf6f920;
    %join;
T_10.4 ;
    %load/vec4 v0x61d6fb0128d0_0;
    %flag_set/vec4 8;
    %jmp/0xz  T_10.6, 8;
    %fork TD_picorv32_axi.picorv32_core.empty_statement, S_0x61d6faf6f920;
    %join;
T_10.6 ;
    %load/vec4 v0x61d6fb012a50_0;
    %flag_set/vec4 8;
    %jmp/0xz  T_10.8, 8;
    %fork TD_picorv32_axi.picorv32_core.empty_statement, S_0x61d6faf6f920;
    %join;
T_10.8 ;
    %load/vec4 v0x61d6fb00ce50_0;
    %pad/u 32;
    %cmpi/e 2, 0, 32;
    %flag_mov 8, 4;
    %load/vec4 v0x61d6fb00ce50_0;
    %pad/u 32;
    %cmpi/e 3, 0, 32;
    %flag_or 4, 8;
    %jmp/0xz  T_10.10, 4;
    %fork TD_picorv32_axi.picorv32_core.empty_statement, S_0x61d6faf6f920;
    %join;
T_10.10 ;
T_10.0 ;
    %jmp T_10;
    .thread T_10;
    .scope S_0x61d6faf6f5a0;
T_11 ;
    %wait E_0x61d6fac59960;
    %load/vec4 v0x61d6fb016590_0;
    %nor/r;
    %flag_set/vec4 8;
    %load/vec4 v0x61d6fb016b00_0;
    %flag_set/vec4 9;
    %flag_or 9, 8;
    %jmp/0xz  T_11.0, 9;
    %load/vec4 v0x61d6fb016590_0;
    %nor/r;
    %flag_set/vec4 8;
    %jmp/0xz  T_11.2, 8;
    %pushi/vec4 0, 0, 2;
    %assign/vec4 v0x61d6fb00ce50_0, 0;
T_11.2 ;
    %load/vec4 v0x61d6fb016590_0;
    %nor/r;
    %flag_set/vec4 8;
    %load/vec4 v0x61d6fb00cd80_0;
    %flag_set/vec4 9;
    %flag_or 9, 8;
    %jmp/0xz  T_11.4, 9;
    %pushi/vec4 0, 0, 1;
    %assign/vec4 v0x61d6fb014290_0, 0;
T_11.4 ;
    %pushi/vec4 0, 0, 1;
    %assign/vec4 v0x61d6fb013060_0, 0;
    %pushi/vec4 0, 0, 1;
    %assign/vec4 v0x61d6fb015a50_0, 0;
    %jmp T_11.1;
T_11.0 ;
    %load/vec4 v0x61d6fb012fa0_0;
    %flag_set/vec4 8;
    %load/vec4 v0x61d6fb00c790_0;
    %flag_set/vec4 9;
    %flag_or 9, 8;
    %jmp/0xz  T_11.6, 9;
    %load/vec4 v0x61d6fb012ca0_0;
    %assign/vec4 v0x61d6fb012680_0, 0;
    %load/vec4 v0x61d6fb00c850_0;
    %load/vec4 v0x61d6fb00c790_0;
    %replicate 4;
    %and;
    %assign/vec4 v0x61d6fb0144a0_0, 0;
T_11.6 ;
    %load/vec4 v0x61d6fb00c790_0;
    %flag_set/vec4 8;
    %jmp/0xz  T_11.8, 8;
    %load/vec4 v0x61d6fb0131e0_0;
    %assign/vec4 v0x61d6fb014330_0, 0;
T_11.8 ;
    %load/vec4 v0x61d6fb00ce50_0;
    %dup/vec4;
    %pushi/vec4 0, 0, 2;
    %cmp/u;
    %jmp/1 T_11.10, 6;
    %dup/vec4;
    %pushi/vec4 1, 0, 2;
    %cmp/u;
    %jmp/1 T_11.11, 6;
    %dup/vec4;
    %pushi/vec4 2, 0, 2;
    %cmp/u;
    %jmp/1 T_11.12, 6;
    %dup/vec4;
    %pushi/vec4 3, 0, 2;
    %cmp/u;
    %jmp/1 T_11.13, 6;
    %jmp T_11.14;
T_11.10 ;
    %load/vec4 v0x61d6fb012810_0;
    %flag_set/vec4 8;
    %load/vec4 v0x61d6fb012990_0;
    %flag_set/vec4 9;
    %flag_or 9, 8;
    %load/vec4 v0x61d6fb0128d0_0;
    %flag_set/vec4 8;
    %flag_or 8, 9;
    %jmp/0xz  T_11.15, 8;
    %load/vec4 v0x61d6fb013120_0;
    %nor/r;
    %assign/vec4 v0x61d6fb014290_0, 0;
    %load/vec4 v0x61d6fb012810_0;
    %load/vec4 v0x61d6fb012990_0;
    %or;
    %assign/vec4 v0x61d6fb012bd0_0, 0;
    %pushi/vec4 0, 0, 4;
    %assign/vec4 v0x61d6fb0144a0_0, 0;
    %pushi/vec4 1, 0, 2;
    %assign/vec4 v0x61d6fb00ce50_0, 0;
T_11.15 ;
    %load/vec4 v0x61d6fb012a50_0;
    %flag_set/vec4 8;
    %jmp/0xz  T_11.17, 8;
    %pushi/vec4 1, 0, 1;
    %assign/vec4 v0x61d6fb014290_0, 0;
    %pushi/vec4 0, 0, 1;
    %assign/vec4 v0x61d6fb012bd0_0, 0;
    %pushi/vec4 2, 0, 2;
    %assign/vec4 v0x61d6fb00ce50_0, 0;
T_11.17 ;
    %jmp T_11.14;
T_11.11 ;
    %fork TD_picorv32_axi.picorv32_core.empty_statement, S_0x61d6faf6f920;
    %join;
    %fork TD_picorv32_axi.picorv32_core.empty_statement, S_0x61d6faf6f920;
    %join;
    %fork TD_picorv32_axi.picorv32_core.empty_statement, S_0x61d6faf6f920;
    %join;
    %fork TD_picorv32_axi.picorv32_core.empty_statement, S_0x61d6faf6f920;
    %join;
    %load/vec4 v0x61d6fb014590_0;
    %flag_set/vec4 8;
    %jmp/0xz  T_11.19, 8;
    %pushi/vec4 0, 0, 1;
    %load/vec4 v0x61d6fb012fa0_0;
    %and;
    %flag_set/vec4 8;
    %jmp/0xz  T_11.21, 8;
    %pushi/vec4 1, 0, 1;
    %assign/vec4 v0x61d6fb014290_0, 0;
    %pushi/vec4 1, 0, 1;
    %assign/vec4 v0x61d6fb013060_0, 0;
    %load/vec4 v0x61d6fb013120_0;
    %nor/r;
    %flag_set/vec4 8;
    %jmp/0xz  T_11.23, 8;
    %load/vec4 v0x61d6fb00c930_0;
    %parti/s 16, 16, 6;
    %assign/vec4 v0x61d6fb0125a0_0, 0;
T_11.23 ;
    %jmp T_11.22;
T_11.21 ;
    %pushi/vec4 0, 0, 1;
    %assign/vec4 v0x61d6fb014290_0, 0;
    %pushi/vec4 0, 0, 1;
    %assign/vec4 v0x61d6fb013060_0, 0;
    %pushi/vec4 0, 0, 1;
    %load/vec4 v0x61d6fb0128d0_0;
    %nor/r;
    %and;
    %flag_set/vec4 8;
    %jmp/0xz  T_11.25, 8;
    %load/vec4 v0x61d6fb00c930_0;
    %parti/s 2, 0, 2;
    %nand/r;
    %flag_set/vec4 8;
    %load/vec4 v0x61d6fb013060_0;
    %flag_set/vec4 9;
    %flag_or 9, 8;
    %jmp/0xz  T_11.27, 9;
    %load/vec4 v0x61d6fb00c930_0;
    %parti/s 16, 16, 6;
    %assign/vec4 v0x61d6fb0125a0_0, 0;
    %pushi/vec4 1, 0, 1;
    %assign/vec4 v0x61d6fb015a50_0, 0;
    %jmp T_11.28;
T_11.27 ;
    %pushi/vec4 0, 0, 1;
    %assign/vec4 v0x61d6fb015a50_0, 0;
T_11.28 ;
T_11.25 ;
    %load/vec4 v0x61d6fb012990_0;
    %flag_set/vec4 8;
    %load/vec4 v0x61d6fb0128d0_0;
    %flag_set/vec4 9;
    %flag_or 9, 8;
    %jmp/0 T_11.29, 9;
    %pushi/vec4 0, 0, 3;
    %jmp/1 T_11.30, 9;
T_11.29 ; End of true expr.
    %pushi/vec4 3, 0, 3;
    %jmp/0 T_11.30, 9;
 ; End of false expr.
    %blend;
T_11.30;
    %pad/s 2;
    %assign/vec4 v0x61d6fb00ce50_0, 0;
T_11.22 ;
T_11.19 ;
    %jmp T_11.14;
T_11.12 ;
    %fork TD_picorv32_axi.picorv32_core.empty_statement, S_0x61d6faf6f920;
    %join;
    %fork TD_picorv32_axi.picorv32_core.empty_statement, S_0x61d6faf6f920;
    %join;
    %load/vec4 v0x61d6fb014590_0;
    %flag_set/vec4 8;
    %jmp/0xz  T_11.31, 8;
    %pushi/vec4 0, 0, 1;
    %assign/vec4 v0x61d6fb014290_0, 0;
    %pushi/vec4 0, 0, 2;
    %assign/vec4 v0x61d6fb00ce50_0, 0;
T_11.31 ;
    %jmp T_11.14;
T_11.13 ;
    %fork TD_picorv32_axi.picorv32_core.empty_statement, S_0x61d6faf6f920;
    %join;
    %fork TD_picorv32_axi.picorv32_core.empty_statement, S_0x61d6faf6f920;
    %join;
    %load/vec4 v0x61d6fb012990_0;
    %flag_set/vec4 8;
    %jmp/0xz  T_11.33, 8;
    %pushi/vec4 0, 0, 2;
    %assign/vec4 v0x61d6fb00ce50_0, 0;
T_11.33 ;
    %jmp T_11.14;
T_11.14 ;
    %pop/vec4 1;
T_11.1 ;
    %load/vec4 v0x61d6fb00b5b0_0;
    %flag_set/vec4 8;
    %jmp/0xz  T_11.35, 8;
    %pushi/vec4 0, 0, 1;
    %assign/vec4 v0x61d6fb015a50_0, 0;
T_11.35 ;
    %jmp T_11;
    .thread T_11;
    .scope S_0x61d6faf6f5a0;
T_12 ;
    %wait E_0x61d6fb004f80;
    %pushi/vec4 0, 0, 32; draw_string_vec4
    %pushi/vec4 0, 0, 32; draw_string_vec4
    %concat/vec4; draw_string_vec4
    %store/vec4 v0x61d6fb014630_0, 0, 64;
    %load/vec4 v0x61d6fb00f680_0;
    %flag_set/vec4 8;
    %jmp/0xz  T_12.0, 8;
    %pushi/vec4 0, 0, 32; draw_string_vec4
    %pushi/vec4 7107945, 0, 32; draw_string_vec4
    %concat/vec4; draw_string_vec4
    %store/vec4 v0x61d6fb014630_0, 0, 64;
T_12.0 ;
    %load/vec4 v0x61d6fb00ea80_0;
    %flag_set/vec4 8;
    %jmp/0xz  T_12.2, 8;
    %pushi/vec4 97, 0, 32; draw_string_vec4
    %pushi/vec4 1969844323, 0, 32; draw_string_vec4
    %concat/vec4; draw_string_vec4
    %store/vec4 v0x61d6fb014630_0, 0, 64;
T_12.2 ;
    %load/vec4 v0x61d6fb00f200_0;
    %flag_set/vec4 8;
    %jmp/0xz  T_12.4, 8;
    %pushi/vec4 0, 0, 32; draw_string_vec4
    %pushi/vec4 6971756, 0, 32; draw_string_vec4
    %concat/vec4; draw_string_vec4
    %store/vec4 v0x61d6fb014630_0, 0, 64;
T_12.4 ;
    %load/vec4 v0x61d6fb00f2c0_0;
    %flag_set/vec4 8;
    %jmp/0xz  T_12.6, 8;
    %pushi/vec4 0, 0, 32; draw_string_vec4
    %pushi/vec4 1784769650, 0, 32; draw_string_vec4
    %concat/vec4; draw_string_vec4
    %store/vec4 v0x61d6fb014630_0, 0, 64;
T_12.6 ;
    %load/vec4 v0x61d6fb00eb40_0;
    %flag_set/vec4 8;
    %jmp/0xz  T_12.8, 8;
    %pushi/vec4 0, 0, 32; draw_string_vec4
    %pushi/vec4 6448497, 0, 32; draw_string_vec4
    %concat/vec4; draw_string_vec4
    %store/vec4 v0x61d6fb014630_0, 0, 64;
T_12.8 ;
    %load/vec4 v0x61d6fb00ef00_0;
    %flag_set/vec4 8;
    %jmp/0xz  T_12.10, 8;
    %pushi/vec4 0, 0, 32; draw_string_vec4
    %pushi/vec4 6450789, 0, 32; draw_string_vec4
    %concat/vec4; draw_string_vec4
    %store/vec4 v0x61d6fb014630_0, 0, 64;
T_12.10 ;
    %load/vec4 v0x61d6fb00ed80_0;
    %flag_set/vec4 8;
    %jmp/0xz  T_12.12, 8;
    %pushi/vec4 0, 0, 32; draw_string_vec4
    %pushi/vec4 6450292, 0, 32; draw_string_vec4
    %concat/vec4; draw_string_vec4
    %store/vec4 v0x61d6fb014630_0, 0, 64;
T_12.12 ;
    %load/vec4 v0x61d6fb00ec00_0;
    %flag_set/vec4 8;
    %jmp/0xz  T_12.14, 8;
    %pushi/vec4 0, 0, 32; draw_string_vec4
    %pushi/vec4 6448997, 0, 32; draw_string_vec4
    %concat/vec4; draw_string_vec4
    %store/vec4 v0x61d6fb014630_0, 0, 64;
T_12.14 ;
    %load/vec4 v0x61d6fb00ee40_0;
    %flag_set/vec4 8;
    %jmp/0xz  T_12.16, 8;
    %pushi/vec4 0, 0, 32; draw_string_vec4
    %pushi/vec4 1651274869, 0, 32; draw_string_vec4
    %concat/vec4; draw_string_vec4
    %store/vec4 v0x61d6fb014630_0, 0, 64;
T_12.16 ;
    %load/vec4 v0x61d6fb00ecc0_0;
    %flag_set/vec4 8;
    %jmp/0xz  T_12.18, 8;
    %pushi/vec4 0, 0, 32; draw_string_vec4
    %pushi/vec4 1650943349, 0, 32; draw_string_vec4
    %concat/vec4; draw_string_vec4
    %store/vec4 v0x61d6fb014630_0, 0, 64;
T_12.18 ;
    %load/vec4 v0x61d6fb00f380_0;
    %flag_set/vec4 8;
    %jmp/0xz  T_12.20, 8;
    %pushi/vec4 0, 0, 32; draw_string_vec4
    %pushi/vec4 27746, 0, 32; draw_string_vec4
    %concat/vec4; draw_string_vec4
    %store/vec4 v0x61d6fb014630_0, 0, 64;
T_12.20 ;
    %load/vec4 v0x61d6fb00f500_0;
    %flag_set/vec4 8;
    %jmp/0xz  T_12.22, 8;
    %pushi/vec4 0, 0, 32; draw_string_vec4
    %pushi/vec4 27752, 0, 32; draw_string_vec4
    %concat/vec4; draw_string_vec4
    %store/vec4 v0x61d6fb014630_0, 0, 64;
T_12.22 ;
    %load/vec4 v0x61d6fb00f740_0;
    %flag_set/vec4 8;
    %jmp/0xz  T_12.24, 8;
    %pushi/vec4 0, 0, 32; draw_string_vec4
    %pushi/vec4 27767, 0, 32; draw_string_vec4
    %concat/vec4; draw_string_vec4
    %store/vec4 v0x61d6fb014630_0, 0, 64;
T_12.24 ;
    %load/vec4 v0x61d6fb00f440_0;
    %flag_set/vec4 8;
    %jmp/0xz  T_12.26, 8;
    %pushi/vec4 0, 0, 32; draw_string_vec4
    %pushi/vec4 7103093, 0, 32; draw_string_vec4
    %concat/vec4; draw_string_vec4
    %store/vec4 v0x61d6fb014630_0, 0, 64;
T_12.26 ;
    %load/vec4 v0x61d6fb00f5c0_0;
    %flag_set/vec4 8;
    %jmp/0xz  T_12.28, 8;
    %pushi/vec4 0, 0, 32; draw_string_vec4
    %pushi/vec4 7104629, 0, 32; draw_string_vec4
    %concat/vec4; draw_string_vec4
    %store/vec4 v0x61d6fb014630_0, 0, 64;
T_12.28 ;
    %load/vec4 v0x61d6fb00fe00_0;
    %flag_set/vec4 8;
    %jmp/0xz  T_12.30, 8;
    %pushi/vec4 0, 0, 32; draw_string_vec4
    %pushi/vec4 29538, 0, 32; draw_string_vec4
    %concat/vec4; draw_string_vec4
    %store/vec4 v0x61d6fb014630_0, 0, 64;
T_12.30 ;
    %load/vec4 v0x61d6fb00ff80_0;
    %flag_set/vec4 8;
    %jmp/0xz  T_12.32, 8;
    %pushi/vec4 0, 0, 32; draw_string_vec4
    %pushi/vec4 29544, 0, 32; draw_string_vec4
    %concat/vec4; draw_string_vec4
    %store/vec4 v0x61d6fb014630_0, 0, 64;
T_12.32 ;
    %load/vec4 v0x61d6fb010880_0;
    %flag_set/vec4 8;
    %jmp/0xz  T_12.34, 8;
    %pushi/vec4 0, 0, 32; draw_string_vec4
    %pushi/vec4 29559, 0, 32; draw_string_vec4
    %concat/vec4; draw_string_vec4
    %store/vec4 v0x61d6fb014630_0, 0, 64;
T_12.34 ;
    %load/vec4 v0x61d6fb00e840_0;
    %flag_set/vec4 8;
    %jmp/0xz  T_12.36, 8;
    %pushi/vec4 0, 0, 32; draw_string_vec4
    %pushi/vec4 1633969257, 0, 32; draw_string_vec4
    %concat/vec4; draw_string_vec4
    %store/vec4 v0x61d6fb014630_0, 0, 64;
T_12.36 ;
    %load/vec4 v0x61d6fb010280_0;
    %flag_set/vec4 8;
    %jmp/0xz  T_12.38, 8;
    %pushi/vec4 0, 0, 32; draw_string_vec4
    %pushi/vec4 1936487529, 0, 32; draw_string_vec4
    %concat/vec4; draw_string_vec4
    %store/vec4 v0x61d6fb014630_0, 0, 64;
T_12.38 ;
    %load/vec4 v0x61d6fb010340_0;
    %flag_set/vec4 8;
    %jmp/0xz  T_12.40, 8;
    %pushi/vec4 115, 0, 32; draw_string_vec4
    %pushi/vec4 1819568501, 0, 32; draw_string_vec4
    %concat/vec4; draw_string_vec4
    %store/vec4 v0x61d6fb014630_0, 0, 64;
T_12.40 ;
    %load/vec4 v0x61d6fb010c40_0;
    %flag_set/vec4 8;
    %jmp/0xz  T_12.42, 8;
    %pushi/vec4 0, 0, 32; draw_string_vec4
    %pushi/vec4 2020569705, 0, 32; draw_string_vec4
    %concat/vec4; draw_string_vec4
    %store/vec4 v0x61d6fb014630_0, 0, 64;
T_12.42 ;
    %load/vec4 v0x61d6fb00f980_0;
    %flag_set/vec4 8;
    %jmp/0xz  T_12.44, 8;
    %pushi/vec4 0, 0, 32; draw_string_vec4
    %pushi/vec4 7303785, 0, 32; draw_string_vec4
    %concat/vec4; draw_string_vec4
    %store/vec4 v0x61d6fb014630_0, 0, 64;
T_12.44 ;
    %load/vec4 v0x61d6fb00e9c0_0;
    %flag_set/vec4 8;
    %jmp/0xz  T_12.46, 8;
    %pushi/vec4 0, 0, 32; draw_string_vec4
    %pushi/vec4 1634624617, 0, 32; draw_string_vec4
    %concat/vec4; draw_string_vec4
    %store/vec4 v0x61d6fb014630_0, 0, 64;
T_12.46 ;
    %load/vec4 v0x61d6fb010100_0;
    %flag_set/vec4 8;
    %jmp/0xz  T_12.48, 8;
    %pushi/vec4 0, 0, 32; draw_string_vec4
    %pushi/vec4 1936485481, 0, 32; draw_string_vec4
    %concat/vec4; draw_string_vec4
    %store/vec4 v0x61d6fb014630_0, 0, 64;
T_12.48 ;
    %load/vec4 v0x61d6fb010700_0;
    %flag_set/vec4 8;
    %jmp/0xz  T_12.50, 8;
    %pushi/vec4 0, 0, 32; draw_string_vec4
    %pushi/vec4 1936878697, 0, 32; draw_string_vec4
    %concat/vec4; draw_string_vec4
    %store/vec4 v0x61d6fb014630_0, 0, 64;
T_12.50 ;
    %load/vec4 v0x61d6fb010580_0;
    %flag_set/vec4 8;
    %jmp/0xz  T_12.52, 8;
    %pushi/vec4 0, 0, 32; draw_string_vec4
    %pushi/vec4 1936875881, 0, 32; draw_string_vec4
    %concat/vec4; draw_string_vec4
    %store/vec4 v0x61d6fb014630_0, 0, 64;
T_12.52 ;
    %load/vec4 v0x61d6fb00e780_0;
    %flag_set/vec4 8;
    %jmp/0xz  T_12.54, 8;
    %pushi/vec4 0, 0, 32; draw_string_vec4
    %pushi/vec4 6382692, 0, 32; draw_string_vec4
    %concat/vec4; draw_string_vec4
    %store/vec4 v0x61d6fb014630_0, 0, 64;
T_12.54 ;
    %load/vec4 v0x61d6fb0107c0_0;
    %flag_set/vec4 8;
    %jmp/0xz  T_12.56, 8;
    %pushi/vec4 0, 0, 32; draw_string_vec4
    %pushi/vec4 7566690, 0, 32; draw_string_vec4
    %concat/vec4; draw_string_vec4
    %store/vec4 v0x61d6fb014630_0, 0, 64;
T_12.56 ;
    %load/vec4 v0x61d6fb010040_0;
    %flag_set/vec4 8;
    %jmp/0xz  T_12.58, 8;
    %pushi/vec4 0, 0, 32; draw_string_vec4
    %pushi/vec4 7564396, 0, 32; draw_string_vec4
    %concat/vec4; draw_string_vec4
    %store/vec4 v0x61d6fb014630_0, 0, 64;
T_12.58 ;
    %load/vec4 v0x61d6fb0101c0_0;
    %flag_set/vec4 8;
    %jmp/0xz  T_12.60, 8;
    %pushi/vec4 0, 0, 32; draw_string_vec4
    %pushi/vec4 7564404, 0, 32; draw_string_vec4
    %concat/vec4; draw_string_vec4
    %store/vec4 v0x61d6fb014630_0, 0, 64;
T_12.60 ;
    %load/vec4 v0x61d6fb010400_0;
    %flag_set/vec4 8;
    %jmp/0xz  T_12.62, 8;
    %pushi/vec4 0, 0, 32; draw_string_vec4
    %pushi/vec4 1936487541, 0, 32; draw_string_vec4
    %concat/vec4; draw_string_vec4
    %store/vec4 v0x61d6fb014630_0, 0, 64;
T_12.62 ;
    %load/vec4 v0x61d6fb010b80_0;
    %flag_set/vec4 8;
    %jmp/0xz  T_12.64, 8;
    %pushi/vec4 0, 0, 32; draw_string_vec4
    %pushi/vec4 7892850, 0, 32; draw_string_vec4
    %concat/vec4; draw_string_vec4
    %store/vec4 v0x61d6fb014630_0, 0, 64;
T_12.64 ;
    %load/vec4 v0x61d6fb010640_0;
    %flag_set/vec4 8;
    %jmp/0xz  T_12.66, 8;
    %pushi/vec4 0, 0, 32; draw_string_vec4
    %pushi/vec4 7565932, 0, 32; draw_string_vec4
    %concat/vec4; draw_string_vec4
    %store/vec4 v0x61d6fb014630_0, 0, 64;
T_12.66 ;
    %load/vec4 v0x61d6fb0104c0_0;
    %flag_set/vec4 8;
    %jmp/0xz  T_12.68, 8;
    %pushi/vec4 0, 0, 32; draw_string_vec4
    %pushi/vec4 7565921, 0, 32; draw_string_vec4
    %concat/vec4; draw_string_vec4
    %store/vec4 v0x61d6fb014630_0, 0, 64;
T_12.68 ;
    %load/vec4 v0x61d6fb00f8c0_0;
    %flag_set/vec4 8;
    %jmp/0xz  T_12.70, 8;
    %pushi/vec4 0, 0, 32; draw_string_vec4
    %pushi/vec4 28530, 0, 32; draw_string_vec4
    %concat/vec4; draw_string_vec4
    %store/vec4 v0x61d6fb014630_0, 0, 64;
T_12.70 ;
    %load/vec4 v0x61d6fb00e900_0;
    %flag_set/vec4 8;
    %jmp/0xz  T_12.72, 8;
    %pushi/vec4 0, 0, 32; draw_string_vec4
    %pushi/vec4 6385252, 0, 32; draw_string_vec4
    %concat/vec4; draw_string_vec4
    %store/vec4 v0x61d6fb014630_0, 0, 64;
T_12.72 ;
    %load/vec4 v0x61d6fb00fa40_0;
    %flag_set/vec4 8;
    %jmp/0xz  T_12.74, 8;
    %pushi/vec4 7496803, 0, 32; draw_string_vec4
    %pushi/vec4 2036558949, 0, 32; draw_string_vec4
    %concat/vec4; draw_string_vec4
    %store/vec4 v0x61d6fb014630_0, 0, 64;
T_12.74 ;
    %load/vec4 v0x61d6fb00fb00_0;
    %flag_set/vec4 8;
    %jmp/0xz  T_12.76, 8;
    %pushi/vec4 1919181689, 0, 32; draw_string_vec4
    %pushi/vec4 1668048232, 0, 32; draw_string_vec4
    %concat/vec4; draw_string_vec4
    %store/vec4 v0x61d6fb014630_0, 0, 64;
T_12.76 ;
    %load/vec4 v0x61d6fb00fbc0_0;
    %flag_set/vec4 8;
    %jmp/0xz  T_12.78, 8;
    %pushi/vec4 7496809, 0, 32; draw_string_vec4
    %pushi/vec4 1853060210, 0, 32; draw_string_vec4
    %concat/vec4; draw_string_vec4
    %store/vec4 v0x61d6fb014630_0, 0, 64;
T_12.78 ;
    %load/vec4 v0x61d6fb00fc80_0;
    %flag_set/vec4 8;
    %jmp/0xz  T_12.80, 8;
    %pushi/vec4 1919183214, 0, 32; draw_string_vec4
    %pushi/vec4 1937011304, 0, 32; draw_string_vec4
    %concat/vec4; draw_string_vec4
    %store/vec4 v0x61d6fb014630_0, 0, 64;
T_12.80 ;
    %load/vec4 v0x61d6fb00f080_0;
    %flag_set/vec4 8;
    %jmp/0xz  T_12.82, 8;
    %pushi/vec4 102, 0, 32; draw_string_vec4
    %pushi/vec4 1701733221, 0, 32; draw_string_vec4
    %concat/vec4; draw_string_vec4
    %store/vec4 v0x61d6fb014630_0, 0, 64;
T_12.82 ;
    %load/vec4 v0x61d6fb00f140_0;
    %flag_set/vec4 8;
    %jmp/0xz  T_12.84, 8;
    %pushi/vec4 0, 0, 32; draw_string_vec4
    %pushi/vec4 1734702193, 0, 32; draw_string_vec4
    %concat/vec4; draw_string_vec4
    %store/vec4 v0x61d6fb014630_0, 0, 64;
T_12.84 ;
    %load/vec4 v0x61d6fb00fec0_0;
    %flag_set/vec4 8;
    %jmp/0xz  T_12.86, 8;
    %pushi/vec4 0, 0, 32; draw_string_vec4
    %pushi/vec4 1936028785, 0, 32; draw_string_vec4
    %concat/vec4; draw_string_vec4
    %store/vec4 v0x61d6fb014630_0, 0, 64;
T_12.86 ;
    %load/vec4 v0x61d6fb00fd40_0;
    %flag_set/vec4 8;
    %jmp/0xz  T_12.88, 8;
    %pushi/vec4 29285, 0, 32; draw_string_vec4
    %pushi/vec4 1953067633, 0, 32; draw_string_vec4
    %concat/vec4; draw_string_vec4
    %store/vec4 v0x61d6fb014630_0, 0, 64;
T_12.88 ;
    %load/vec4 v0x61d6fb00f800_0;
    %flag_set/vec4 8;
    %jmp/0xz  T_12.90, 8;
    %pushi/vec4 7168371, 0, 32; draw_string_vec4
    %pushi/vec4 1802072689, 0, 32; draw_string_vec4
    %concat/vec4; draw_string_vec4
    %store/vec4 v0x61d6fb014630_0, 0, 64;
T_12.90 ;
    %load/vec4 v0x61d6fb010ac0_0;
    %flag_set/vec4 8;
    %jmp/0xz  T_12.92, 8;
    %pushi/vec4 7823721, 0, 32; draw_string_vec4
    %pushi/vec4 1953067633, 0, 32; draw_string_vec4
    %concat/vec4; draw_string_vec4
    %store/vec4 v0x61d6fb014630_0, 0, 64;
T_12.92 ;
    %load/vec4 v0x61d6fb010940_0;
    %flag_set/vec4 8;
    %jmp/0xz  T_12.94, 8;
    %pushi/vec4 116, 0, 32; draw_string_vec4
    %pushi/vec4 1768777074, 0, 32; draw_string_vec4
    %concat/vec4; draw_string_vec4
    %store/vec4 v0x61d6fb014630_0, 0, 64;
T_12.94 ;
    %jmp T_12;
    .thread T_12, $push;
    .scope S_0x61d6faf6f5a0;
T_13 ;
    %wait E_0x61d6fac59960;
    %load/vec4 v0x61d6fb00c410_0;
    %assign/vec4 v0x61d6fb015b10_0, 0;
    %load/vec4 v0x61d6fb00c6b0_0;
    %assign/vec4 v0x61d6fb015bf0_0, 0;
    %load/vec4 v0x61d6fb00cfa0_0;
    %assign/vec4 v0x61d6fb015cd0_0, 0;
    %load/vec4 v0x61d6fb00d160_0;
    %assign/vec4 v0x61d6fb015e90_0, 0;
    %load/vec4 v0x61d6fb00d240_0;
    %assign/vec4 v0x61d6fb015f70_0, 0;
    %load/vec4 v0x61d6fb00d080_0;
    %assign/vec4 v0x61d6fb015db0_0, 0;
    %load/vec4 v0x61d6fb0124e0_0;
    %assign/vec4 v0x61d6fb00d8e0_0, 0;
    %load/vec4 v0x61d6fb016590_0;
    %nor/r;
    %flag_set/vec4 8;
    %load/vec4 v0x61d6fb016b00_0;
    %flag_set/vec4 9;
    %flag_or 9, 8;
    %jmp/0xz  T_13.0, 9;
    %pushi/vec4 0, 0, 1;
    %assign/vec4 v0x61d6fb00dce0_0, 0;
    %jmp T_13.1;
T_13.0 ;
    %load/vec4 v0x61d6fb0124e0_0;
    %flag_set/vec4 8;
    %jmp/0xz  T_13.2, 8;
    %pushi/vec4 1, 0, 1;
    %assign/vec4 v0x61d6fb00dce0_0, 0;
T_13.2 ;
T_13.1 ;
    %load/vec4 v0x61d6fb00e520_0;
    %flag_set/vec4 8;
    %jmp/0xz  T_13.4, 8;
    %load/vec4 v0x61d6fb014630_0;
    %assign/vec4 v0x61d6fb00b070_0, 0;
    %load/vec4 v0x61d6fb00dda0_0;
    %assign/vec4 v0x61d6fb00b150_0, 0;
    %load/vec4 v0x61d6fb014710_0;
    %parti/s 2, 0, 2;
    %and/r;
    %flag_set/vec4 8;
    %jmp/0xz  T_13.6, 8;
    %load/vec4 v0x61d6fb014710_0;
    %assign/vec4 v0x61d6fb00b230_0, 0;
    %jmp T_13.7;
T_13.6 ;
    %pushi/vec4 0, 0, 16;
    %load/vec4 v0x61d6fb014710_0;
    %parti/s 16, 0, 2;
    %concat/vec4; draw_concat_vec4
    %assign/vec4 v0x61d6fb00b230_0, 0;
T_13.7 ;
    %load/vec4 v0x61d6fb00e120_0;
    %assign/vec4 v0x61d6fb00b3f0_0, 0;
    %load/vec4 v0x61d6fb00e200_0;
    %assign/vec4 v0x61d6fb00b4d0_0, 0;
    %load/vec4 v0x61d6fb00df60_0;
    %assign/vec4 v0x61d6fb00b310_0, 0;
T_13.4 ;
    %load/vec4 v0x61d6fb0124e0_0;
    %flag_set/vec4 8;
    %jmp/0xz  T_13.8, 8;
    %load/vec4 v0x61d6fb0148d0_0;
    %assign/vec4 v0x61d6fb00c5d0_0, 0;
T_13.8 ;
    %jmp T_13;
    .thread T_13;
    .scope S_0x61d6faf6f5a0;
T_14 ;
    %wait E_0x61d6fb004e50;
    %load/vec4 v0x61d6fb015b10_0;
    %store/vec4 v0x61d6fb00c410_0, 0, 64;
    %load/vec4 v0x61d6fb015bf0_0;
    %store/vec4 v0x61d6fb00c6b0_0, 0, 32;
    %load/vec4 v0x61d6fb015cd0_0;
    %store/vec4 v0x61d6fb00cfa0_0, 0, 32;
    %load/vec4 v0x61d6fb015e90_0;
    %store/vec4 v0x61d6fb00d160_0, 0, 5;
    %load/vec4 v0x61d6fb015f70_0;
    %store/vec4 v0x61d6fb00d240_0, 0, 5;
    %load/vec4 v0x61d6fb015db0_0;
    %store/vec4 v0x61d6fb00d080_0, 0, 5;
    %load/vec4 v0x61d6fb00d8e0_0;
    %flag_set/vec4 8;
    %jmp/0xz  T_14.0, 8;
    %load/vec4 v0x61d6fb00e3a0_0;
    %flag_set/vec4 8;
    %jmp/0xz  T_14.2, 8;
    %load/vec4 v0x61d6fb00b070_0;
    %store/vec4 v0x61d6fb00c410_0, 0, 64;
    %load/vec4 v0x61d6fb00b150_0;
    %store/vec4 v0x61d6fb00c6b0_0, 0, 32;
    %load/vec4 v0x61d6fb00b230_0;
    %store/vec4 v0x61d6fb00cfa0_0, 0, 32;
    %load/vec4 v0x61d6fb00b3f0_0;
    %store/vec4 v0x61d6fb00d160_0, 0, 5;
    %load/vec4 v0x61d6fb00b4d0_0;
    %store/vec4 v0x61d6fb00d240_0, 0, 5;
    %load/vec4 v0x61d6fb00b310_0;
    %store/vec4 v0x61d6fb00d080_0, 0, 5;
    %jmp T_14.3;
T_14.2 ;
    %load/vec4 v0x61d6fb014630_0;
    %store/vec4 v0x61d6fb00c410_0, 0, 64;
    %load/vec4 v0x61d6fb014710_0;
    %parti/s 2, 0, 2;
    %and/r;
    %flag_set/vec4 8;
    %jmp/0xz  T_14.4, 8;
    %load/vec4 v0x61d6fb014710_0;
    %store/vec4 v0x61d6fb00cfa0_0, 0, 32;
    %jmp T_14.5;
T_14.4 ;
    %pushi/vec4 0, 0, 16;
    %load/vec4 v0x61d6fb014710_0;
    %parti/s 16, 0, 2;
    %concat/vec4; draw_concat_vec4
    %store/vec4 v0x61d6fb00cfa0_0, 0, 32;
T_14.5 ;
    %load/vec4 v0x61d6fb00dda0_0;
    %store/vec4 v0x61d6fb00c6b0_0, 0, 32;
    %load/vec4 v0x61d6fb00e120_0;
    %store/vec4 v0x61d6fb00d160_0, 0, 5;
    %load/vec4 v0x61d6fb00e200_0;
    %store/vec4 v0x61d6fb00d240_0, 0, 5;
    %load/vec4 v0x61d6fb00df60_0;
    %store/vec4 v0x61d6fb00d080_0, 0, 5;
T_14.3 ;
T_14.0 ;
    %jmp T_14;
    .thread T_14, $push;
    .scope S_0x61d6faf6f5a0;
T_15 ;
    %wait E_0x61d6fac59960;
    %load/vec4 v0x61d6fb00f680_0;
    %load/vec4 v0x61d6fb00ea80_0;
    %concat/vec4; draw_concat_vec4
    %load/vec4 v0x61d6fb00f200_0;
    %concat/vec4; draw_concat_vec4
    %or/r;
    %assign/vec4 v0x61d6fb011740_0, 0;
    %load/vec4 v0x61d6fb00f680_0;
    %load/vec4 v0x61d6fb00ea80_0;
    %concat/vec4; draw_concat_vec4
    %load/vec4 v0x61d6fb00f200_0;
    %concat/vec4; draw_concat_vec4
    %load/vec4 v0x61d6fb00f2c0_0;
    %concat/vec4; draw_concat_vec4
    %load/vec4 v0x61d6fb00e840_0;
    %concat/vec4; draw_concat_vec4
    %load/vec4 v0x61d6fb00e780_0;
    %concat/vec4; draw_concat_vec4
    %load/vec4 v0x61d6fb0107c0_0;
    %concat/vec4; draw_concat_vec4
    %or/r;
    %assign/vec4 v0x61d6fb011800_0, 0;
    %load/vec4 v0x61d6fb010280_0;
    %load/vec4 v0x61d6fb00ed80_0;
    %concat/vec4; draw_concat_vec4
    %load/vec4 v0x61d6fb0101c0_0;
    %concat/vec4; draw_concat_vec4
    %or/r;
    %assign/vec4 v0x61d6fb011bc0_0, 0;
    %load/vec4 v0x61d6fb010340_0;
    %load/vec4 v0x61d6fb00ee40_0;
    %concat/vec4; draw_concat_vec4
    %load/vec4 v0x61d6fb010400_0;
    %concat/vec4; draw_concat_vec4
    %or/r;
    %assign/vec4 v0x61d6fb011c80_0, 0;
    %load/vec4 v0x61d6fb00f440_0;
    %load/vec4 v0x61d6fb00f5c0_0;
    %concat/vec4; draw_concat_vec4
    %load/vec4 v0x61d6fb00f740_0;
    %concat/vec4; draw_concat_vec4
    %or/r;
    %assign/vec4 v0x61d6fb011680_0, 0;
    %load/vec4 v0x61d6fb011380_0;
    %load/vec4 v0x61d6fb010280_0;
    %concat/vec4; draw_concat_vec4
    %load/vec4 v0x61d6fb0101c0_0;
    %concat/vec4; draw_concat_vec4
    %load/vec4 v0x61d6fb010340_0;
    %concat/vec4; draw_concat_vec4
    %load/vec4 v0x61d6fb010400_0;
    %concat/vec4; draw_concat_vec4
    %or/r;
    %assign/vec4 v0x61d6fb011440_0, 0;
    %load/vec4 v0x61d6fb012990_0;
    %load/vec4 v0x61d6fb012b10_0;
    %and;
    %flag_set/vec4 8;
    %jmp/0xz  T_15.0, 8;
    %load/vec4 v0x61d6fb00ca20_0;
    %parti/s 7, 0, 2;
    %pushi/vec4 55, 0, 7;
    %cmp/e;
    %flag_get/vec4 4;
    %assign/vec4 v0x61d6fb00f680_0, 0;
    %load/vec4 v0x61d6fb00ca20_0;
    %parti/s 7, 0, 2;
    %pushi/vec4 23, 0, 7;
    %cmp/e;
    %flag_get/vec4 4;
    %assign/vec4 v0x61d6fb00ea80_0, 0;
    %load/vec4 v0x61d6fb00ca20_0;
    %parti/s 7, 0, 2;
    %pushi/vec4 111, 0, 7;
    %cmp/e;
    %flag_get/vec4 4;
    %assign/vec4 v0x61d6fb00f200_0, 0;
    %load/vec4 v0x61d6fb00ca20_0;
    %parti/s 7, 0, 2;
    %pushi/vec4 103, 0, 7;
    %cmp/e;
    %flag_get/vec4 4;
    %load/vec4 v0x61d6fb00ca20_0;
    %parti/s 3, 12, 5;
    %pushi/vec4 0, 0, 3;
    %cmp/e;
    %flag_get/vec4 4;
    %and;
    %assign/vec4 v0x61d6fb00f2c0_0, 0;
    %load/vec4 v0x61d6fb00ca20_0;
    %parti/s 7, 0, 2;
    %pushi/vec4 11, 0, 7;
    %cmp/e;
    %flag_get/vec4 4;
    %load/vec4 v0x61d6fb00ca20_0;
    %parti/s 7, 25, 6;
    %pushi/vec4 2, 0, 7;
    %cmp/e;
    %flag_get/vec4 4;
    %and;
    %pushi/vec4 0, 0, 1;
    %and;
    %assign/vec4 v0x61d6fb00fd40_0, 0;
    %load/vec4 v0x61d6fb00ca20_0;
    %parti/s 7, 0, 2;
    %pushi/vec4 11, 0, 7;
    %cmp/e;
    %flag_get/vec4 4;
    %load/vec4 v0x61d6fb00ca20_0;
    %parti/s 7, 25, 6;
    %pushi/vec4 4, 0, 7;
    %cmp/e;
    %flag_get/vec4 4;
    %and;
    %pushi/vec4 0, 0, 1;
    %and;
    %assign/vec4 v0x61d6fb010ac0_0, 0;
    %load/vec4 v0x61d6fb00ca20_0;
    %parti/s 7, 0, 2;
    %pushi/vec4 99, 0, 7;
    %cmp/e;
    %flag_get/vec4 4;
    %assign/vec4 v0x61d6fb011380_0, 0;
    %load/vec4 v0x61d6fb00ca20_0;
    %parti/s 7, 0, 2;
    %pushi/vec4 3, 0, 7;
    %cmp/e;
    %flag_get/vec4 4;
    %assign/vec4 v0x61d6fb0115c0_0, 0;
    %load/vec4 v0x61d6fb00ca20_0;
    %parti/s 7, 0, 2;
    %pushi/vec4 35, 0, 7;
    %cmp/e;
    %flag_get/vec4 4;
    %assign/vec4 v0x61d6fb011980_0, 0;
    %load/vec4 v0x61d6fb00ca20_0;
    %parti/s 7, 0, 2;
    %pushi/vec4 19, 0, 7;
    %cmp/e;
    %flag_get/vec4 4;
    %assign/vec4 v0x61d6fb011200_0, 0;
    %load/vec4 v0x61d6fb00ca20_0;
    %parti/s 7, 0, 2;
    %pushi/vec4 51, 0, 7;
    %cmp/e;
    %flag_get/vec4 4;
    %assign/vec4 v0x61d6fb0112c0_0, 0;
    %load/vec4 v0x61d6fb00ca20_0;
    %parti/s 20, 12, 5;
    %concati/vec4 0, 0, 1;
    %pad/s 32;
    %split/vec4 1;
    %ix/load 4, 0, 0;
    %ix/load 5, 0, 0;
    %flag_set/imm 4, 0;
    %assign/vec4/off/d v0x61d6fb00de80_0, 4, 5;
    %split/vec4 8;
    %ix/load 4, 12, 0;
    %ix/load 5, 0, 0;
    %flag_set/imm 4, 0;
    %assign/vec4/off/d v0x61d6fb00de80_0, 4, 5;
    %split/vec4 1;
    %ix/load 4, 11, 0;
    %ix/load 5, 0, 0;
    %flag_set/imm 4, 0;
    %assign/vec4/off/d v0x61d6fb00de80_0, 4, 5;
    %split/vec4 10;
    %ix/load 4, 1, 0;
    %ix/load 5, 0, 0;
    %flag_set/imm 4, 0;
    %assign/vec4/off/d v0x61d6fb00de80_0, 4, 5;
    %ix/load 4, 20, 0;
    %ix/load 5, 0, 0;
    %flag_set/imm 4, 0;
    %assign/vec4/off/d v0x61d6fb00de80_0, 4, 5;
    %load/vec4 v0x61d6fb00ca20_0;
    %parti/s 5, 7, 4;
    %assign/vec4 v0x61d6fb00df60_0, 0;
    %load/vec4 v0x61d6fb00ca20_0;
    %parti/s 5, 15, 5;
    %assign/vec4 v0x61d6fb00e120_0, 0;
    %load/vec4 v0x61d6fb00ca20_0;
    %parti/s 5, 20, 6;
    %assign/vec4 v0x61d6fb00e200_0, 0;
    %load/vec4 v0x61d6fb00ca20_0;
    %parti/s 7, 0, 2;
    %pushi/vec4 11, 0, 7;
    %cmp/e;
    %flag_get/vec4 4;
    %load/vec4 v0x61d6fb00ca20_0;
    %parti/s 7, 25, 6;
    %pushi/vec4 0, 0, 7;
    %cmp/e;
    %flag_get/vec4 4;
    %and;
    %pushi/vec4 0, 0, 1;
    %and;
    %pushi/vec4 1, 0, 1;
    %and;
    %flag_set/vec4 8;
    %jmp/0xz  T_15.2, 8;
    %pushi/vec4 1, 0, 1;
    %ix/load 4, 4, 0;
    %ix/load 5, 0, 0;
    %flag_set/imm 4, 0;
    %assign/vec4/off/d v0x61d6fb00e120_0, 4, 5;
T_15.2 ;
    %load/vec4 v0x61d6fb00ca20_0;
    %parti/s 7, 0, 2;
    %pushi/vec4 11, 0, 7;
    %cmp/e;
    %flag_get/vec4 4;
    %load/vec4 v0x61d6fb00ca20_0;
    %parti/s 7, 25, 6;
    %pushi/vec4 2, 0, 7;
    %cmp/e;
    %flag_get/vec4 4;
    %and;
    %pushi/vec4 0, 0, 1;
    %and;
    %flag_set/vec4 8;
    %jmp/0xz  T_15.4, 8;
    %pushi/vec4 0, 0, 5;
    %assign/vec4 v0x61d6fb00e120_0, 0;
T_15.4 ;
    %pushi/vec4 0, 0, 1;
    %assign/vec4 v0x61d6fb00b7d0_0, 0;
    %pushi/vec4 0, 0, 1;
    %load/vec4 v0x61d6fb00ca20_0;
    %parti/s 2, 0, 2;
    %pushi/vec4 3, 0, 2;
    %cmp/ne;
    %flag_get/vec4 4;
    %and;
    %flag_set/vec4 8;
    %jmp/0xz  T_15.6, 8;
    %pushi/vec4 1, 0, 1;
    %assign/vec4 v0x61d6fb00b7d0_0, 0;
    %pushi/vec4 0, 0, 5;
    %assign/vec4 v0x61d6fb00df60_0, 0;
    %pushi/vec4 0, 0, 5;
    %assign/vec4 v0x61d6fb00e120_0, 0;
    %pushi/vec4 0, 0, 5;
    %assign/vec4 v0x61d6fb00e200_0, 0;
    %load/vec4 v0x61d6fb00ca20_0;
    %parti/s 11, 2, 3;
    %concati/vec4 0, 0, 1;
    %pad/s 32;
    %split/vec4 1;
    %ix/load 4, 0, 0;
    %ix/load 5, 0, 0;
    %flag_set/imm 4, 0;
    %assign/vec4/off/d v0x61d6fb00de80_0, 4, 5;
    %split/vec4 1;
    %ix/load 4, 5, 0;
    %ix/load 5, 0, 0;
    %flag_set/imm 4, 0;
    %assign/vec4/off/d v0x61d6fb00de80_0, 4, 5;
    %split/vec4 3;
    %ix/load 4, 1, 0;
    %ix/load 5, 0, 0;
    %flag_set/imm 4, 0;
    %assign/vec4/off/d v0x61d6fb00de80_0, 4, 5;
    %split/vec4 1;
    %ix/load 4, 7, 0;
    %ix/load 5, 0, 0;
    %flag_set/imm 4, 0;
    %assign/vec4/off/d v0x61d6fb00de80_0, 4, 5;
    %split/vec4 1;
    %ix/load 4, 6, 0;
    %ix/load 5, 0, 0;
    %flag_set/imm 4, 0;
    %assign/vec4/off/d v0x61d6fb00de80_0, 4, 5;
    %split/vec4 1;
    %ix/load 4, 10, 0;
    %ix/load 5, 0, 0;
    %flag_set/imm 4, 0;
    %assign/vec4/off/d v0x61d6fb00de80_0, 4, 5;
    %split/vec4 2;
    %ix/load 4, 8, 0;
    %ix/load 5, 0, 0;
    %flag_set/imm 4, 0;
    %assign/vec4/off/d v0x61d6fb00de80_0, 4, 5;
    %split/vec4 1;
    %ix/load 4, 4, 0;
    %ix/load 5, 0, 0;
    %flag_set/imm 4, 0;
    %assign/vec4/off/d v0x61d6fb00de80_0, 4, 5;
    %ix/load 4, 11, 0;
    %ix/load 5, 0, 0;
    %flag_set/imm 4, 0;
    %assign/vec4/off/d v0x61d6fb00de80_0, 4, 5;
    %load/vec4 v0x61d6fb00ca20_0;
    %parti/s 2, 0, 2;
    %dup/vec4;
    %pushi/vec4 0, 0, 2;
    %cmp/u;
    %jmp/1 T_15.8, 6;
    %dup/vec4;
    %pushi/vec4 1, 0, 2;
    %cmp/u;
    %jmp/1 T_15.9, 6;
    %dup/vec4;
    %pushi/vec4 2, 0, 2;
    %cmp/u;
    %jmp/1 T_15.10, 6;
    %jmp T_15.11;
T_15.8 ;
    %load/vec4 v0x61d6fb00ca20_0;
    %parti/s 3, 13, 5;
    %dup/vec4;
    %pushi/vec4 0, 0, 3;
    %cmp/u;
    %jmp/1 T_15.12, 6;
    %dup/vec4;
    %pushi/vec4 2, 0, 3;
    %cmp/u;
    %jmp/1 T_15.13, 6;
    %dup/vec4;
    %pushi/vec4 6, 0, 3;
    %cmp/u;
    %jmp/1 T_15.14, 6;
    %jmp T_15.15;
T_15.12 ;
    %load/vec4 v0x61d6fb00ca20_0;
    %parti/s 8, 5, 4;
    %or/r;
    %assign/vec4 v0x61d6fb011200_0, 0;
    %pushi/vec4 2, 0, 5;
    %assign/vec4 v0x61d6fb00e120_0, 0;
    %pushi/vec4 8, 0, 5;
    %load/vec4 v0x61d6fb00ca20_0;
    %parti/s 3, 2, 3;
    %pad/u 5;
    %add;
    %assign/vec4 v0x61d6fb00df60_0, 0;
    %jmp T_15.15;
T_15.13 ;
    %pushi/vec4 1, 0, 1;
    %assign/vec4 v0x61d6fb0115c0_0, 0;
    %pushi/vec4 8, 0, 5;
    %load/vec4 v0x61d6fb00ca20_0;
    %parti/s 3, 7, 4;
    %pad/u 5;
    %add;
    %assign/vec4 v0x61d6fb00e120_0, 0;
    %pushi/vec4 8, 0, 5;
    %load/vec4 v0x61d6fb00ca20_0;
    %parti/s 3, 2, 3;
    %pad/u 5;
    %add;
    %assign/vec4 v0x61d6fb00df60_0, 0;
    %jmp T_15.15;
T_15.14 ;
    %pushi/vec4 1, 0, 1;
    %assign/vec4 v0x61d6fb011980_0, 0;
    %pushi/vec4 8, 0, 5;
    %load/vec4 v0x61d6fb00ca20_0;
    %parti/s 3, 7, 4;
    %pad/u 5;
    %add;
    %assign/vec4 v0x61d6fb00e120_0, 0;
    %pushi/vec4 8, 0, 5;
    %load/vec4 v0x61d6fb00ca20_0;
    %parti/s 3, 2, 3;
    %pad/u 5;
    %add;
    %assign/vec4 v0x61d6fb00e200_0, 0;
    %jmp T_15.15;
T_15.15 ;
    %pop/vec4 1;
    %jmp T_15.11;
T_15.9 ;
    %load/vec4 v0x61d6fb00ca20_0;
    %parti/s 3, 13, 5;
    %dup/vec4;
    %pushi/vec4 0, 0, 3;
    %cmp/u;
    %jmp/1 T_15.16, 6;
    %dup/vec4;
    %pushi/vec4 1, 0, 3;
    %cmp/u;
    %jmp/1 T_15.17, 6;
    %dup/vec4;
    %pushi/vec4 2, 0, 3;
    %cmp/u;
    %jmp/1 T_15.18, 6;
    %dup/vec4;
    %pushi/vec4 3, 0, 3;
    %cmp/u;
    %jmp/1 T_15.19, 6;
    %dup/vec4;
    %pushi/vec4 4, 0, 3;
    %cmp/u;
    %jmp/1 T_15.20, 6;
    %dup/vec4;
    %pushi/vec4 5, 0, 3;
    %cmp/u;
    %jmp/1 T_15.21, 6;
    %dup/vec4;
    %pushi/vec4 6, 0, 3;
    %cmp/u;
    %jmp/1 T_15.22, 6;
    %dup/vec4;
    %pushi/vec4 7, 0, 3;
    %cmp/u;
    %jmp/1 T_15.23, 6;
    %jmp T_15.24;
T_15.16 ;
    %pushi/vec4 1, 0, 1;
    %assign/vec4 v0x61d6fb011200_0, 0;
    %load/vec4 v0x61d6fb00ca20_0;
    %parti/s 5, 7, 4;
    %assign/vec4 v0x61d6fb00df60_0, 0;
    %load/vec4 v0x61d6fb00ca20_0;
    %parti/s 5, 7, 4;
    %assign/vec4 v0x61d6fb00e120_0, 0;
    %jmp T_15.24;
T_15.17 ;
    %pushi/vec4 1, 0, 1;
    %assign/vec4 v0x61d6fb00f200_0, 0;
    %pushi/vec4 1, 0, 5;
    %assign/vec4 v0x61d6fb00df60_0, 0;
    %jmp T_15.24;
T_15.18 ;
    %pushi/vec4 1, 0, 1;
    %assign/vec4 v0x61d6fb011200_0, 0;
    %load/vec4 v0x61d6fb00ca20_0;
    %parti/s 5, 7, 4;
    %assign/vec4 v0x61d6fb00df60_0, 0;
    %pushi/vec4 0, 0, 5;
    %assign/vec4 v0x61d6fb00e120_0, 0;
    %jmp T_15.24;
T_15.19 ;
    %load/vec4 v0x61d6fb00ca20_0;
    %parti/s 1, 12, 5;
    %flag_set/vec4 8;
    %load/vec4 v0x61d6fb00ca20_0;
    %parti/s 5, 2, 3;
    %cmpi/ne 0, 0, 5;
    %flag_or 4, 8;
    %jmp/0xz  T_15.25, 4;
    %load/vec4 v0x61d6fb00ca20_0;
    %parti/s 5, 7, 4;
    %pad/u 32;
    %cmpi/e 2, 0, 32;
    %jmp/0xz  T_15.27, 4;
    %pushi/vec4 1, 0, 1;
    %assign/vec4 v0x61d6fb011200_0, 0;
    %load/vec4 v0x61d6fb00ca20_0;
    %parti/s 5, 7, 4;
    %assign/vec4 v0x61d6fb00df60_0, 0;
    %load/vec4 v0x61d6fb00ca20_0;
    %parti/s 5, 7, 4;
    %assign/vec4 v0x61d6fb00e120_0, 0;
    %jmp T_15.28;
T_15.27 ;
    %pushi/vec4 1, 0, 1;
    %assign/vec4 v0x61d6fb00f680_0, 0;
    %load/vec4 v0x61d6fb00ca20_0;
    %parti/s 5, 7, 4;
    %assign/vec4 v0x61d6fb00df60_0, 0;
    %pushi/vec4 0, 0, 5;
    %assign/vec4 v0x61d6fb00e120_0, 0;
T_15.28 ;
T_15.25 ;
    %jmp T_15.24;
T_15.20 ;
    %load/vec4 v0x61d6fb00ca20_0;
    %parti/s 1, 11, 5;
    %nor/r;
    %load/vec4 v0x61d6fb00ca20_0;
    %parti/s 1, 12, 5;
    %nor/r;
    %and;
    %flag_set/vec4 8;
    %jmp/0xz  T_15.29, 8;
    %pushi/vec4 1, 0, 1;
    %assign/vec4 v0x61d6fb011200_0, 0;
    %pushi/vec4 8, 0, 5;
    %load/vec4 v0x61d6fb00ca20_0;
    %parti/s 3, 7, 4;
    %pad/u 5;
    %add;
    %assign/vec4 v0x61d6fb00df60_0, 0;
    %pushi/vec4 8, 0, 5;
    %load/vec4 v0x61d6fb00ca20_0;
    %parti/s 3, 7, 4;
    %pad/u 5;
    %add;
    %assign/vec4 v0x61d6fb00e120_0, 0;
    %load/vec4 v0x61d6fb00ca20_0;
    %parti/s 1, 12, 5;
    %load/vec4 v0x61d6fb00ca20_0;
    %parti/s 5, 2, 3;
    %concat/vec4; draw_concat_vec4
    %pad/u 5;
    %assign/vec4 v0x61d6fb00e200_0, 0;
T_15.29 ;
    %load/vec4 v0x61d6fb00ca20_0;
    %parti/s 2, 10, 5;
    %cmpi/e 2, 0, 2;
    %jmp/0xz  T_15.31, 4;
    %pushi/vec4 1, 0, 1;
    %assign/vec4 v0x61d6fb011200_0, 0;
    %pushi/vec4 8, 0, 5;
    %load/vec4 v0x61d6fb00ca20_0;
    %parti/s 3, 7, 4;
    %pad/u 5;
    %add;
    %assign/vec4 v0x61d6fb00df60_0, 0;
    %pushi/vec4 8, 0, 5;
    %load/vec4 v0x61d6fb00ca20_0;
    %parti/s 3, 7, 4;
    %pad/u 5;
    %add;
    %assign/vec4 v0x61d6fb00e120_0, 0;
T_15.31 ;
    %load/vec4 v0x61d6fb00ca20_0;
    %parti/s 3, 10, 5;
    %cmpi/e 3, 0, 3;
    %jmp/0xz  T_15.33, 4;
    %pushi/vec4 1, 0, 1;
    %assign/vec4 v0x61d6fb0112c0_0, 0;
    %pushi/vec4 8, 0, 5;
    %load/vec4 v0x61d6fb00ca20_0;
    %parti/s 3, 7, 4;
    %pad/u 5;
    %add;
    %assign/vec4 v0x61d6fb00df60_0, 0;
    %pushi/vec4 8, 0, 5;
    %load/vec4 v0x61d6fb00ca20_0;
    %parti/s 3, 7, 4;
    %pad/u 5;
    %add;
    %assign/vec4 v0x61d6fb00e120_0, 0;
    %pushi/vec4 8, 0, 5;
    %load/vec4 v0x61d6fb00ca20_0;
    %parti/s 3, 2, 3;
    %pad/u 5;
    %add;
    %assign/vec4 v0x61d6fb00e200_0, 0;
T_15.33 ;
    %jmp T_15.24;
T_15.21 ;
    %pushi/vec4 1, 0, 1;
    %assign/vec4 v0x61d6fb00f200_0, 0;
    %jmp T_15.24;
T_15.22 ;
    %pushi/vec4 1, 0, 1;
    %assign/vec4 v0x61d6fb011380_0, 0;
    %pushi/vec4 8, 0, 5;
    %load/vec4 v0x61d6fb00ca20_0;
    %parti/s 3, 7, 4;
    %pad/u 5;
    %add;
    %assign/vec4 v0x61d6fb00e120_0, 0;
    %pushi/vec4 0, 0, 5;
    %assign/vec4 v0x61d6fb00e200_0, 0;
    %jmp T_15.24;
T_15.23 ;
    %pushi/vec4 1, 0, 1;
    %assign/vec4 v0x61d6fb011380_0, 0;
    %pushi/vec4 8, 0, 5;
    %load/vec4 v0x61d6fb00ca20_0;
    %parti/s 3, 7, 4;
    %pad/u 5;
    %add;
    %assign/vec4 v0x61d6fb00e120_0, 0;
    %pushi/vec4 0, 0, 5;
    %assign/vec4 v0x61d6fb00e200_0, 0;
    %jmp T_15.24;
T_15.24 ;
    %pop/vec4 1;
    %jmp T_15.11;
T_15.10 ;
    %load/vec4 v0x61d6fb00ca20_0;
    %parti/s 3, 13, 5;
    %dup/vec4;
    %pushi/vec4 0, 0, 3;
    %cmp/u;
    %jmp/1 T_15.35, 6;
    %dup/vec4;
    %pushi/vec4 2, 0, 3;
    %cmp/u;
    %jmp/1 T_15.36, 6;
    %dup/vec4;
    %pushi/vec4 4, 0, 3;
    %cmp/u;
    %jmp/1 T_15.37, 6;
    %dup/vec4;
    %pushi/vec4 6, 0, 3;
    %cmp/u;
    %jmp/1 T_15.38, 6;
    %jmp T_15.39;
T_15.35 ;
    %load/vec4 v0x61d6fb00ca20_0;
    %parti/s 1, 12, 5;
    %nor/r;
    %flag_set/vec4 8;
    %jmp/0xz  T_15.40, 8;
    %pushi/vec4 1, 0, 1;
    %assign/vec4 v0x61d6fb011200_0, 0;
    %load/vec4 v0x61d6fb00ca20_0;
    %parti/s 5, 7, 4;
    %assign/vec4 v0x61d6fb00df60_0, 0;
    %load/vec4 v0x61d6fb00ca20_0;
    %parti/s 5, 7, 4;
    %assign/vec4 v0x61d6fb00e120_0, 0;
    %load/vec4 v0x61d6fb00ca20_0;
    %parti/s 1, 12, 5;
    %load/vec4 v0x61d6fb00ca20_0;
    %parti/s 5, 2, 3;
    %concat/vec4; draw_concat_vec4
    %pad/u 5;
    %assign/vec4 v0x61d6fb00e200_0, 0;
T_15.40 ;
    %jmp T_15.39;
T_15.36 ;
    %load/vec4 v0x61d6fb00ca20_0;
    %parti/s 5, 7, 4;
    %cmpi/ne 0, 0, 5;
    %jmp/0xz  T_15.42, 4;
    %pushi/vec4 1, 0, 1;
    %assign/vec4 v0x61d6fb0115c0_0, 0;
    %load/vec4 v0x61d6fb00ca20_0;
    %parti/s 5, 7, 4;
    %assign/vec4 v0x61d6fb00df60_0, 0;
    %pushi/vec4 2, 0, 5;
    %assign/vec4 v0x61d6fb00e120_0, 0;
T_15.42 ;
    %jmp T_15.39;
T_15.37 ;
    %load/vec4 v0x61d6fb00ca20_0;
    %parti/s 1, 12, 5;
    %pad/u 32;
    %pushi/vec4 0, 0, 32;
    %cmp/e;
    %flag_get/vec4 4;
    %load/vec4 v0x61d6fb00ca20_0;
    %parti/s 5, 7, 4;
    %pad/u 32;
    %pushi/vec4 0, 0, 32;
    %cmp/ne;
    %flag_get/vec4 4;
    %and;
    %load/vec4 v0x61d6fb00ca20_0;
    %parti/s 5, 2, 3;
    %pad/u 32;
    %pushi/vec4 0, 0, 32;
    %cmp/e;
    %flag_get/vec4 4;
    %and;
    %flag_set/vec4 8;
    %jmp/0xz  T_15.44, 8;
    %pushi/vec4 1, 0, 1;
    %assign/vec4 v0x61d6fb00f2c0_0, 0;
    %pushi/vec4 0, 0, 5;
    %assign/vec4 v0x61d6fb00df60_0, 0;
    %load/vec4 v0x61d6fb00ca20_0;
    %parti/s 5, 7, 4;
    %assign/vec4 v0x61d6fb00e120_0, 0;
T_15.44 ;
    %load/vec4 v0x61d6fb00ca20_0;
    %parti/s 1, 12, 5;
    %pad/u 32;
    %pushi/vec4 0, 0, 32;
    %cmp/e;
    %flag_get/vec4 4;
    %load/vec4 v0x61d6fb00ca20_0;
    %parti/s 5, 2, 3;
    %pad/u 32;
    %pushi/vec4 0, 0, 32;
    %cmp/ne;
    %flag_get/vec4 4;
    %and;
    %flag_set/vec4 8;
    %jmp/0xz  T_15.46, 8;
    %pushi/vec4 1, 0, 1;
    %assign/vec4 v0x61d6fb0112c0_0, 0;
    %load/vec4 v0x61d6fb00ca20_0;
    %parti/s 5, 7, 4;
    %assign/vec4 v0x61d6fb00df60_0, 0;
    %pushi/vec4 0, 0, 5;
    %assign/vec4 v0x61d6fb00e120_0, 0;
    %load/vec4 v0x61d6fb00ca20_0;
    %parti/s 5, 2, 3;
    %assign/vec4 v0x61d6fb00e200_0, 0;
T_15.46 ;
    %load/vec4 v0x61d6fb00ca20_0;
    %parti/s 1, 12, 5;
    %pad/u 32;
    %pushi/vec4 0, 0, 32;
    %cmp/ne;
    %flag_get/vec4 4;
    %load/vec4 v0x61d6fb00ca20_0;
    %parti/s 5, 7, 4;
    %pad/u 32;
    %pushi/vec4 0, 0, 32;
    %cmp/ne;
    %flag_get/vec4 4;
    %and;
    %load/vec4 v0x61d6fb00ca20_0;
    %parti/s 5, 2, 3;
    %pad/u 32;
    %pushi/vec4 0, 0, 32;
    %cmp/e;
    %flag_get/vec4 4;
    %and;
    %flag_set/vec4 8;
    %jmp/0xz  T_15.48, 8;
    %pushi/vec4 1, 0, 1;
    %assign/vec4 v0x61d6fb00f2c0_0, 0;
    %pushi/vec4 1, 0, 5;
    %assign/vec4 v0x61d6fb00df60_0, 0;
    %load/vec4 v0x61d6fb00ca20_0;
    %parti/s 5, 7, 4;
    %assign/vec4 v0x61d6fb00e120_0, 0;
T_15.48 ;
    %load/vec4 v0x61d6fb00ca20_0;
    %parti/s 1, 12, 5;
    %pad/u 32;
    %pushi/vec4 0, 0, 32;
    %cmp/ne;
    %flag_get/vec4 4;
    %load/vec4 v0x61d6fb00ca20_0;
    %parti/s 5, 2, 3;
    %pad/u 32;
    %pushi/vec4 0, 0, 32;
    %cmp/ne;
    %flag_get/vec4 4;
    %and;
    %flag_set/vec4 8;
    %jmp/0xz  T_15.50, 8;
    %pushi/vec4 1, 0, 1;
    %assign/vec4 v0x61d6fb0112c0_0, 0;
    %load/vec4 v0x61d6fb00ca20_0;
    %parti/s 5, 7, 4;
    %assign/vec4 v0x61d6fb00df60_0, 0;
    %load/vec4 v0x61d6fb00ca20_0;
    %parti/s 5, 7, 4;
    %assign/vec4 v0x61d6fb00e120_0, 0;
    %load/vec4 v0x61d6fb00ca20_0;
    %parti/s 5, 2, 3;
    %assign/vec4 v0x61d6fb00e200_0, 0;
T_15.50 ;
    %jmp T_15.39;
T_15.38 ;
    %pushi/vec4 1, 0, 1;
    %assign/vec4 v0x61d6fb011980_0, 0;
    %pushi/vec4 2, 0, 5;
    %assign/vec4 v0x61d6fb00e120_0, 0;
    %load/vec4 v0x61d6fb00ca20_0;
    %parti/s 5, 2, 3;
    %assign/vec4 v0x61d6fb00e200_0, 0;
    %jmp T_15.39;
T_15.39 ;
    %pop/vec4 1;
    %jmp T_15.11;
T_15.11 ;
    %pop/vec4 1;
T_15.6 ;
T_15.0 ;
    %load/vec4 v0x61d6fb00e460_0;
    %load/vec4 v0x61d6fb00e2e0_0;
    %nor/r;
    %and;
    %flag_set/vec4 8;
    %jmp/0xz  T_15.52, 8;
    %pushi/vec4 4294967295, 4294967295, 32;
    %assign/vec4 v0x61d6fb014cd0_0, 0;
    %load/vec4 v0x61d6fb011380_0;
    %load/vec4 v0x61d6fb00cbc0_0;
    %parti/s 3, 12, 5;
    %pushi/vec4 0, 0, 3;
    %cmp/e;
    %flag_get/vec4 4;
    %and;
    %assign/vec4 v0x61d6fb00eb40_0, 0;
    %load/vec4 v0x61d6fb011380_0;
    %load/vec4 v0x61d6fb00cbc0_0;
    %parti/s 3, 12, 5;
    %pushi/vec4 1, 0, 3;
    %cmp/e;
    %flag_get/vec4 4;
    %and;
    %assign/vec4 v0x61d6fb00ef00_0, 0;
    %load/vec4 v0x61d6fb011380_0;
    %load/vec4 v0x61d6fb00cbc0_0;
    %parti/s 3, 12, 5;
    %pushi/vec4 4, 0, 3;
    %cmp/e;
    %flag_get/vec4 4;
    %and;
    %assign/vec4 v0x61d6fb00ed80_0, 0;
    %load/vec4 v0x61d6fb011380_0;
    %load/vec4 v0x61d6fb00cbc0_0;
    %parti/s 3, 12, 5;
    %pushi/vec4 5, 0, 3;
    %cmp/e;
    %flag_get/vec4 4;
    %and;
    %assign/vec4 v0x61d6fb00ec00_0, 0;
    %load/vec4 v0x61d6fb011380_0;
    %load/vec4 v0x61d6fb00cbc0_0;
    %parti/s 3, 12, 5;
    %pushi/vec4 6, 0, 3;
    %cmp/e;
    %flag_get/vec4 4;
    %and;
    %assign/vec4 v0x61d6fb00ee40_0, 0;
    %load/vec4 v0x61d6fb011380_0;
    %load/vec4 v0x61d6fb00cbc0_0;
    %parti/s 3, 12, 5;
    %pushi/vec4 7, 0, 3;
    %cmp/e;
    %flag_get/vec4 4;
    %and;
    %assign/vec4 v0x61d6fb00ecc0_0, 0;
    %load/vec4 v0x61d6fb0115c0_0;
    %load/vec4 v0x61d6fb00cbc0_0;
    %parti/s 3, 12, 5;
    %pushi/vec4 0, 0, 3;
    %cmp/e;
    %flag_get/vec4 4;
    %and;
    %assign/vec4 v0x61d6fb00f380_0, 0;
    %load/vec4 v0x61d6fb0115c0_0;
    %load/vec4 v0x61d6fb00cbc0_0;
    %parti/s 3, 12, 5;
    %pushi/vec4 1, 0, 3;
    %cmp/e;
    %flag_get/vec4 4;
    %and;
    %assign/vec4 v0x61d6fb00f500_0, 0;
    %load/vec4 v0x61d6fb0115c0_0;
    %load/vec4 v0x61d6fb00cbc0_0;
    %parti/s 3, 12, 5;
    %pushi/vec4 2, 0, 3;
    %cmp/e;
    %flag_get/vec4 4;
    %and;
    %assign/vec4 v0x61d6fb00f740_0, 0;
    %load/vec4 v0x61d6fb0115c0_0;
    %load/vec4 v0x61d6fb00cbc0_0;
    %parti/s 3, 12, 5;
    %pushi/vec4 4, 0, 3;
    %cmp/e;
    %flag_get/vec4 4;
    %and;
    %assign/vec4 v0x61d6fb00f440_0, 0;
    %load/vec4 v0x61d6fb0115c0_0;
    %load/vec4 v0x61d6fb00cbc0_0;
    %parti/s 3, 12, 5;
    %pushi/vec4 5, 0, 3;
    %cmp/e;
    %flag_get/vec4 4;
    %and;
    %assign/vec4 v0x61d6fb00f5c0_0, 0;
    %load/vec4 v0x61d6fb011980_0;
    %load/vec4 v0x61d6fb00cbc0_0;
    %parti/s 3, 12, 5;
    %pushi/vec4 0, 0, 3;
    %cmp/e;
    %flag_get/vec4 4;
    %and;
    %assign/vec4 v0x61d6fb00fe00_0, 0;
    %load/vec4 v0x61d6fb011980_0;
    %load/vec4 v0x61d6fb00cbc0_0;
    %parti/s 3, 12, 5;
    %pushi/vec4 1, 0, 3;
    %cmp/e;
    %flag_get/vec4 4;
    %and;
    %assign/vec4 v0x61d6fb00ff80_0, 0;
    %load/vec4 v0x61d6fb011980_0;
    %load/vec4 v0x61d6fb00cbc0_0;
    %parti/s 3, 12, 5;
    %pushi/vec4 2, 0, 3;
    %cmp/e;
    %flag_get/vec4 4;
    %and;
    %assign/vec4 v0x61d6fb010880_0, 0;
    %load/vec4 v0x61d6fb011200_0;
    %load/vec4 v0x61d6fb00cbc0_0;
    %parti/s 3, 12, 5;
    %pushi/vec4 0, 0, 3;
    %cmp/e;
    %flag_get/vec4 4;
    %and;
    %assign/vec4 v0x61d6fb00e840_0, 0;
    %load/vec4 v0x61d6fb011200_0;
    %load/vec4 v0x61d6fb00cbc0_0;
    %parti/s 3, 12, 5;
    %pushi/vec4 2, 0, 3;
    %cmp/e;
    %flag_get/vec4 4;
    %and;
    %assign/vec4 v0x61d6fb010280_0, 0;
    %load/vec4 v0x61d6fb011200_0;
    %load/vec4 v0x61d6fb00cbc0_0;
    %parti/s 3, 12, 5;
    %pushi/vec4 3, 0, 3;
    %cmp/e;
    %flag_get/vec4 4;
    %and;
    %assign/vec4 v0x61d6fb010340_0, 0;
    %load/vec4 v0x61d6fb011200_0;
    %load/vec4 v0x61d6fb00cbc0_0;
    %parti/s 3, 12, 5;
    %pushi/vec4 4, 0, 3;
    %cmp/e;
    %flag_get/vec4 4;
    %and;
    %assign/vec4 v0x61d6fb010c40_0, 0;
    %load/vec4 v0x61d6fb011200_0;
    %load/vec4 v0x61d6fb00cbc0_0;
    %parti/s 3, 12, 5;
    %pushi/vec4 6, 0, 3;
    %cmp/e;
    %flag_get/vec4 4;
    %and;
    %assign/vec4 v0x61d6fb00f980_0, 0;
    %load/vec4 v0x61d6fb011200_0;
    %load/vec4 v0x61d6fb00cbc0_0;
    %parti/s 3, 12, 5;
    %pushi/vec4 7, 0, 3;
    %cmp/e;
    %flag_get/vec4 4;
    %and;
    %assign/vec4 v0x61d6fb00e9c0_0, 0;
    %load/vec4 v0x61d6fb011200_0;
    %load/vec4 v0x61d6fb00cbc0_0;
    %parti/s 3, 12, 5;
    %pushi/vec4 1, 0, 3;
    %cmp/e;
    %flag_get/vec4 4;
    %and;
    %load/vec4 v0x61d6fb00cbc0_0;
    %parti/s 7, 25, 6;
    %pushi/vec4 0, 0, 7;
    %cmp/e;
    %flag_get/vec4 4;
    %and;
    %assign/vec4 v0x61d6fb010100_0, 0;
    %load/vec4 v0x61d6fb011200_0;
    %load/vec4 v0x61d6fb00cbc0_0;
    %parti/s 3, 12, 5;
    %pushi/vec4 5, 0, 3;
    %cmp/e;
    %flag_get/vec4 4;
    %and;
    %load/vec4 v0x61d6fb00cbc0_0;
    %parti/s 7, 25, 6;
    %pushi/vec4 0, 0, 7;
    %cmp/e;
    %flag_get/vec4 4;
    %and;
    %assign/vec4 v0x61d6fb010700_0, 0;
    %load/vec4 v0x61d6fb011200_0;
    %load/vec4 v0x61d6fb00cbc0_0;
    %parti/s 3, 12, 5;
    %pushi/vec4 5, 0, 3;
    %cmp/e;
    %flag_get/vec4 4;
    %and;
    %load/vec4 v0x61d6fb00cbc0_0;
    %parti/s 7, 25, 6;
    %pushi/vec4 32, 0, 7;
    %cmp/e;
    %flag_get/vec4 4;
    %and;
    %assign/vec4 v0x61d6fb010580_0, 0;
    %load/vec4 v0x61d6fb0112c0_0;
    %load/vec4 v0x61d6fb00cbc0_0;
    %parti/s 3, 12, 5;
    %pushi/vec4 0, 0, 3;
    %cmp/e;
    %flag_get/vec4 4;
    %and;
    %load/vec4 v0x61d6fb00cbc0_0;
    %parti/s 7, 25, 6;
    %pushi/vec4 0, 0, 7;
    %cmp/e;
    %flag_get/vec4 4;
    %and;
    %assign/vec4 v0x61d6fb00e780_0, 0;
    %load/vec4 v0x61d6fb0112c0_0;
    %load/vec4 v0x61d6fb00cbc0_0;
    %parti/s 3, 12, 5;
    %pushi/vec4 0, 0, 3;
    %cmp/e;
    %flag_get/vec4 4;
    %and;
    %load/vec4 v0x61d6fb00cbc0_0;
    %parti/s 7, 25, 6;
    %pushi/vec4 32, 0, 7;
    %cmp/e;
    %flag_get/vec4 4;
    %and;
    %assign/vec4 v0x61d6fb0107c0_0, 0;
    %load/vec4 v0x61d6fb0112c0_0;
    %load/vec4 v0x61d6fb00cbc0_0;
    %parti/s 3, 12, 5;
    %pushi/vec4 1, 0, 3;
    %cmp/e;
    %flag_get/vec4 4;
    %and;
    %load/vec4 v0x61d6fb00cbc0_0;
    %parti/s 7, 25, 6;
    %pushi/vec4 0, 0, 7;
    %cmp/e;
    %flag_get/vec4 4;
    %and;
    %assign/vec4 v0x61d6fb010040_0, 0;
    %load/vec4 v0x61d6fb0112c0_0;
    %load/vec4 v0x61d6fb00cbc0_0;
    %parti/s 3, 12, 5;
    %pushi/vec4 2, 0, 3;
    %cmp/e;
    %flag_get/vec4 4;
    %and;
    %load/vec4 v0x61d6fb00cbc0_0;
    %parti/s 7, 25, 6;
    %pushi/vec4 0, 0, 7;
    %cmp/e;
    %flag_get/vec4 4;
    %and;
    %assign/vec4 v0x61d6fb0101c0_0, 0;
    %load/vec4 v0x61d6fb0112c0_0;
    %load/vec4 v0x61d6fb00cbc0_0;
    %parti/s 3, 12, 5;
    %pushi/vec4 3, 0, 3;
    %cmp/e;
    %flag_get/vec4 4;
    %and;
    %load/vec4 v0x61d6fb00cbc0_0;
    %parti/s 7, 25, 6;
    %pushi/vec4 0, 0, 7;
    %cmp/e;
    %flag_get/vec4 4;
    %and;
    %assign/vec4 v0x61d6fb010400_0, 0;
    %load/vec4 v0x61d6fb0112c0_0;
    %load/vec4 v0x61d6fb00cbc0_0;
    %parti/s 3, 12, 5;
    %pushi/vec4 4, 0, 3;
    %cmp/e;
    %flag_get/vec4 4;
    %and;
    %load/vec4 v0x61d6fb00cbc0_0;
    %parti/s 7, 25, 6;
    %pushi/vec4 0, 0, 7;
    %cmp/e;
    %flag_get/vec4 4;
    %and;
    %assign/vec4 v0x61d6fb010b80_0, 0;
    %load/vec4 v0x61d6fb0112c0_0;
    %load/vec4 v0x61d6fb00cbc0_0;
    %parti/s 3, 12, 5;
    %pushi/vec4 5, 0, 3;
    %cmp/e;
    %flag_get/vec4 4;
    %and;
    %load/vec4 v0x61d6fb00cbc0_0;
    %parti/s 7, 25, 6;
    %pushi/vec4 0, 0, 7;
    %cmp/e;
    %flag_get/vec4 4;
    %and;
    %assign/vec4 v0x61d6fb010640_0, 0;
    %load/vec4 v0x61d6fb0112c0_0;
    %load/vec4 v0x61d6fb00cbc0_0;
    %parti/s 3, 12, 5;
    %pushi/vec4 5, 0, 3;
    %cmp/e;
    %flag_get/vec4 4;
    %and;
    %load/vec4 v0x61d6fb00cbc0_0;
    %parti/s 7, 25, 6;
    %pushi/vec4 32, 0, 7;
    %cmp/e;
    %flag_get/vec4 4;
    %and;
    %assign/vec4 v0x61d6fb0104c0_0, 0;
    %load/vec4 v0x61d6fb0112c0_0;
    %load/vec4 v0x61d6fb00cbc0_0;
    %parti/s 3, 12, 5;
    %pushi/vec4 6, 0, 3;
    %cmp/e;
    %flag_get/vec4 4;
    %and;
    %load/vec4 v0x61d6fb00cbc0_0;
    %parti/s 7, 25, 6;
    %pushi/vec4 0, 0, 7;
    %cmp/e;
    %flag_get/vec4 4;
    %and;
    %assign/vec4 v0x61d6fb00f8c0_0, 0;
    %load/vec4 v0x61d6fb0112c0_0;
    %load/vec4 v0x61d6fb00cbc0_0;
    %parti/s 3, 12, 5;
    %pushi/vec4 7, 0, 3;
    %cmp/e;
    %flag_get/vec4 4;
    %and;
    %load/vec4 v0x61d6fb00cbc0_0;
    %parti/s 7, 25, 6;
    %pushi/vec4 0, 0, 7;
    %cmp/e;
    %flag_get/vec4 4;
    %and;
    %assign/vec4 v0x61d6fb00e900_0, 0;
    %load/vec4 v0x61d6fb00cbc0_0;
    %parti/s 7, 0, 2;
    %pushi/vec4 115, 0, 7;
    %cmp/e;
    %flag_get/vec4 4;
    %load/vec4 v0x61d6fb00cbc0_0;
    %parti/s 20, 12, 5;
    %pad/u 32;
    %pushi/vec4 786434, 0, 32;
    %cmp/e;
    %flag_get/vec4 4;
    %and;
    %load/vec4 v0x61d6fb00cbc0_0;
    %parti/s 7, 0, 2;
    %pushi/vec4 115, 0, 7;
    %cmp/e;
    %flag_get/vec4 4;
    %load/vec4 v0x61d6fb00cbc0_0;
    %parti/s 20, 12, 5;
    %pad/u 32;
    %pushi/vec4 786690, 0, 32;
    %cmp/e;
    %flag_get/vec4 4;
    %and;
    %or;
    %pushi/vec4 1, 0, 1;
    %and;
    %assign/vec4 v0x61d6fb00fa40_0, 0;
    %load/vec4 v0x61d6fb00cbc0_0;
    %parti/s 7, 0, 2;
    %pushi/vec4 115, 0, 7;
    %cmp/e;
    %flag_get/vec4 4;
    %load/vec4 v0x61d6fb00cbc0_0;
    %parti/s 20, 12, 5;
    %pad/u 32;
    %pushi/vec4 819202, 0, 32;
    %cmp/e;
    %flag_get/vec4 4;
    %and;
    %load/vec4 v0x61d6fb00cbc0_0;
    %parti/s 7, 0, 2;
    %pushi/vec4 115, 0, 7;
    %cmp/e;
    %flag_get/vec4 4;
    %load/vec4 v0x61d6fb00cbc0_0;
    %parti/s 20, 12, 5;
    %pad/u 32;
    %pushi/vec4 819458, 0, 32;
    %cmp/e;
    %flag_get/vec4 4;
    %and;
    %or;
    %pushi/vec4 1, 0, 1;
    %and;
    %pushi/vec4 1, 0, 1;
    %and;
    %assign/vec4 v0x61d6fb00fb00_0, 0;
    %load/vec4 v0x61d6fb00cbc0_0;
    %parti/s 7, 0, 2;
    %pushi/vec4 115, 0, 7;
    %cmp/e;
    %flag_get/vec4 4;
    %load/vec4 v0x61d6fb00cbc0_0;
    %parti/s 20, 12, 5;
    %pad/u 32;
    %pushi/vec4 786946, 0, 32;
    %cmp/e;
    %flag_get/vec4 4;
    %and;
    %pushi/vec4 1, 0, 1;
    %and;
    %assign/vec4 v0x61d6fb00fbc0_0, 0;
    %load/vec4 v0x61d6fb00cbc0_0;
    %parti/s 7, 0, 2;
    %pushi/vec4 115, 0, 7;
    %cmp/e;
    %flag_get/vec4 4;
    %load/vec4 v0x61d6fb00cbc0_0;
    %parti/s 20, 12, 5;
    %pad/u 32;
    %pushi/vec4 819714, 0, 32;
    %cmp/e;
    %flag_get/vec4 4;
    %and;
    %pushi/vec4 1, 0, 1;
    %and;
    %pushi/vec4 1, 0, 1;
    %and;
    %assign/vec4 v0x61d6fb00fc80_0, 0;
    %load/vec4 v0x61d6fb00cbc0_0;
    %parti/s 7, 0, 2;
    %pushi/vec4 115, 0, 7;
    %cmp/e;
    %flag_get/vec4 4;
    %load/vec4 v0x61d6fb00cbc0_0;
    %parti/s 11, 21, 6;
    %nor/r;
    %and;
    %load/vec4 v0x61d6fb00cbc0_0;
    %parti/s 13, 7, 4;
    %nor/r;
    %and;
    %pushi/vec4 0, 0, 1;
    %load/vec4 v0x61d6fb00cbc0_0;
    %parti/s 16, 0, 2;
    %pushi/vec4 36866, 0, 16;
    %cmp/e;
    %flag_get/vec4 4;
    %and;
    %or;
    %assign/vec4 v0x61d6fb00efc0_0, 0;
    %load/vec4 v0x61d6fb00cbc0_0;
    %parti/s 7, 0, 2;
    %pushi/vec4 15, 0, 7;
    %cmp/e;
    %flag_get/vec4 4;
    %load/vec4 v0x61d6fb00cbc0_0;
    %parti/s 3, 12, 5;
    %nor/r;
    %and;
    %assign/vec4 v0x61d6fb00f080_0, 0;
    %load/vec4 v0x61d6fb00cbc0_0;
    %parti/s 7, 0, 2;
    %pushi/vec4 11, 0, 7;
    %cmp/e;
    %flag_get/vec4 4;
    %load/vec4 v0x61d6fb00cbc0_0;
    %parti/s 7, 25, 6;
    %pushi/vec4 0, 0, 7;
    %cmp/e;
    %flag_get/vec4 4;
    %and;
    %pushi/vec4 0, 0, 1;
    %and;
    %pushi/vec4 1, 0, 1;
    %and;
    %assign/vec4 v0x61d6fb00f140_0, 0;
    %load/vec4 v0x61d6fb00cbc0_0;
    %parti/s 7, 0, 2;
    %pushi/vec4 11, 0, 7;
    %cmp/e;
    %flag_get/vec4 4;
    %load/vec4 v0x61d6fb00cbc0_0;
    %parti/s 7, 25, 6;
    %pushi/vec4 1, 0, 7;
    %cmp/e;
    %flag_get/vec4 4;
    %and;
    %pushi/vec4 0, 0, 1;
    %and;
    %pushi/vec4 1, 0, 1;
    %and;
    %assign/vec4 v0x61d6fb00fec0_0, 0;
    %load/vec4 v0x61d6fb00cbc0_0;
    %parti/s 7, 0, 2;
    %pushi/vec4 11, 0, 7;
    %cmp/e;
    %flag_get/vec4 4;
    %load/vec4 v0x61d6fb00cbc0_0;
    %parti/s 7, 25, 6;
    %pushi/vec4 3, 0, 7;
    %cmp/e;
    %flag_get/vec4 4;
    %and;
    %pushi/vec4 0, 0, 1;
    %and;
    %assign/vec4 v0x61d6fb00f800_0, 0;
    %load/vec4 v0x61d6fb00cbc0_0;
    %parti/s 7, 0, 2;
    %pushi/vec4 11, 0, 7;
    %cmp/e;
    %flag_get/vec4 4;
    %load/vec4 v0x61d6fb00cbc0_0;
    %parti/s 7, 25, 6;
    %pushi/vec4 5, 0, 7;
    %cmp/e;
    %flag_get/vec4 4;
    %and;
    %pushi/vec4 0, 0, 1;
    %and;
    %pushi/vec4 1, 0, 1;
    %and;
    %assign/vec4 v0x61d6fb010940_0, 0;
    %load/vec4 v0x61d6fb011200_0;
    %load/vec4 v0x61d6fb00cbc0_0;
    %parti/s 3, 12, 5;
    %pushi/vec4 1, 0, 3;
    %cmp/e;
    %flag_get/vec4 4;
    %load/vec4 v0x61d6fb00cbc0_0;
    %parti/s 7, 25, 6;
    %pushi/vec4 0, 0, 7;
    %cmp/e;
    %flag_get/vec4 4;
    %and;
    %load/vec4 v0x61d6fb00cbc0_0;
    %parti/s 3, 12, 5;
    %pushi/vec4 5, 0, 3;
    %cmp/e;
    %flag_get/vec4 4;
    %load/vec4 v0x61d6fb00cbc0_0;
    %parti/s 7, 25, 6;
    %pushi/vec4 0, 0, 7;
    %cmp/e;
    %flag_get/vec4 4;
    %and;
    %concat/vec4; draw_concat_vec4
    %load/vec4 v0x61d6fb00cbc0_0;
    %parti/s 3, 12, 5;
    %pushi/vec4 5, 0, 3;
    %cmp/e;
    %flag_get/vec4 4;
    %load/vec4 v0x61d6fb00cbc0_0;
    %parti/s 7, 25, 6;
    %pushi/vec4 32, 0, 7;
    %cmp/e;
    %flag_get/vec4 4;
    %and;
    %concat/vec4; draw_concat_vec4
    %or/r;
    %and;
    %assign/vec4 v0x61d6fb011b00_0, 0;
    %load/vec4 v0x61d6fb00f2c0_0;
    %load/vec4 v0x61d6fb011200_0;
    %load/vec4 v0x61d6fb00cbc0_0;
    %parti/s 3, 12, 5;
    %pushi/vec4 0, 0, 3;
    %cmp/e;
    %flag_get/vec4 4;
    %load/vec4 v0x61d6fb00cbc0_0;
    %parti/s 3, 12, 5;
    %pushi/vec4 2, 0, 3;
    %cmp/e;
    %flag_get/vec4 4;
    %concat/vec4; draw_concat_vec4
    %load/vec4 v0x61d6fb00cbc0_0;
    %parti/s 3, 12, 5;
    %pushi/vec4 3, 0, 3;
    %cmp/e;
    %flag_get/vec4 4;
    %concat/vec4; draw_concat_vec4
    %load/vec4 v0x61d6fb00cbc0_0;
    %parti/s 3, 12, 5;
    %pushi/vec4 4, 0, 3;
    %cmp/e;
    %flag_get/vec4 4;
    %concat/vec4; draw_concat_vec4
    %load/vec4 v0x61d6fb00cbc0_0;
    %parti/s 3, 12, 5;
    %pushi/vec4 6, 0, 3;
    %cmp/e;
    %flag_get/vec4 4;
    %concat/vec4; draw_concat_vec4
    %load/vec4 v0x61d6fb00cbc0_0;
    %parti/s 3, 12, 5;
    %pushi/vec4 7, 0, 3;
    %cmp/e;
    %flag_get/vec4 4;
    %concat/vec4; draw_concat_vec4
    %or/r;
    %and;
    %or;
    %assign/vec4 v0x61d6fb011500_0, 0;
    %load/vec4 v0x61d6fb0112c0_0;
    %load/vec4 v0x61d6fb00cbc0_0;
    %parti/s 3, 12, 5;
    %pushi/vec4 1, 0, 3;
    %cmp/e;
    %flag_get/vec4 4;
    %load/vec4 v0x61d6fb00cbc0_0;
    %parti/s 7, 25, 6;
    %pushi/vec4 0, 0, 7;
    %cmp/e;
    %flag_get/vec4 4;
    %and;
    %load/vec4 v0x61d6fb00cbc0_0;
    %parti/s 3, 12, 5;
    %pushi/vec4 5, 0, 3;
    %cmp/e;
    %flag_get/vec4 4;
    %load/vec4 v0x61d6fb00cbc0_0;
    %parti/s 7, 25, 6;
    %pushi/vec4 0, 0, 7;
    %cmp/e;
    %flag_get/vec4 4;
    %and;
    %concat/vec4; draw_concat_vec4
    %load/vec4 v0x61d6fb00cbc0_0;
    %parti/s 3, 12, 5;
    %pushi/vec4 5, 0, 3;
    %cmp/e;
    %flag_get/vec4 4;
    %load/vec4 v0x61d6fb00cbc0_0;
    %parti/s 7, 25, 6;
    %pushi/vec4 32, 0, 7;
    %cmp/e;
    %flag_get/vec4 4;
    %and;
    %concat/vec4; draw_concat_vec4
    %or/r;
    %and;
    %assign/vec4 v0x61d6fb011a40_0, 0;
    %pushi/vec4 0, 0, 1;
    %assign/vec4 v0x61d6fb011800_0, 0;
    %pushi/vec4 0, 0, 1;
    %assign/vec4 v0x61d6fb011440_0, 0;
    %pushi/vec4 1, 0, 1;
    %dup/vec4;
    %load/vec4 v0x61d6fb00f200_0;
    %cmp/u;
    %jmp/1 T_15.54, 6;
    %dup/vec4;
    %load/vec4 v0x61d6fb00f680_0;
    %load/vec4 v0x61d6fb00ea80_0;
    %concat/vec4; draw_concat_vec4
    %or/r;
    %cmp/u;
    %jmp/1 T_15.55, 6;
    %dup/vec4;
    %load/vec4 v0x61d6fb00f2c0_0;
    %load/vec4 v0x61d6fb0115c0_0;
    %concat/vec4; draw_concat_vec4
    %load/vec4 v0x61d6fb011200_0;
    %concat/vec4; draw_concat_vec4
    %or/r;
    %cmp/u;
    %jmp/1 T_15.56, 6;
    %dup/vec4;
    %load/vec4 v0x61d6fb011380_0;
    %cmp/u;
    %jmp/1 T_15.57, 6;
    %dup/vec4;
    %load/vec4 v0x61d6fb011980_0;
    %cmp/u;
    %jmp/1 T_15.58, 6;
    %pushi/vec4 1, 1, 32;
    %assign/vec4 v0x61d6fb00dda0_0, 0;
    %jmp T_15.60;
T_15.54 ;
    %load/vec4 v0x61d6fb00de80_0;
    %assign/vec4 v0x61d6fb00dda0_0, 0;
    %jmp T_15.60;
T_15.55 ;
    %load/vec4 v0x61d6fb00cbc0_0;
    %parti/s 20, 12, 5;
    %pad/u 32;
    %ix/load 4, 12, 0;
    %flag_set/imm 4, 0;
    %shiftl 4;
    %assign/vec4 v0x61d6fb00dda0_0, 0;
    %jmp T_15.60;
T_15.56 ;
    %load/vec4 v0x61d6fb00cbc0_0;
    %parti/s 12, 20, 6;
    %pad/s 32;
    %assign/vec4 v0x61d6fb00dda0_0, 0;
    %jmp T_15.60;
T_15.57 ;
    %load/vec4 v0x61d6fb00cbc0_0;
    %parti/s 1, 31, 6;
    %load/vec4 v0x61d6fb00cbc0_0;
    %parti/s 1, 7, 4;
    %concat/vec4; draw_concat_vec4
    %load/vec4 v0x61d6fb00cbc0_0;
    %parti/s 6, 25, 6;
    %concat/vec4; draw_concat_vec4
    %load/vec4 v0x61d6fb00cbc0_0;
    %parti/s 4, 8, 5;
    %concat/vec4; draw_concat_vec4
    %concati/vec4 0, 0, 1;
    %pad/s 32;
    %assign/vec4 v0x61d6fb00dda0_0, 0;
    %jmp T_15.60;
T_15.58 ;
    %load/vec4 v0x61d6fb00cbc0_0;
    %parti/s 7, 25, 6;
    %load/vec4 v0x61d6fb00cbc0_0;
    %parti/s 5, 7, 4;
    %concat/vec4; draw_concat_vec4
    %pad/s 32;
    %assign/vec4 v0x61d6fb00dda0_0, 0;
    %jmp T_15.60;
T_15.60 ;
    %pop/vec4 1;
T_15.52 ;
    %load/vec4 v0x61d6fb016590_0;
    %nor/r;
    %flag_set/vec4 8;
    %jmp/0xz  T_15.61, 8;
    %pushi/vec4 0, 0, 1;
    %assign/vec4 v0x61d6fb011380_0, 0;
    %pushi/vec4 0, 0, 1;
    %assign/vec4 v0x61d6fb011440_0, 0;
    %pushi/vec4 0, 0, 1;
    %assign/vec4 v0x61d6fb00eb40_0, 0;
    %pushi/vec4 0, 0, 1;
    %assign/vec4 v0x61d6fb00ef00_0, 0;
    %pushi/vec4 0, 0, 1;
    %assign/vec4 v0x61d6fb00ed80_0, 0;
    %pushi/vec4 0, 0, 1;
    %assign/vec4 v0x61d6fb00ec00_0, 0;
    %pushi/vec4 0, 0, 1;
    %assign/vec4 v0x61d6fb00ee40_0, 0;
    %pushi/vec4 0, 0, 1;
    %assign/vec4 v0x61d6fb00ecc0_0, 0;
    %pushi/vec4 0, 0, 1;
    %assign/vec4 v0x61d6fb00e840_0, 0;
    %pushi/vec4 0, 0, 1;
    %assign/vec4 v0x61d6fb010280_0, 0;
    %pushi/vec4 0, 0, 1;
    %assign/vec4 v0x61d6fb010340_0, 0;
    %pushi/vec4 0, 0, 1;
    %assign/vec4 v0x61d6fb010c40_0, 0;
    %pushi/vec4 0, 0, 1;
    %assign/vec4 v0x61d6fb00f980_0, 0;
    %pushi/vec4 0, 0, 1;
    %assign/vec4 v0x61d6fb00e9c0_0, 0;
    %pushi/vec4 0, 0, 1;
    %assign/vec4 v0x61d6fb00e780_0, 0;
    %pushi/vec4 0, 0, 1;
    %assign/vec4 v0x61d6fb0107c0_0, 0;
    %pushi/vec4 0, 0, 1;
    %assign/vec4 v0x61d6fb010040_0, 0;
    %pushi/vec4 0, 0, 1;
    %assign/vec4 v0x61d6fb0101c0_0, 0;
    %pushi/vec4 0, 0, 1;
    %assign/vec4 v0x61d6fb010400_0, 0;
    %pushi/vec4 0, 0, 1;
    %assign/vec4 v0x61d6fb010b80_0, 0;
    %pushi/vec4 0, 0, 1;
    %assign/vec4 v0x61d6fb010640_0, 0;
    %pushi/vec4 0, 0, 1;
    %assign/vec4 v0x61d6fb0104c0_0, 0;
    %pushi/vec4 0, 0, 1;
    %assign/vec4 v0x61d6fb00f8c0_0, 0;
    %pushi/vec4 0, 0, 1;
    %assign/vec4 v0x61d6fb00e900_0, 0;
    %pushi/vec4 0, 0, 1;
    %assign/vec4 v0x61d6fb00f080_0, 0;
T_15.61 ;
    %jmp T_15;
    .thread T_15;
    .scope S_0x61d6faf6f5a0;
T_16 ;
    %wait E_0x61d6fafff480;
    %pushi/vec4 0, 0, 32; draw_string_vec4
    %pushi/vec4 0, 0, 32; draw_string_vec4
    %concat/vec4; draw_string_vec4
    %pushi/vec4 0, 0, 32; draw_string_vec4
    %concat/vec4; draw_string_vec4
    %pushi/vec4 0, 0, 32; draw_string_vec4
    %concat/vec4; draw_string_vec4
    %store/vec4 v0x61d6fb00c4f0_0, 0, 128;
    %load/vec4 v0x61d6fb00ba30_0;
    %cmpi/e 128, 0, 8;
    %jmp/0xz  T_16.0, 4;
    %pushi/vec4 0, 0, 32; draw_string_vec4
    %pushi/vec4 0, 0, 32; draw_string_vec4
    %concat/vec4; draw_string_vec4
    %pushi/vec4 0, 0, 32; draw_string_vec4
    %concat/vec4; draw_string_vec4
    %pushi/vec4 1953653104, 0, 32; draw_string_vec4
    %concat/vec4; draw_string_vec4
    %store/vec4 v0x61d6fb00c4f0_0, 0, 128;
T_16.0 ;
    %load/vec4 v0x61d6fb00ba30_0;
    %cmpi/e 64, 0, 8;
    %jmp/0xz  T_16.2, 4;
    %pushi/vec4 0, 0, 32; draw_string_vec4
    %pushi/vec4 0, 0, 32; draw_string_vec4
    %concat/vec4; draw_string_vec4
    %pushi/vec4 102, 0, 32; draw_string_vec4
    %concat/vec4; draw_string_vec4
    %pushi/vec4 1702126440, 0, 32; draw_string_vec4
    %concat/vec4; draw_string_vec4
    %store/vec4 v0x61d6fb00c4f0_0, 0, 128;
T_16.2 ;
    %load/vec4 v0x61d6fb00ba30_0;
    %cmpi/e 32, 0, 8;
    %jmp/0xz  T_16.4, 4;
    %pushi/vec4 0, 0, 32; draw_string_vec4
    %pushi/vec4 0, 0, 32; draw_string_vec4
    %concat/vec4; draw_string_vec4
    %pushi/vec4 27748, 0, 32; draw_string_vec4
    %concat/vec4; draw_string_vec4
    %pushi/vec4 1601336113, 0, 32; draw_string_vec4
    %concat/vec4; draw_string_vec4
    %store/vec4 v0x61d6fb00c4f0_0, 0, 128;
T_16.4 ;
    %load/vec4 v0x61d6fb00ba30_0;
    %cmpi/e 16, 0, 8;
    %jmp/0xz  T_16.6, 4;
    %pushi/vec4 0, 0, 32; draw_string_vec4
    %pushi/vec4 0, 0, 32; draw_string_vec4
    %concat/vec4; draw_string_vec4
    %pushi/vec4 27748, 0, 32; draw_string_vec4
    %concat/vec4; draw_string_vec4
    %pushi/vec4 1601336114, 0, 32; draw_string_vec4
    %concat/vec4; draw_string_vec4
    %store/vec4 v0x61d6fb00c4f0_0, 0, 128;
T_16.6 ;
    %load/vec4 v0x61d6fb00ba30_0;
    %cmpi/e 8, 0, 8;
    %jmp/0xz  T_16.8, 4;
    %pushi/vec4 0, 0, 32; draw_string_vec4
    %pushi/vec4 0, 0, 32; draw_string_vec4
    %concat/vec4; draw_string_vec4
    %pushi/vec4 0, 0, 32; draw_string_vec4
    %concat/vec4; draw_string_vec4
    %pushi/vec4 1702389091, 0, 32; draw_string_vec4
    %concat/vec4; draw_string_vec4
    %store/vec4 v0x61d6fb00c4f0_0, 0, 128;
T_16.8 ;
    %load/vec4 v0x61d6fb00ba30_0;
    %cmpi/e 4, 0, 8;
    %jmp/0xz  T_16.10, 4;
    %pushi/vec4 0, 0, 32; draw_string_vec4
    %pushi/vec4 0, 0, 32; draw_string_vec4
    %concat/vec4; draw_string_vec4
    %pushi/vec4 115, 0, 32; draw_string_vec4
    %concat/vec4; draw_string_vec4
    %pushi/vec4 1751737972, 0, 32; draw_string_vec4
    %concat/vec4; draw_string_vec4
    %store/vec4 v0x61d6fb00c4f0_0, 0, 128;
T_16.10 ;
    %load/vec4 v0x61d6fb00ba30_0;
    %cmpi/e 2, 0, 8;
    %jmp/0xz  T_16.12, 4;
    %pushi/vec4 0, 0, 32; draw_string_vec4
    %pushi/vec4 0, 0, 32; draw_string_vec4
    %concat/vec4; draw_string_vec4
    %pushi/vec4 115, 0, 32; draw_string_vec4
    %concat/vec4; draw_string_vec4
    %pushi/vec4 1953326445, 0, 32; draw_string_vec4
    %concat/vec4; draw_string_vec4
    %store/vec4 v0x61d6fb00c4f0_0, 0, 128;
T_16.12 ;
    %load/vec4 v0x61d6fb00ba30_0;
    %cmpi/e 1, 0, 8;
    %jmp/0xz  T_16.14, 4;
    %pushi/vec4 0, 0, 32; draw_string_vec4
    %pushi/vec4 0, 0, 32; draw_string_vec4
    %concat/vec4; draw_string_vec4
    %pushi/vec4 108, 0, 32; draw_string_vec4
    %concat/vec4; draw_string_vec4
    %pushi/vec4 1684890989, 0, 32; draw_string_vec4
    %concat/vec4; draw_string_vec4
    %store/vec4 v0x61d6fb00c4f0_0, 0, 128;
T_16.14 ;
    %jmp T_16;
    .thread T_16, $push;
    .scope S_0x61d6faf6f5a0;
T_17 ;
    %wait E_0x61d6fac3cd10;
    %pushi/vec4 1, 1, 1;
    %store/vec4 v0x61d6fb00aad0_0, 0, 1;
    %pushi/vec4 1, 0, 1;
    %dup/vec4;
    %load/vec4 v0x61d6fb00eb40_0;
    %cmp/u;
    %jmp/1 T_17.0, 6;
    %dup/vec4;
    %load/vec4 v0x61d6fb00ef00_0;
    %cmp/u;
    %jmp/1 T_17.1, 6;
    %dup/vec4;
    %load/vec4 v0x61d6fb00ec00_0;
    %cmp/u;
    %jmp/1 T_17.2, 6;
    %dup/vec4;
    %load/vec4 v0x61d6fb00ecc0_0;
    %cmp/u;
    %jmp/1 T_17.3, 6;
    %dup/vec4;
    %load/vec4 v0x61d6fb011bc0_0;
    %pushi/vec4 1, 0, 1;
    %load/vec4 v0x61d6fb00eb40_0;
    %load/vec4 v0x61d6fb00ef00_0;
    %concat/vec4; draw_concat_vec4
    %load/vec4 v0x61d6fb00ec00_0;
    %concat/vec4; draw_concat_vec4
    %load/vec4 v0x61d6fb00ecc0_0;
    %concat/vec4; draw_concat_vec4
    %nor/r;
    %or;
    %and;
    %cmp/u;
    %jmp/1 T_17.4, 6;
    %dup/vec4;
    %load/vec4 v0x61d6fb011c80_0;
    %pushi/vec4 1, 0, 1;
    %load/vec4 v0x61d6fb00eb40_0;
    %load/vec4 v0x61d6fb00ef00_0;
    %concat/vec4; draw_concat_vec4
    %load/vec4 v0x61d6fb00ec00_0;
    %concat/vec4; draw_concat_vec4
    %load/vec4 v0x61d6fb00ecc0_0;
    %concat/vec4; draw_concat_vec4
    %nor/r;
    %or;
    %and;
    %cmp/u;
    %jmp/1 T_17.5, 6;
    %jmp T_17.6;
T_17.0 ;
    %load/vec4 v0x61d6fb00a7b0_0;
    %store/vec4 v0x61d6fb00aad0_0, 0, 1;
    %jmp T_17.6;
T_17.1 ;
    %load/vec4 v0x61d6fb00a7b0_0;
    %nor/r;
    %store/vec4 v0x61d6fb00aad0_0, 0, 1;
    %jmp T_17.6;
T_17.2 ;
    %load/vec4 v0x61d6fb00a870_0;
    %nor/r;
    %store/vec4 v0x61d6fb00aad0_0, 0, 1;
    %jmp T_17.6;
T_17.3 ;
    %load/vec4 v0x61d6fb00a930_0;
    %nor/r;
    %store/vec4 v0x61d6fb00aad0_0, 0, 1;
    %jmp T_17.6;
T_17.4 ;
    %load/vec4 v0x61d6fb00a870_0;
    %store/vec4 v0x61d6fb00aad0_0, 0, 1;
    %jmp T_17.6;
T_17.5 ;
    %load/vec4 v0x61d6fb00a930_0;
    %store/vec4 v0x61d6fb00aad0_0, 0, 1;
    %jmp T_17.6;
T_17.6 ;
    %pop/vec4 1;
    %pushi/vec4 4294967295, 4294967295, 32;
    %store/vec4 v0x61d6fb00a9f0_0, 0, 32;
    %pushi/vec4 1, 0, 1;
    %dup/vec4;
    %load/vec4 v0x61d6fb011800_0;
    %cmp/u;
    %jmp/1 T_17.7, 6;
    %dup/vec4;
    %load/vec4 v0x61d6fb011440_0;
    %cmp/u;
    %jmp/1 T_17.8, 6;
    %dup/vec4;
    %load/vec4 v0x61d6fb010c40_0;
    %load/vec4 v0x61d6fb010b80_0;
    %or;
    %cmp/u;
    %jmp/1 T_17.9, 6;
    %dup/vec4;
    %load/vec4 v0x61d6fb00f980_0;
    %load/vec4 v0x61d6fb00f8c0_0;
    %or;
    %cmp/u;
    %jmp/1 T_17.10, 6;
    %dup/vec4;
    %load/vec4 v0x61d6fb00e9c0_0;
    %load/vec4 v0x61d6fb00e900_0;
    %or;
    %cmp/u;
    %jmp/1 T_17.11, 6;
    %dup/vec4;
    %pushi/vec4 0, 0, 1;
    %load/vec4 v0x61d6fb010040_0;
    %load/vec4 v0x61d6fb010100_0;
    %or;
    %and;
    %cmp/u;
    %jmp/1 T_17.12, 6;
    %dup/vec4;
    %pushi/vec4 0, 0, 1;
    %load/vec4 v0x61d6fb010640_0;
    %load/vec4 v0x61d6fb010700_0;
    %or;
    %load/vec4 v0x61d6fb0104c0_0;
    %or;
    %load/vec4 v0x61d6fb010580_0;
    %or;
    %and;
    %cmp/u;
    %jmp/1 T_17.13, 6;
    %jmp T_17.14;
T_17.7 ;
    %load/vec4 v0x61d6fb00a6d0_0;
    %store/vec4 v0x61d6fb00a9f0_0, 0, 32;
    %jmp T_17.14;
T_17.8 ;
    %load/vec4 v0x61d6fb00aad0_0;
    %pad/u 32;
    %store/vec4 v0x61d6fb00a9f0_0, 0, 32;
    %jmp T_17.14;
T_17.9 ;
    %load/vec4 v0x61d6fb016130_0;
    %load/vec4 v0x61d6fb016210_0;
    %xor;
    %store/vec4 v0x61d6fb00a9f0_0, 0, 32;
    %jmp T_17.14;
T_17.10 ;
    %load/vec4 v0x61d6fb016130_0;
    %load/vec4 v0x61d6fb016210_0;
    %or;
    %store/vec4 v0x61d6fb00a9f0_0, 0, 32;
    %jmp T_17.14;
T_17.11 ;
    %load/vec4 v0x61d6fb016130_0;
    %load/vec4 v0x61d6fb016210_0;
    %and;
    %store/vec4 v0x61d6fb00a9f0_0, 0, 32;
    %jmp T_17.14;
T_17.12 ;
    %load/vec4 v0x61d6fb00ad30_0;
    %store/vec4 v0x61d6fb00a9f0_0, 0, 32;
    %jmp T_17.14;
T_17.13 ;
    %load/vec4 v0x61d6fb00ae10_0;
    %store/vec4 v0x61d6fb00a9f0_0, 0, 32;
    %jmp T_17.14;
T_17.14 ;
    %pop/vec4 1;
    %jmp T_17;
    .thread T_17, $push;
    .scope S_0x61d6faf6f5a0;
T_18 ;
    %wait E_0x61d6fac59960;
    %load/vec4 v0x61d6fb00b5b0_0;
    %assign/vec4 v0x61d6fb00b670_0, 0;
    %jmp T_18;
    .thread T_18;
    .scope S_0x61d6faf6f5a0;
T_19 ;
    %wait E_0x61d6fac58900;
    %load/vec4 v0x61d6fb00b670_0;
    %store/vec4 v0x61d6fb00b5b0_0, 0, 1;
    %load/vec4 v0x61d6fb015a50_0;
    %nor/r;
    %flag_set/vec4 8;
    %jmp/0xz  T_19.0, 8;
    %pushi/vec4 0, 0, 1;
    %store/vec4 v0x61d6fb00b5b0_0, 0, 1;
T_19.0 ;
    %load/vec4 v0x61d6fb011e00_0;
    %flag_set/vec4 8;
    %load/vec4 v0x61d6fb011120_0;
    %cmpi/ne 0, 0, 2;
    %flag_or 4, 8;
    %flag_mov 8, 4;
    %load/vec4 v0x61d6fb016590_0;
    %nor/r;
    %flag_set/vec4 9;
    %flag_or 9, 8;
    %jmp/0xz  T_19.2, 9;
    %pushi/vec4 0, 0, 1;
    %store/vec4 v0x61d6fb00b5b0_0, 0, 1;
T_19.2 ;
    %jmp T_19;
    .thread T_19, $push;
    .scope S_0x61d6faf6f5a0;
T_20 ;
    %wait E_0x61d6fac594b0;
    %pushi/vec4 0, 0, 1;
    %store/vec4 v0x61d6fb00c270_0, 0, 1;
    %pushi/vec4 4294967295, 4294967295, 32;
    %store/vec4 v0x61d6fb00c190_0, 0, 32;
    %load/vec4 v0x61d6fb00ba30_0;
    %cmpi/e 64, 0, 8;
    %jmp/0xz  T_20.0, 4;
    %pushi/vec4 1, 0, 1;
    %dup/vec4;
    %load/vec4 v0x61d6fb011e00_0;
    %cmp/u;
    %jmp/1 T_20.2, 6;
    %dup/vec4;
    %load/vec4 v0x61d6fb012360_0;
    %load/vec4 v0x61d6fb011e00_0;
    %nor/r;
    %and;
    %cmp/u;
    %jmp/1 T_20.3, 6;
    %dup/vec4;
    %pushi/vec4 0, 0, 1;
    %load/vec4 v0x61d6fb011120_0;
    %parti/s 1, 0, 2;
    %and;
    %cmp/u;
    %jmp/1 T_20.4, 6;
    %dup/vec4;
    %pushi/vec4 0, 0, 1;
    %load/vec4 v0x61d6fb011120_0;
    %parti/s 1, 1, 2;
    %and;
    %cmp/u;
    %jmp/1 T_20.5, 6;
    %jmp T_20.6;
T_20.2 ;
    %load/vec4 v0x61d6fb0163d0_0;
    %load/vec4 v0x61d6fb011ec0_0;
    %flag_set/vec4 8;
    %jmp/0 T_20.7, 8;
    %pushi/vec4 2, 0, 32;
    %jmp/1 T_20.8, 8;
T_20.7 ; End of true expr.
    %pushi/vec4 4, 0, 32;
    %jmp/0 T_20.8, 8;
 ; End of false expr.
    %blend;
T_20.8;
    %add;
    %store/vec4 v0x61d6fb00c190_0, 0, 32;
    %pushi/vec4 1, 0, 1;
    %store/vec4 v0x61d6fb00c270_0, 0, 1;
    %jmp T_20.6;
T_20.3 ;
    %load/vec4 v0x61d6fb0122a0_0;
    %flag_set/vec4 8;
    %jmp/0 T_20.9, 8;
    %load/vec4 v0x61d6fb00ac50_0;
    %jmp/1 T_20.10, 8;
T_20.9 ; End of true expr.
    %load/vec4 v0x61d6fb0162f0_0;
    %jmp/0 T_20.10, 8;
 ; End of false expr.
    %blend;
T_20.10;
    %store/vec4 v0x61d6fb00c190_0, 0, 32;
    %pushi/vec4 1, 0, 1;
    %store/vec4 v0x61d6fb00c270_0, 0, 1;
    %jmp T_20.6;
T_20.4 ;
    %load/vec4 v0x61d6fb016050_0;
    %load/vec4 v0x61d6fb011ec0_0;
    %pad/u 32;
    %or;
    %store/vec4 v0x61d6fb00c190_0, 0, 32;
    %pushi/vec4 1, 0, 1;
    %store/vec4 v0x61d6fb00c270_0, 0, 1;
    %jmp T_20.6;
T_20.5 ;
    %load/vec4 v0x61d6fb011040_0;
    %load/vec4 v0x61d6fb010f60_0;
    %inv;
    %and;
    %store/vec4 v0x61d6fb00c190_0, 0, 32;
    %pushi/vec4 1, 0, 1;
    %store/vec4 v0x61d6fb00c270_0, 0, 1;
    %jmp T_20.6;
T_20.6 ;
    %pop/vec4 1;
T_20.0 ;
    %jmp T_20;
    .thread T_20, $push;
    .scope S_0x61d6faf6f5a0;
T_21 ;
    %wait E_0x61d6fac59960;
    %load/vec4 v0x61d6fb016590_0;
    %load/vec4 v0x61d6fb00c270_0;
    %and;
    %load/vec4 v0x61d6fb0121c0_0;
    %pushi/vec4 0, 0, 5;
    %cmp/ne;
    %flag_get/vec4 4;
    %and;
    %flag_set/vec4 8;
    %jmp/0xz  T_21.0, 8;
    %load/vec4 v0x61d6fb00c190_0;
    %load/vec4 v0x61d6fb0121c0_0;
    %pad/u 7;
    %ix/vec4 3;
    %ix/load 4, 0, 0; Constant delay
    %assign/vec4/a/d v0x61d6fb00bb10, 0, 4;
T_21.0 ;
    %jmp T_21;
    .thread T_21;
    .scope S_0x61d6faf6f5a0;
T_22 ;
    %wait E_0x61d6fac591f0;
    %pushi/vec4 31, 31, 5;
    %store/vec4 v0x61d6fb00e040_0, 0, 5;
    %load/vec4 v0x61d6fb00e120_0;
    %cmpi/ne 0, 0, 5;
    %flag_mov 8, 4;
    %jmp/0 T_22.0, 8;
    %load/vec4 v0x61d6fb00e120_0;
    %pad/u 7;
    %ix/vec4 4;
    %load/vec4a v0x61d6fb00bb10, 4;
    %jmp/1 T_22.1, 8;
T_22.0 ; End of true expr.
    %pushi/vec4 0, 0, 32;
    %jmp/0 T_22.1, 8;
 ; End of false expr.
    %blend;
T_22.1;
    %store/vec4 v0x61d6fb00bfd0_0, 0, 32;
    %load/vec4 v0x61d6fb00e200_0;
    %cmpi/ne 0, 0, 5;
    %flag_mov 8, 4;
    %jmp/0 T_22.2, 8;
    %load/vec4 v0x61d6fb00e200_0;
    %pad/u 7;
    %ix/vec4 4;
    %load/vec4a v0x61d6fb00bb10, 4;
    %jmp/1 T_22.3, 8;
T_22.2 ; End of true expr.
    %pushi/vec4 0, 0, 32;
    %jmp/0 T_22.3, 8;
 ; End of false expr.
    %blend;
T_22.3;
    %store/vec4 v0x61d6fb00c0b0_0, 0, 32;
    %jmp T_22;
    .thread T_22, $push;
    .scope S_0x61d6faf6f5a0;
T_23 ;
    %wait E_0x61d6fac59960;
    %pushi/vec4 0, 0, 1;
    %assign/vec4 v0x61d6fb016b00_0, 0;
    %pushi/vec4 31, 31, 5;
    %assign/vec4 v0x61d6fb0164b0_0, 0;
    %pushi/vec4 4294967295, 4294967295, 32;
    %assign/vec4 v0x61d6fb0162f0_0, 0;
    %pushi/vec4 0, 0, 1;
    %store/vec4 v0x61d6fb016700_0, 0, 1;
    %pushi/vec4 0, 0, 1;
    %store/vec4 v0x61d6fb016660_0, 0, 1;
    %pushi/vec4 0, 0, 1;
    %store/vec4 v0x61d6fb0167c0_0, 0, 1;
    %load/vec4 v0x61d6fb00aad0_0;
    %assign/vec4 v0x61d6fb00ab90_0, 0;
    %load/vec4 v0x61d6fb00a9f0_0;
    %assign/vec4 v0x61d6fb00ac50_0, 0;
    %pushi/vec4 0, 0, 1;
    %assign/vec4 v0x61d6fb00aef0_0, 0;
    %pushi/vec4 0, 0, 1;
    %assign/vec4 v0x61d6fb00afb0_0, 0;
    %load/vec4 v0x61d6fb0124e0_0;
    %flag_set/vec4 8;
    %jmp/0xz  T_23.0, 8;
    %pushi/vec4 4294967295, 4294967295, 32;
    %assign/vec4 v0x61d6fb00d9a0_0, 0;
    %pushi/vec4 4294967295, 4294967295, 32;
    %assign/vec4 v0x61d6fb00db40_0, 0;
    %pushi/vec4 0, 0, 1;
    %assign/vec4 v0x61d6fb00da80_0, 0;
    %pushi/vec4 0, 0, 1;
    %assign/vec4 v0x61d6fb00dc20_0, 0;
T_23.0 ;
    %load/vec4 v0x61d6fb016590_0;
    %flag_set/vec4 8;
    %jmp/0 T_23.2, 8;
    %load/vec4 v0x61d6fb00b870_0;
    %addi 1, 0, 64;
    %jmp/1 T_23.3, 8;
T_23.2 ; End of true expr.
    %pushi/vec4 0, 0, 64;
    %jmp/0 T_23.3, 8;
 ; End of false expr.
    %blend;
T_23.3;
    %assign/vec4 v0x61d6fb00b870_0, 0;
    %pushi/vec4 4294967295, 4294967295, 32;
    %store/vec4 v0x61d6fb0147f0_0, 0, 32;
    %pushi/vec4 0, 0, 1;
    %load/vec4 v0x61d6fb016880_0;
    %pushi/vec4 0, 0, 32;
    %cmp/ne;
    %flag_get/vec4 4;
    %and;
    %flag_set/vec4 8;
    %jmp/0xz  T_23.4, 8;
    %load/vec4 v0x61d6fb016880_0;
    %subi 1, 0, 32;
    %assign/vec4 v0x61d6fb016880_0, 0;
T_23.4 ;
    %load/vec4 v0x61d6fb012990_0;
    %load/vec4 v0x61d6fb012b10_0;
    %and;
    %assign/vec4 v0x61d6fb00e460_0, 0;
    %load/vec4 v0x61d6fb00e460_0;
    %assign/vec4 v0x61d6fb00e520_0, 0;
    %pushi/vec4 0, 0, 1;
    %assign/vec4 v0x61d6fb00e2e0_0, 0;
    %load/vec4 v0x61d6fb00e2e0_0;
    %assign/vec4 v0x61d6fb00e3a0_0, 0;
    %pushi/vec4 0, 0, 1;
    %assign/vec4 v0x61d6fb00e5e0_0, 0;
    %pushi/vec4 0, 0, 1;
    %assign/vec4 v0x61d6fb016a40_0, 0;
    %pushi/vec4 4294967295, 4294967295, 32;
    %concati/vec4 15, 15, 4;
    %assign/vec4 v0x61d6fb016960_0, 0;
    %load/vec4 v0x61d6fb016590_0;
    %nor/r;
    %flag_set/vec4 8;
    %jmp/0xz  T_23.6, 8;
    %pushi/vec4 0, 0, 32;
    %assign/vec4 v0x61d6fb0163d0_0, 0;
    %pushi/vec4 0, 0, 32;
    %assign/vec4 v0x61d6fb016050_0, 0;
    %pushi/vec4 0, 0, 64;
    %assign/vec4 v0x61d6fb00b950_0, 0;
    %pushi/vec4 0, 0, 1;
    %assign/vec4 v0x61d6fb012360_0, 0;
    %pushi/vec4 0, 0, 1;
    %assign/vec4 v0x61d6fb0122a0_0, 0;
    %pushi/vec4 0, 0, 1;
    %assign/vec4 v0x61d6fb011e00_0, 0;
    %pushi/vec4 0, 0, 1;
    %assign/vec4 v0x61d6fb012420_0, 0;
    %pushi/vec4 0, 0, 1;
    %assign/vec4 v0x61d6fb012100_0, 0;
    %pushi/vec4 0, 0, 1;
    %assign/vec4 v0x61d6fb012040_0, 0;
    %pushi/vec4 0, 0, 1;
    %assign/vec4 v0x61d6fb011f80_0, 0;
    %pushi/vec4 0, 0, 1;
    %assign/vec4 v0x61d6fb015810_0, 0;
    %pushi/vec4 0, 0, 1;
    %assign/vec4 v0x61d6fb015750_0, 0;
    %pushi/vec4 0, 0, 1;
    %assign/vec4 v0x61d6fb010de0_0, 0;
    %pushi/vec4 0, 0, 1;
    %assign/vec4 v0x61d6fb010ea0_0, 0;
    %pushi/vec4 4294967295, 0, 32;
    %assign/vec4 v0x61d6fb010f60_0, 0;
    %pushi/vec4 0, 0, 32;
    %store/vec4 v0x61d6fb0147f0_0, 0, 32;
    %pushi/vec4 0, 0, 2;
    %assign/vec4 v0x61d6fb011120_0, 0;
    %pushi/vec4 0, 0, 32;
    %assign/vec4 v0x61d6fb00e6a0_0, 0;
    %pushi/vec4 0, 0, 32;
    %assign/vec4 v0x61d6fb016880_0, 0;
    %pushi/vec4 64, 0, 8;
    %assign/vec4 v0x61d6fb00ba30_0, 0;
    %jmp T_23.7;
T_23.6 ;
    %load/vec4 v0x61d6fb00ba30_0;
    %dup/vec4;
    %pushi/vec4 128, 0, 8;
    %cmp/u;
    %jmp/1 T_23.8, 6;
    %dup/vec4;
    %pushi/vec4 64, 0, 8;
    %cmp/u;
    %jmp/1 T_23.9, 6;
    %dup/vec4;
    %pushi/vec4 32, 0, 8;
    %cmp/u;
    %jmp/1 T_23.10, 6;
    %dup/vec4;
    %pushi/vec4 16, 0, 8;
    %cmp/u;
    %jmp/1 T_23.11, 6;
    %dup/vec4;
    %pushi/vec4 8, 0, 8;
    %cmp/u;
    %jmp/1 T_23.12, 6;
    %dup/vec4;
    %pushi/vec4 4, 0, 8;
    %cmp/u;
    %jmp/1 T_23.13, 6;
    %dup/vec4;
    %pushi/vec4 2, 0, 8;
    %cmp/u;
    %jmp/1 T_23.14, 6;
    %dup/vec4;
    %pushi/vec4 1, 0, 8;
    %cmp/u;
    %jmp/1 T_23.15, 6;
    %jmp T_23.16;
T_23.8 ;
    %pushi/vec4 1, 0, 1;
    %assign/vec4 v0x61d6fb016b00_0, 0;
    %jmp T_23.16;
T_23.9 ;
    %load/vec4 v0x61d6fb00e460_0;
    %nor/r;
    %load/vec4 v0x61d6fb00e5e0_0;
    %nor/r;
    %and;
    %assign/vec4 v0x61d6fb012990_0, 0;
    %pushi/vec4 0, 0, 2;
    %assign/vec4 v0x61d6fb014400_0, 0;
    %load/vec4 v0x61d6fb016050_0;
    %store/vec4 v0x61d6fb00c330_0, 0, 32;
    %pushi/vec4 1, 0, 1;
    %dup/vec4;
    %load/vec4 v0x61d6fb011e00_0;
    %cmp/u;
    %jmp/1 T_23.17, 6;
    %dup/vec4;
    %load/vec4 v0x61d6fb012360_0;
    %load/vec4 v0x61d6fb011e00_0;
    %nor/r;
    %and;
    %cmp/u;
    %jmp/1 T_23.18, 6;
    %dup/vec4;
    %pushi/vec4 0, 0, 1;
    %load/vec4 v0x61d6fb011120_0;
    %parti/s 1, 0, 2;
    %and;
    %cmp/u;
    %jmp/1 T_23.19, 6;
    %dup/vec4;
    %pushi/vec4 0, 0, 1;
    %load/vec4 v0x61d6fb011120_0;
    %parti/s 1, 1, 2;
    %and;
    %cmp/u;
    %jmp/1 T_23.20, 6;
    %jmp T_23.21;
T_23.17 ;
    %load/vec4 v0x61d6fb012360_0;
    %flag_set/vec4 8;
    %jmp/0 T_23.22, 8;
    %load/vec4 v0x61d6fb0122a0_0;
    %flag_set/vec4 9;
    %jmp/0 T_23.24, 9;
    %load/vec4 v0x61d6fb00ac50_0;
    %jmp/1 T_23.25, 9;
T_23.24 ; End of true expr.
    %load/vec4 v0x61d6fb0162f0_0;
    %jmp/0 T_23.25, 9;
 ; End of false expr.
    %blend;
T_23.25;
    %pushi/vec4 4294967294, 0, 32;
    %and;
    %jmp/1 T_23.23, 8;
T_23.22 ; End of true expr.
    %load/vec4 v0x61d6fb016050_0;
    %jmp/0 T_23.23, 8;
 ; End of false expr.
    %blend;
T_23.23;
    %store/vec4 v0x61d6fb00c330_0, 0, 32;
    %jmp T_23.21;
T_23.18 ;
    %jmp T_23.21;
T_23.19 ;
    %pushi/vec4 16, 0, 32;
    %store/vec4 v0x61d6fb00c330_0, 0, 32;
    %pushi/vec4 1, 0, 1;
    %assign/vec4 v0x61d6fb010de0_0, 0;
    %pushi/vec4 1, 0, 1;
    %assign/vec4 v0x61d6fb012990_0, 0;
    %jmp T_23.21;
T_23.20 ;
    %load/vec4 v0x61d6fb011040_0;
    %load/vec4 v0x61d6fb010f60_0;
    %inv;
    %and;
    %assign/vec4 v0x61d6fb00e6a0_0, 0;
    %load/vec4 v0x61d6fb0147f0_0;
    %load/vec4 v0x61d6fb010f60_0;
    %and;
    %store/vec4 v0x61d6fb0147f0_0, 0, 32;
    %jmp T_23.21;
T_23.21 ;
    %pop/vec4 1;
    %pushi/vec4 0, 0, 1;
    %load/vec4 v0x61d6fb012420_0;
    %and;
    %flag_set/vec4 8;
    %jmp/0xz  T_23.26, 8;
    %pushi/vec4 0, 0, 1;
    %assign/vec4 v0x61d6fb012420_0, 0;
    %pushi/vec4 1, 0, 1;
    %assign/vec4 v0x61d6fb016a40_0, 0;
    %load/vec4 v0x61d6fb011e00_0;
    %flag_set/vec4 8;
    %jmp/0xz  T_23.28, 8;
    %load/vec4 v0x61d6fb010de0_0;
    %flag_set/vec4 8;
    %jmp/0 T_23.30, 8;
    %pushi/vec4 2147483648, 0, 32;
    %concati/vec4 0, 0, 4;
    %jmp/1 T_23.31, 8;
T_23.30 ; End of true expr.
    %pushi/vec4 0, 0, 36;
    %jmp/0 T_23.31, 8;
 ; End of false expr.
    %blend;
T_23.31;
    %pushi/vec4 2147483648, 0, 35;
    %concati/vec4 0, 0, 1;
    %or;
    %load/vec4 v0x61d6fb00c330_0;
    %pad/u 36;
    %pushi/vec4 4294967294, 0, 36;
    %and;
    %or;
    %assign/vec4 v0x61d6fb016960_0, 0;
    %jmp T_23.29;
T_23.28 ;
    %load/vec4 v0x61d6fb010de0_0;
    %flag_set/vec4 8;
    %jmp/0 T_23.32, 8;
    %pushi/vec4 2147483648, 0, 32;
    %concati/vec4 0, 0, 4;
    %jmp/1 T_23.33, 8;
T_23.32 ; End of true expr.
    %pushi/vec4 0, 0, 36;
    %jmp/0 T_23.33, 8;
 ; End of false expr.
    %blend;
T_23.33;
    %load/vec4 v0x61d6fb0122a0_0;
    %flag_set/vec4 8;
    %jmp/0 T_23.34, 8;
    %load/vec4 v0x61d6fb00ac50_0;
    %pad/u 36;
    %jmp/1 T_23.35, 8;
T_23.34 ; End of true expr.
    %load/vec4 v0x61d6fb0162f0_0;
    %pad/u 36;
    %jmp/0 T_23.35, 8;
 ; End of false expr.
    %blend;
T_23.35;
    %or;
    %assign/vec4 v0x61d6fb016960_0, 0;
T_23.29 ;
T_23.26 ;
    %load/vec4 v0x61d6fb00c330_0;
    %assign/vec4 v0x61d6fb0163d0_0, 0;
    %load/vec4 v0x61d6fb00c330_0;
    %assign/vec4 v0x61d6fb016050_0, 0;
    %pushi/vec4 0, 0, 1;
    %assign/vec4 v0x61d6fb012360_0, 0;
    %pushi/vec4 0, 0, 1;
    %assign/vec4 v0x61d6fb0122a0_0, 0;
    %pushi/vec4 0, 0, 1;
    %assign/vec4 v0x61d6fb011e00_0, 0;
    %pushi/vec4 0, 0, 1;
    %assign/vec4 v0x61d6fb012100_0, 0;
    %pushi/vec4 0, 0, 1;
    %assign/vec4 v0x61d6fb012040_0, 0;
    %pushi/vec4 0, 0, 1;
    %assign/vec4 v0x61d6fb011f80_0, 0;
    %load/vec4 v0x61d6fb00df60_0;
    %assign/vec4 v0x61d6fb0121c0_0, 0;
    %load/vec4 v0x61d6fb00b7d0_0;
    %assign/vec4 v0x61d6fb011ec0_0, 0;
    %pushi/vec4 0, 0, 1;
    %load/vec4 v0x61d6fb00e460_0;
    %load/vec4 v0x61d6fb010de0_0;
    %nor/r;
    %and;
    %load/vec4 v0x61d6fb010ea0_0;
    %nor/r;
    %and;
    %load/vec4 v0x61d6fb011040_0;
    %load/vec4 v0x61d6fb010f60_0;
    %inv;
    %and;
    %or/r;
    %and;
    %load/vec4 v0x61d6fb011120_0;
    %pushi/vec4 0, 0, 2;
    %cmp/ne;
    %flag_get/vec4 4;
    %or;
    %and;
    %flag_set/vec4 8;
    %jmp/0xz  T_23.36, 8;
    %load/vec4 v0x61d6fb011120_0;
    %cmpi/e 0, 0, 2;
    %flag_mov 8, 4;
    %jmp/0 T_23.38, 8;
    %pushi/vec4 1, 0, 2;
    %jmp/1 T_23.39, 8;
T_23.38 ; End of true expr.
    %load/vec4 v0x61d6fb011120_0;
    %cmpi/e 1, 0, 2;
    %flag_mov 9, 4;
    %jmp/0 T_23.40, 9;
    %pushi/vec4 2, 0, 2;
    %jmp/1 T_23.41, 9;
T_23.40 ; End of true expr.
    %pushi/vec4 0, 0, 2;
    %jmp/0 T_23.41, 9;
 ; End of false expr.
    %blend;
T_23.41;
    %jmp/0 T_23.39, 8;
 ; End of false expr.
    %blend;
T_23.39;
    %assign/vec4 v0x61d6fb011120_0, 0;
    %load/vec4 v0x61d6fb011ec0_0;
    %assign/vec4 v0x61d6fb011ec0_0, 0;
    %pushi/vec4 32, 0, 32;
    %load/vec4 v0x61d6fb011120_0;
    %parti/s 1, 0, 2;
    %pad/u 32;
    %or;
    %pad/u 5;
    %assign/vec4 v0x61d6fb0121c0_0, 0;
    %jmp T_23.37;
T_23.36 ;
    %pushi/vec4 0, 0, 1;
    %load/vec4 v0x61d6fb00e460_0;
    %load/vec4 v0x61d6fb00e5e0_0;
    %or;
    %and;
    %load/vec4 v0x61d6fb010ac0_0;
    %and;
    %flag_set/vec4 8;
    %jmp/0xz  T_23.42, 8;
    %load/vec4 v0x61d6fb011040_0;
    %cmpi/ne 0, 0, 32;
    %jmp/0xz  T_23.44, 4;
    %pushi/vec4 1, 0, 1;
    %assign/vec4 v0x61d6fb012360_0, 0;
    %load/vec4 v0x61d6fb011040_0;
    %assign/vec4 v0x61d6fb0162f0_0, 0;
    %load/vec4 v0x61d6fb00c330_0;
    %load/vec4 v0x61d6fb00b7d0_0;
    %flag_set/vec4 8;
    %jmp/0 T_23.46, 8;
    %pushi/vec4 2, 0, 32;
    %jmp/1 T_23.47, 8;
T_23.46 ; End of true expr.
    %pushi/vec4 4, 0, 32;
    %jmp/0 T_23.47, 8;
 ; End of false expr.
    %blend;
T_23.47;
    %add;
    %assign/vec4 v0x61d6fb016050_0, 0;
    %pushi/vec4 1, 0, 1;
    %assign/vec4 v0x61d6fb012990_0, 0;
    %jmp T_23.45;
T_23.44 ;
    %pushi/vec4 1, 0, 1;
    %assign/vec4 v0x61d6fb00e5e0_0, 0;
T_23.45 ;
    %jmp T_23.43;
T_23.42 ;
    %load/vec4 v0x61d6fb00e460_0;
    %flag_set/vec4 8;
    %jmp/0xz  T_23.48, 8;
    %load/vec4 v0x61d6fb010de0_0;
    %assign/vec4 v0x61d6fb010ea0_0, 0;
    %load/vec4 v0x61d6fb00c330_0;
    %load/vec4 v0x61d6fb00b7d0_0;
    %flag_set/vec4 8;
    %jmp/0 T_23.50, 8;
    %pushi/vec4 2, 0, 32;
    %jmp/1 T_23.51, 8;
T_23.50 ; End of true expr.
    %pushi/vec4 4, 0, 32;
    %jmp/0 T_23.51, 8;
 ; End of false expr.
    %blend;
T_23.51;
    %add;
    %assign/vec4 v0x61d6fb016050_0, 0;
    %load/vec4 v0x61d6fb00b950_0;
    %addi 1, 0, 64;
    %assign/vec4 v0x61d6fb00b950_0, 0;
    %load/vec4 v0x61d6fb00f200_0;
    %flag_set/vec4 8;
    %jmp/0xz  T_23.52, 8;
    %pushi/vec4 1, 0, 1;
    %assign/vec4 v0x61d6fb012990_0, 0;
    %load/vec4 v0x61d6fb00c330_0;
    %load/vec4 v0x61d6fb00de80_0;
    %add;
    %assign/vec4 v0x61d6fb016050_0, 0;
    %pushi/vec4 1, 0, 1;
    %assign/vec4 v0x61d6fb011e00_0, 0;
    %jmp T_23.53;
T_23.52 ;
    %pushi/vec4 0, 0, 1;
    %assign/vec4 v0x61d6fb012990_0, 0;
    %load/vec4 v0x61d6fb00f2c0_0;
    %nor/r;
    %load/vec4 v0x61d6fb00fd40_0;
    %nor/r;
    %and;
    %assign/vec4 v0x61d6fb012810_0, 0;
    %pushi/vec4 32, 0, 8;
    %assign/vec4 v0x61d6fb00ba30_0, 0;
T_23.53 ;
T_23.48 ;
T_23.43 ;
T_23.37 ;
    %jmp T_23.16;
T_23.10 ;
    %pushi/vec4 4294967295, 4294967295, 32;
    %assign/vec4 v0x61d6fb016130_0, 0;
    %pushi/vec4 4294967295, 4294967295, 32;
    %assign/vec4 v0x61d6fb016210_0, 0;
    %pushi/vec4 1, 0, 1;
    %dup/vec4;
    %pushi/vec4 1, 0, 1;
    %load/vec4 v0x61d6fb010a00_0;
    %and;
    %cmp/u;
    %jmp/1 T_23.54, 6;
    %dup/vec4;
    %pushi/vec4 1, 0, 1;
    %load/vec4 v0x61d6fb0118c0_0;
    %and;
    %cmp/u;
    %jmp/1 T_23.55, 6;
    %dup/vec4;
    %load/vec4 v0x61d6fb011740_0;
    %cmp/u;
    %jmp/1 T_23.56, 6;
    %dup/vec4;
    %pushi/vec4 0, 0, 1;
    %load/vec4 v0x61d6fb00f140_0;
    %and;
    %cmp/u;
    %jmp/1 T_23.57, 6;
    %dup/vec4;
    %pushi/vec4 0, 0, 1;
    %load/vec4 v0x61d6fb00fec0_0;
    %and;
    %cmp/u;
    %jmp/1 T_23.58, 6;
    %dup/vec4;
    %pushi/vec4 0, 0, 1;
    %load/vec4 v0x61d6fb00fd40_0;
    %and;
    %cmp/u;
    %jmp/1 T_23.59, 6;
    %dup/vec4;
    %pushi/vec4 0, 0, 1;
    %load/vec4 v0x61d6fb00f800_0;
    %and;
    %cmp/u;
    %jmp/1 T_23.60, 6;
    %dup/vec4;
    %pushi/vec4 0, 0, 1;
    %load/vec4 v0x61d6fb010940_0;
    %and;
    %cmp/u;
    %jmp/1 T_23.61, 6;
    %dup/vec4;
    %load/vec4 v0x61d6fb0115c0_0;
    %load/vec4 v0x61d6fb010a00_0;
    %nor/r;
    %and;
    %cmp/u;
    %jmp/1 T_23.62, 6;
    %dup/vec4;
    %load/vec4 v0x61d6fb011b00_0;
    %pushi/vec4 1, 0, 1;
    %and;
    %cmp/u;
    %jmp/1 T_23.63, 6;
    %dup/vec4;
    %load/vec4 v0x61d6fb011500_0;
    %cmp/u;
    %jmp/1 T_23.64, 6;
    %dup/vec4;
    %load/vec4 v0x61d6fb011b00_0;
    %pushi/vec4 0, 0, 1;
    %and;
    %cmp/u;
    %jmp/1 T_23.65, 6;
    %load/vec4 v0x61d6fb00bfd0_0;
    %assign/vec4 v0x61d6fb016130_0, 0;
    %load/vec4 v0x61d6fb00bfd0_0;
    %assign/vec4 v0x61d6fb00d9a0_0, 0;
    %pushi/vec4 1, 0, 1;
    %assign/vec4 v0x61d6fb00da80_0, 0;
    %load/vec4 v0x61d6fb00c0b0_0;
    %pad/u 5;
    %assign/vec4 v0x61d6fb0164b0_0, 0;
    %load/vec4 v0x61d6fb00c0b0_0;
    %assign/vec4 v0x61d6fb016210_0, 0;
    %load/vec4 v0x61d6fb00c0b0_0;
    %assign/vec4 v0x61d6fb00db40_0, 0;
    %pushi/vec4 1, 0, 1;
    %assign/vec4 v0x61d6fb00dc20_0, 0;
    %pushi/vec4 1, 0, 1;
    %dup/vec4;
    %load/vec4 v0x61d6fb011980_0;
    %cmp/u;
    %jmp/1 T_23.68, 6;
    %dup/vec4;
    %load/vec4 v0x61d6fb011a40_0;
    %pushi/vec4 1, 0, 1;
    %and;
    %cmp/u;
    %jmp/1 T_23.69, 6;
    %pushi/vec4 0, 0, 1;
    %flag_set/vec4 8;
    %pushi/vec4 0, 0, 1;
    %load/vec4 v0x61d6fb011380_0;
    %and;
    %flag_set/vec4 9;
    %flag_or 9, 8;
    %jmp/0xz  T_23.72, 9;
    %pushi/vec4 0, 0, 1;
    %pushi/vec4 0, 0, 1;
    %load/vec4 v0x61d6fb011380_0;
    %and;
    %and;
    %assign/vec4 v0x61d6fb00afb0_0, 0;
    %pushi/vec4 1, 0, 1;
    %assign/vec4 v0x61d6fb00aef0_0, 0;
    %jmp T_23.73;
T_23.72 ;
    %load/vec4 v0x61d6fb012810_0;
    %assign/vec4 v0x61d6fb012990_0, 0;
T_23.73 ;
    %pushi/vec4 8, 0, 8;
    %assign/vec4 v0x61d6fb00ba30_0, 0;
    %jmp T_23.71;
T_23.68 ;
    %pushi/vec4 2, 0, 8;
    %assign/vec4 v0x61d6fb00ba30_0, 0;
    %pushi/vec4 1, 0, 1;
    %assign/vec4 v0x61d6fb012990_0, 0;
    %jmp T_23.71;
T_23.69 ;
    %pushi/vec4 4, 0, 8;
    %assign/vec4 v0x61d6fb00ba30_0, 0;
    %jmp T_23.71;
T_23.71 ;
    %pop/vec4 1;
    %jmp T_23.67;
T_23.54 ;
    %pushi/vec4 0, 0, 1;
    %load/vec4 v0x61d6fb010f60_0;
    %parti/s 1, 1, 2;
    %nor/r;
    %and;
    %load/vec4 v0x61d6fb010de0_0;
    %nor/r;
    %and;
    %flag_set/vec4 8;
    %jmp/0xz  T_23.74, 8;
    %pushi/vec4 1, 0, 1;
    %ix/load 4, 1, 0;
    %flag_set/imm 4, 0;
    %store/vec4 v0x61d6fb0147f0_0, 4, 1;
    %pushi/vec4 64, 0, 8;
    %assign/vec4 v0x61d6fb00ba30_0, 0;
    %jmp T_23.75;
T_23.74 ;
    %pushi/vec4 128, 0, 8;
    %assign/vec4 v0x61d6fb00ba30_0, 0;
T_23.75 ;
    %jmp T_23.67;
T_23.55 ;
    %pushi/vec4 1, 0, 1;
    %dup/vec4;
    %load/vec4 v0x61d6fb00fa40_0;
    %cmp/u;
    %jmp/1 T_23.76, 6;
    %dup/vec4;
    %load/vec4 v0x61d6fb00fb00_0;
    %pushi/vec4 1, 0, 1;
    %and;
    %cmp/u;
    %jmp/1 T_23.77, 6;
    %dup/vec4;
    %load/vec4 v0x61d6fb00fbc0_0;
    %cmp/u;
    %jmp/1 T_23.78, 6;
    %dup/vec4;
    %load/vec4 v0x61d6fb00fc80_0;
    %pushi/vec4 1, 0, 1;
    %and;
    %cmp/u;
    %jmp/1 T_23.79, 6;
    %jmp T_23.80;
T_23.76 ;
    %load/vec4 v0x61d6fb00b870_0;
    %parti/s 32, 0, 2;
    %assign/vec4 v0x61d6fb0162f0_0, 0;
    %jmp T_23.80;
T_23.77 ;
    %load/vec4 v0x61d6fb00b870_0;
    %parti/s 32, 32, 7;
    %assign/vec4 v0x61d6fb0162f0_0, 0;
    %jmp T_23.80;
T_23.78 ;
    %load/vec4 v0x61d6fb00b950_0;
    %parti/s 32, 0, 2;
    %assign/vec4 v0x61d6fb0162f0_0, 0;
    %jmp T_23.80;
T_23.79 ;
    %load/vec4 v0x61d6fb00b950_0;
    %parti/s 32, 32, 7;
    %assign/vec4 v0x61d6fb0162f0_0, 0;
    %jmp T_23.80;
T_23.80 ;
    %pop/vec4 1;
    %pushi/vec4 1, 0, 1;
    %assign/vec4 v0x61d6fb012360_0, 0;
    %pushi/vec4 64, 0, 8;
    %assign/vec4 v0x61d6fb00ba30_0, 0;
    %jmp T_23.67;
T_23.56 ;
    %load/vec4 v0x61d6fb00f680_0;
    %flag_set/vec4 8;
    %jmp/0 T_23.81, 8;
    %pushi/vec4 0, 0, 32;
    %jmp/1 T_23.82, 8;
T_23.81 ; End of true expr.
    %load/vec4 v0x61d6fb0163d0_0;
    %jmp/0 T_23.82, 8;
 ; End of false expr.
    %blend;
T_23.82;
    %assign/vec4 v0x61d6fb016130_0, 0;
    %load/vec4 v0x61d6fb00dda0_0;
    %assign/vec4 v0x61d6fb016210_0, 0;
    %load/vec4 v0x61d6fb012810_0;
    %assign/vec4 v0x61d6fb012990_0, 0;
    %pushi/vec4 8, 0, 8;
    %assign/vec4 v0x61d6fb00ba30_0, 0;
    %jmp T_23.67;
T_23.57 ;
    %load/vec4 v0x61d6fb00bfd0_0;
    %assign/vec4 v0x61d6fb0162f0_0, 0;
    %load/vec4 v0x61d6fb00bfd0_0;
    %assign/vec4 v0x61d6fb00d9a0_0, 0;
    %pushi/vec4 1, 0, 1;
    %assign/vec4 v0x61d6fb00da80_0, 0;
    %pushi/vec4 1, 0, 1;
    %assign/vec4 v0x61d6fb012360_0, 0;
    %pushi/vec4 64, 0, 8;
    %assign/vec4 v0x61d6fb00ba30_0, 0;
    %jmp T_23.67;
T_23.58 ;
    %load/vec4 v0x61d6fb00bfd0_0;
    %assign/vec4 v0x61d6fb0162f0_0, 0;
    %load/vec4 v0x61d6fb00bfd0_0;
    %assign/vec4 v0x61d6fb00d9a0_0, 0;
    %pushi/vec4 1, 0, 1;
    %assign/vec4 v0x61d6fb00da80_0, 0;
    %load/vec4 v0x61d6fb0121c0_0;
    %pad/u 32;
    %pushi/vec4 32, 0, 32;
    %or;
    %pad/u 5;
    %assign/vec4 v0x61d6fb0121c0_0, 0;
    %pushi/vec4 1, 0, 1;
    %assign/vec4 v0x61d6fb012360_0, 0;
    %pushi/vec4 64, 0, 8;
    %assign/vec4 v0x61d6fb00ba30_0, 0;
    %jmp T_23.67;
T_23.59 ;
    %pushi/vec4 0, 0, 32;
    %assign/vec4 v0x61d6fb00e6a0_0, 0;
    %pushi/vec4 0, 0, 1;
    %assign/vec4 v0x61d6fb010de0_0, 0;
    %pushi/vec4 1, 0, 1;
    %assign/vec4 v0x61d6fb011e00_0, 0;
    %pushi/vec4 1, 0, 1;
    %assign/vec4 v0x61d6fb012360_0, 0;
    %load/vec4 v0x61d6fb00bfd0_0;
    %pushi/vec4 4294967294, 0, 32;
    %and;
    %assign/vec4 v0x61d6fb0162f0_0, 0;
    %load/vec4 v0x61d6fb00bfd0_0;
    %assign/vec4 v0x61d6fb00d9a0_0, 0;
    %pushi/vec4 1, 0, 1;
    %assign/vec4 v0x61d6fb00da80_0, 0;
    %pushi/vec4 64, 0, 8;
    %assign/vec4 v0x61d6fb00ba30_0, 0;
    %jmp T_23.67;
T_23.60 ;
    %pushi/vec4 1, 0, 1;
    %assign/vec4 v0x61d6fb012360_0, 0;
    %load/vec4 v0x61d6fb010f60_0;
    %assign/vec4 v0x61d6fb0162f0_0, 0;
    %load/vec4 v0x61d6fb00bfd0_0;
    %pushi/vec4 0, 0, 32;
    %or;
    %assign/vec4 v0x61d6fb010f60_0, 0;
    %load/vec4 v0x61d6fb00bfd0_0;
    %assign/vec4 v0x61d6fb00d9a0_0, 0;
    %pushi/vec4 1, 0, 1;
    %assign/vec4 v0x61d6fb00da80_0, 0;
    %pushi/vec4 64, 0, 8;
    %assign/vec4 v0x61d6fb00ba30_0, 0;
    %jmp T_23.67;
T_23.61 ;
    %pushi/vec4 1, 0, 1;
    %assign/vec4 v0x61d6fb012360_0, 0;
    %load/vec4 v0x61d6fb016880_0;
    %assign/vec4 v0x61d6fb0162f0_0, 0;
    %load/vec4 v0x61d6fb00bfd0_0;
    %assign/vec4 v0x61d6fb016880_0, 0;
    %load/vec4 v0x61d6fb00bfd0_0;
    %assign/vec4 v0x61d6fb00d9a0_0, 0;
    %pushi/vec4 1, 0, 1;
    %assign/vec4 v0x61d6fb00da80_0, 0;
    %pushi/vec4 64, 0, 8;
    %assign/vec4 v0x61d6fb00ba30_0, 0;
    %jmp T_23.67;
T_23.62 ;
    %load/vec4 v0x61d6fb00bfd0_0;
    %assign/vec4 v0x61d6fb016130_0, 0;
    %load/vec4 v0x61d6fb00bfd0_0;
    %assign/vec4 v0x61d6fb00d9a0_0, 0;
    %pushi/vec4 1, 0, 1;
    %assign/vec4 v0x61d6fb00da80_0, 0;
    %pushi/vec4 1, 0, 8;
    %assign/vec4 v0x61d6fb00ba30_0, 0;
    %pushi/vec4 1, 0, 1;
    %assign/vec4 v0x61d6fb012990_0, 0;
    %jmp T_23.67;
T_23.63 ;
    %load/vec4 v0x61d6fb00bfd0_0;
    %assign/vec4 v0x61d6fb016130_0, 0;
    %load/vec4 v0x61d6fb00bfd0_0;
    %assign/vec4 v0x61d6fb00d9a0_0, 0;
    %pushi/vec4 1, 0, 1;
    %assign/vec4 v0x61d6fb00da80_0, 0;
    %load/vec4 v0x61d6fb00e200_0;
    %assign/vec4 v0x61d6fb0164b0_0, 0;
    %pushi/vec4 4, 0, 8;
    %assign/vec4 v0x61d6fb00ba30_0, 0;
    %jmp T_23.67;
T_23.64 ;
    %load/vec4 v0x61d6fb00bfd0_0;
    %assign/vec4 v0x61d6fb016130_0, 0;
    %load/vec4 v0x61d6fb00bfd0_0;
    %assign/vec4 v0x61d6fb00d9a0_0, 0;
    %pushi/vec4 1, 0, 1;
    %assign/vec4 v0x61d6fb00da80_0, 0;
    %load/vec4 v0x61d6fb011b00_0;
    %pushi/vec4 0, 0, 1;
    %and;
    %flag_set/vec4 8;
    %jmp/0 T_23.83, 8;
    %load/vec4 v0x61d6fb00e200_0;
    %pad/u 32;
    %jmp/1 T_23.84, 8;
T_23.83 ; End of true expr.
    %load/vec4 v0x61d6fb00dda0_0;
    %jmp/0 T_23.84, 8;
 ; End of false expr.
    %blend;
T_23.84;
    %assign/vec4 v0x61d6fb016210_0, 0;
    %load/vec4 v0x61d6fb012810_0;
    %assign/vec4 v0x61d6fb012990_0, 0;
    %pushi/vec4 8, 0, 8;
    %assign/vec4 v0x61d6fb00ba30_0, 0;
    %jmp T_23.67;
T_23.65 ;
    %load/vec4 v0x61d6fb00bfd0_0;
    %assign/vec4 v0x61d6fb016130_0, 0;
    %load/vec4 v0x61d6fb00bfd0_0;
    %assign/vec4 v0x61d6fb00d9a0_0, 0;
    %pushi/vec4 1, 0, 1;
    %assign/vec4 v0x61d6fb00da80_0, 0;
    %load/vec4 v0x61d6fb011b00_0;
    %pushi/vec4 0, 0, 1;
    %and;
    %flag_set/vec4 8;
    %jmp/0 T_23.85, 8;
    %load/vec4 v0x61d6fb00e200_0;
    %pad/u 32;
    %jmp/1 T_23.86, 8;
T_23.85 ; End of true expr.
    %load/vec4 v0x61d6fb00dda0_0;
    %jmp/0 T_23.86, 8;
 ; End of false expr.
    %blend;
T_23.86;
    %assign/vec4 v0x61d6fb016210_0, 0;
    %load/vec4 v0x61d6fb012810_0;
    %assign/vec4 v0x61d6fb012990_0, 0;
    %pushi/vec4 8, 0, 8;
    %assign/vec4 v0x61d6fb00ba30_0, 0;
    %jmp T_23.67;
T_23.67 ;
    %pop/vec4 1;
    %jmp T_23.16;
T_23.11 ;
    %load/vec4 v0x61d6fb00c0b0_0;
    %pad/u 5;
    %assign/vec4 v0x61d6fb0164b0_0, 0;
    %load/vec4 v0x61d6fb00c0b0_0;
    %assign/vec4 v0x61d6fb016210_0, 0;
    %load/vec4 v0x61d6fb00c0b0_0;
    %assign/vec4 v0x61d6fb00db40_0, 0;
    %pushi/vec4 1, 0, 1;
    %assign/vec4 v0x61d6fb00dc20_0, 0;
    %pushi/vec4 1, 0, 1;
    %dup/vec4;
    %pushi/vec4 0, 0, 1;
    %load/vec4 v0x61d6fb010a00_0;
    %and;
    %cmp/u;
    %jmp/1 T_23.87, 6;
    %dup/vec4;
    %load/vec4 v0x61d6fb011980_0;
    %cmp/u;
    %jmp/1 T_23.88, 6;
    %dup/vec4;
    %load/vec4 v0x61d6fb011a40_0;
    %pushi/vec4 1, 0, 1;
    %and;
    %cmp/u;
    %jmp/1 T_23.89, 6;
    %pushi/vec4 0, 0, 1;
    %flag_set/vec4 8;
    %pushi/vec4 0, 0, 1;
    %load/vec4 v0x61d6fb011380_0;
    %and;
    %flag_set/vec4 9;
    %flag_or 9, 8;
    %jmp/0xz  T_23.92, 9;
    %pushi/vec4 0, 0, 1;
    %pushi/vec4 0, 0, 1;
    %load/vec4 v0x61d6fb011380_0;
    %and;
    %and;
    %assign/vec4 v0x61d6fb00afb0_0, 0;
    %pushi/vec4 1, 0, 1;
    %assign/vec4 v0x61d6fb00aef0_0, 0;
    %jmp T_23.93;
T_23.92 ;
    %load/vec4 v0x61d6fb012810_0;
    %assign/vec4 v0x61d6fb012990_0, 0;
T_23.93 ;
    %pushi/vec4 8, 0, 8;
    %assign/vec4 v0x61d6fb00ba30_0, 0;
    %jmp T_23.91;
T_23.87 ;
    %pushi/vec4 1, 0, 1;
    %assign/vec4 v0x61d6fb015810_0, 0;
    %load/vec4 v0x61d6fb014e90_0;
    %flag_set/vec4 8;
    %jmp/0xz  T_23.94, 8;
    %pushi/vec4 1, 0, 1;
    %assign/vec4 v0x61d6fb012990_0, 0;
    %pushi/vec4 0, 0, 1;
    %assign/vec4 v0x61d6fb015810_0, 0;
    %load/vec4 v0x61d6fb014db0_0;
    %assign/vec4 v0x61d6fb0162f0_0, 0;
    %load/vec4 v0x61d6fb015010_0;
    %assign/vec4 v0x61d6fb012360_0, 0;
    %pushi/vec4 64, 0, 8;
    %assign/vec4 v0x61d6fb00ba30_0, 0;
    %jmp T_23.95;
T_23.94 ;
    %pushi/vec4 1, 0, 1;
    %load/vec4 v0x61d6fb015750_0;
    %load/vec4 v0x61d6fb00efc0_0;
    %or;
    %and;
    %flag_set/vec4 8;
    %jmp/0xz  T_23.96, 8;
    %pushi/vec4 0, 0, 1;
    %assign/vec4 v0x61d6fb015810_0, 0;
    %pushi/vec4 0, 0, 1;
    %load/vec4 v0x61d6fb010f60_0;
    %parti/s 1, 1, 2;
    %nor/r;
    %and;
    %load/vec4 v0x61d6fb010de0_0;
    %nor/r;
    %and;
    %flag_set/vec4 8;
    %jmp/0xz  T_23.98, 8;
    %pushi/vec4 1, 0, 1;
    %ix/load 4, 1, 0;
    %flag_set/imm 4, 0;
    %store/vec4 v0x61d6fb0147f0_0, 4, 1;
    %pushi/vec4 64, 0, 8;
    %assign/vec4 v0x61d6fb00ba30_0, 0;
    %jmp T_23.99;
T_23.98 ;
    %pushi/vec4 128, 0, 8;
    %assign/vec4 v0x61d6fb00ba30_0, 0;
T_23.99 ;
T_23.96 ;
T_23.95 ;
    %jmp T_23.91;
T_23.88 ;
    %pushi/vec4 2, 0, 8;
    %assign/vec4 v0x61d6fb00ba30_0, 0;
    %pushi/vec4 1, 0, 1;
    %assign/vec4 v0x61d6fb012990_0, 0;
    %jmp T_23.91;
T_23.89 ;
    %pushi/vec4 4, 0, 8;
    %assign/vec4 v0x61d6fb00ba30_0, 0;
    %jmp T_23.91;
T_23.91 ;
    %pop/vec4 1;
    %jmp T_23.16;
T_23.12 ;
    %load/vec4 v0x61d6fb0163d0_0;
    %load/vec4 v0x61d6fb00dda0_0;
    %add;
    %assign/vec4 v0x61d6fb0162f0_0, 0;
    %pushi/vec4 0, 0, 1;
    %load/vec4 v0x61d6fb00aef0_0;
    %load/vec4 v0x61d6fb00afb0_0;
    %or;
    %and;
    %flag_set/vec4 8;
    %jmp/0xz  T_23.100, 8;
    %load/vec4 v0x61d6fb012810_0;
    %load/vec4 v0x61d6fb00afb0_0;
    %nor/r;
    %and;
    %assign/vec4 v0x61d6fb012990_0, 0;
    %load/vec4 v0x61d6fb00afb0_0;
    %assign/vec4 v0x61d6fb00aef0_0, 0;
    %jmp T_23.101;
T_23.100 ;
    %load/vec4 v0x61d6fb011380_0;
    %flag_set/vec4 8;
    %jmp/0xz  T_23.102, 8;
    %pushi/vec4 0, 0, 5;
    %assign/vec4 v0x61d6fb0121c0_0, 0;
    %load/vec4 v0x61d6fb00aad0_0;
    %assign/vec4 v0x61d6fb012360_0, 0;
    %load/vec4 v0x61d6fb00aad0_0;
    %assign/vec4 v0x61d6fb011e00_0, 0;
    %load/vec4 v0x61d6fb012b10_0;
    %flag_set/vec4 8;
    %jmp/0xz  T_23.104, 8;
    %pushi/vec4 64, 0, 8;
    %assign/vec4 v0x61d6fb00ba30_0, 0;
T_23.104 ;
    %load/vec4 v0x61d6fb00aad0_0;
    %flag_set/vec4 8;
    %jmp/0xz  T_23.106, 8;
    %pushi/vec4 0, 0, 1;
    %assign/vec4 v0x61d6fb00e460_0, 0;
    %pushi/vec4 1, 0, 1;
    %store/vec4 v0x61d6fb016700_0, 0, 1;
T_23.106 ;
    %jmp T_23.103;
T_23.102 ;
    %load/vec4 v0x61d6fb00f2c0_0;
    %assign/vec4 v0x61d6fb011e00_0, 0;
    %pushi/vec4 1, 0, 1;
    %assign/vec4 v0x61d6fb012360_0, 0;
    %pushi/vec4 1, 0, 1;
    %assign/vec4 v0x61d6fb0122a0_0, 0;
    %pushi/vec4 64, 0, 8;
    %assign/vec4 v0x61d6fb00ba30_0, 0;
T_23.103 ;
T_23.101 ;
    %jmp T_23.16;
T_23.13 ;
    %pushi/vec4 1, 0, 1;
    %assign/vec4 v0x61d6fb012360_0, 0;
    %load/vec4 v0x61d6fb0164b0_0;
    %pad/u 32;
    %cmpi/e 0, 0, 32;
    %jmp/0xz  T_23.108, 4;
    %load/vec4 v0x61d6fb016130_0;
    %assign/vec4 v0x61d6fb0162f0_0, 0;
    %load/vec4 v0x61d6fb012810_0;
    %assign/vec4 v0x61d6fb012990_0, 0;
    %pushi/vec4 64, 0, 8;
    %assign/vec4 v0x61d6fb00ba30_0, 0;
    %jmp T_23.109;
T_23.108 ;
    %pushi/vec4 1, 0, 1;
    %pushi/vec4 4, 0, 32;
    %load/vec4 v0x61d6fb0164b0_0;
    %pad/u 32;
    %cmp/u;
    %flag_get/vec4 4;
    %flag_get/vec4 5;
    %or;
    %and;
    %flag_set/vec4 8;
    %jmp/0xz  T_23.110, 8;
    %pushi/vec4 1, 0, 1;
    %dup/vec4;
    %load/vec4 v0x61d6fb010100_0;
    %load/vec4 v0x61d6fb010040_0;
    %or;
    %cmp/u;
    %jmp/1 T_23.112, 6;
    %dup/vec4;
    %load/vec4 v0x61d6fb010700_0;
    %load/vec4 v0x61d6fb010640_0;
    %or;
    %cmp/u;
    %jmp/1 T_23.113, 6;
    %dup/vec4;
    %load/vec4 v0x61d6fb010580_0;
    %load/vec4 v0x61d6fb0104c0_0;
    %or;
    %cmp/u;
    %jmp/1 T_23.114, 6;
    %jmp T_23.115;
T_23.112 ;
    %load/vec4 v0x61d6fb016130_0;
    %ix/load 4, 4, 0;
    %flag_set/imm 4, 0;
    %shiftl 4;
    %assign/vec4 v0x61d6fb016130_0, 0;
    %jmp T_23.115;
T_23.113 ;
    %load/vec4 v0x61d6fb016130_0;
    %ix/load 4, 4, 0;
    %flag_set/imm 4, 0;
    %shiftr 4;
    %assign/vec4 v0x61d6fb016130_0, 0;
    %jmp T_23.115;
T_23.114 ;
    %load/vec4 v0x61d6fb016130_0;
    %ix/load 4, 4, 0;
    %flag_set/imm 4, 0;
    %shiftr/s 4;
    %assign/vec4 v0x61d6fb016130_0, 0;
    %jmp T_23.115;
T_23.115 ;
    %pop/vec4 1;
    %load/vec4 v0x61d6fb0164b0_0;
    %subi 4, 0, 5;
    %assign/vec4 v0x61d6fb0164b0_0, 0;
    %jmp T_23.111;
T_23.110 ;
    %pushi/vec4 1, 0, 1;
    %dup/vec4;
    %load/vec4 v0x61d6fb010100_0;
    %load/vec4 v0x61d6fb010040_0;
    %or;
    %cmp/u;
    %jmp/1 T_23.116, 6;
    %dup/vec4;
    %load/vec4 v0x61d6fb010700_0;
    %load/vec4 v0x61d6fb010640_0;
    %or;
    %cmp/u;
    %jmp/1 T_23.117, 6;
    %dup/vec4;
    %load/vec4 v0x61d6fb010580_0;
    %load/vec4 v0x61d6fb0104c0_0;
    %or;
    %cmp/u;
    %jmp/1 T_23.118, 6;
    %jmp T_23.119;
T_23.116 ;
    %load/vec4 v0x61d6fb016130_0;
    %ix/load 4, 1, 0;
    %flag_set/imm 4, 0;
    %shiftl 4;
    %assign/vec4 v0x61d6fb016130_0, 0;
    %jmp T_23.119;
T_23.117 ;
    %load/vec4 v0x61d6fb016130_0;
    %ix/load 4, 1, 0;
    %flag_set/imm 4, 0;
    %shiftr 4;
    %assign/vec4 v0x61d6fb016130_0, 0;
    %jmp T_23.119;
T_23.118 ;
    %load/vec4 v0x61d6fb016130_0;
    %ix/load 4, 1, 0;
    %flag_set/imm 4, 0;
    %shiftr/s 4;
    %assign/vec4 v0x61d6fb016130_0, 0;
    %jmp T_23.119;
T_23.119 ;
    %pop/vec4 1;
    %load/vec4 v0x61d6fb0164b0_0;
    %subi 1, 0, 5;
    %assign/vec4 v0x61d6fb0164b0_0, 0;
T_23.111 ;
T_23.109 ;
    %jmp T_23.16;
T_23.14 ;
    %load/vec4 v0x61d6fb012810_0;
    %nor/r;
    %flag_set/vec4 8;
    %load/vec4 v0x61d6fb012b10_0;
    %flag_set/vec4 9;
    %flag_or 9, 8;
    %jmp/0xz  T_23.120, 9;
    %load/vec4 v0x61d6fb012a50_0;
    %nor/r;
    %flag_set/vec4 8;
    %jmp/0xz  T_23.122, 8;
    %pushi/vec4 1, 0, 1;
    %dup/vec4;
    %load/vec4 v0x61d6fb00fe00_0;
    %cmp/u;
    %jmp/1 T_23.124, 6;
    %dup/vec4;
    %load/vec4 v0x61d6fb00ff80_0;
    %cmp/u;
    %jmp/1 T_23.125, 6;
    %dup/vec4;
    %load/vec4 v0x61d6fb010880_0;
    %cmp/u;
    %jmp/1 T_23.126, 6;
    %jmp T_23.127;
T_23.124 ;
    %pushi/vec4 2, 0, 2;
    %assign/vec4 v0x61d6fb014400_0, 0;
    %jmp T_23.127;
T_23.125 ;
    %pushi/vec4 1, 0, 2;
    %assign/vec4 v0x61d6fb014400_0, 0;
    %jmp T_23.127;
T_23.126 ;
    %pushi/vec4 0, 0, 2;
    %assign/vec4 v0x61d6fb014400_0, 0;
    %jmp T_23.127;
T_23.127 ;
    %pop/vec4 1;
    %load/vec4 v0x61d6fb016130_0;
    %load/vec4 v0x61d6fb00dda0_0;
    %add;
    %assign/vec4 v0x61d6fb016130_0, 0;
    %pushi/vec4 1, 0, 1;
    %store/vec4 v0x61d6fb0167c0_0, 0, 1;
T_23.122 ;
    %load/vec4 v0x61d6fb012810_0;
    %nor/r;
    %load/vec4 v0x61d6fb012b10_0;
    %and;
    %flag_set/vec4 8;
    %jmp/0xz  T_23.128, 8;
    %pushi/vec4 64, 0, 8;
    %assign/vec4 v0x61d6fb00ba30_0, 0;
    %pushi/vec4 1, 0, 1;
    %assign/vec4 v0x61d6fb00e460_0, 0;
    %pushi/vec4 1, 0, 1;
    %assign/vec4 v0x61d6fb00e2e0_0, 0;
T_23.128 ;
T_23.120 ;
    %jmp T_23.16;
T_23.15 ;
    %pushi/vec4 1, 0, 1;
    %assign/vec4 v0x61d6fb012360_0, 0;
    %load/vec4 v0x61d6fb012810_0;
    %nor/r;
    %flag_set/vec4 8;
    %load/vec4 v0x61d6fb012b10_0;
    %flag_set/vec4 9;
    %flag_or 9, 8;
    %jmp/0xz  T_23.130, 9;
    %load/vec4 v0x61d6fb0128d0_0;
    %nor/r;
    %flag_set/vec4 8;
    %jmp/0xz  T_23.132, 8;
    %pushi/vec4 1, 0, 1;
    %dup/vec4;
    %load/vec4 v0x61d6fb00f380_0;
    %load/vec4 v0x61d6fb00f440_0;
    %or;
    %cmp/u;
    %jmp/1 T_23.134, 6;
    %dup/vec4;
    %load/vec4 v0x61d6fb00f500_0;
    %load/vec4 v0x61d6fb00f5c0_0;
    %or;
    %cmp/u;
    %jmp/1 T_23.135, 6;
    %dup/vec4;
    %load/vec4 v0x61d6fb00f740_0;
    %cmp/u;
    %jmp/1 T_23.136, 6;
    %jmp T_23.137;
T_23.134 ;
    %pushi/vec4 2, 0, 2;
    %assign/vec4 v0x61d6fb014400_0, 0;
    %jmp T_23.137;
T_23.135 ;
    %pushi/vec4 1, 0, 2;
    %assign/vec4 v0x61d6fb014400_0, 0;
    %jmp T_23.137;
T_23.136 ;
    %pushi/vec4 0, 0, 2;
    %assign/vec4 v0x61d6fb014400_0, 0;
    %jmp T_23.137;
T_23.137 ;
    %pop/vec4 1;
    %load/vec4 v0x61d6fb011680_0;
    %assign/vec4 v0x61d6fb012100_0, 0;
    %load/vec4 v0x61d6fb00f500_0;
    %assign/vec4 v0x61d6fb012040_0, 0;
    %load/vec4 v0x61d6fb00f380_0;
    %assign/vec4 v0x61d6fb011f80_0, 0;
    %load/vec4 v0x61d6fb016130_0;
    %load/vec4 v0x61d6fb00dda0_0;
    %add;
    %assign/vec4 v0x61d6fb016130_0, 0;
    %pushi/vec4 1, 0, 1;
    %store/vec4 v0x61d6fb016660_0, 0, 1;
T_23.132 ;
    %load/vec4 v0x61d6fb012810_0;
    %nor/r;
    %load/vec4 v0x61d6fb012b10_0;
    %and;
    %flag_set/vec4 8;
    %jmp/0xz  T_23.138, 8;
    %pushi/vec4 1, 0, 1;
    %dup/vec4;
    %load/vec4 v0x61d6fb012100_0;
    %cmp/u;
    %jmp/1 T_23.140, 6;
    %dup/vec4;
    %load/vec4 v0x61d6fb012040_0;
    %cmp/u;
    %jmp/1 T_23.141, 6;
    %dup/vec4;
    %load/vec4 v0x61d6fb011f80_0;
    %cmp/u;
    %jmp/1 T_23.142, 6;
    %jmp T_23.143;
T_23.140 ;
    %load/vec4 v0x61d6fb00cca0_0;
    %assign/vec4 v0x61d6fb0162f0_0, 0;
    %jmp T_23.143;
T_23.141 ;
    %load/vec4 v0x61d6fb00cca0_0;
    %parti/s 16, 0, 2;
    %pad/s 32;
    %assign/vec4 v0x61d6fb0162f0_0, 0;
    %jmp T_23.143;
T_23.142 ;
    %load/vec4 v0x61d6fb00cca0_0;
    %parti/s 8, 0, 2;
    %pad/s 32;
    %assign/vec4 v0x61d6fb0162f0_0, 0;
    %jmp T_23.143;
T_23.143 ;
    %pop/vec4 1;
    %pushi/vec4 1, 0, 1;
    %assign/vec4 v0x61d6fb00e460_0, 0;
    %pushi/vec4 1, 0, 1;
    %assign/vec4 v0x61d6fb00e2e0_0, 0;
    %pushi/vec4 64, 0, 8;
    %assign/vec4 v0x61d6fb00ba30_0, 0;
T_23.138 ;
T_23.130 ;
    %jmp T_23.16;
T_23.16 ;
    %pop/vec4 1;
T_23.7 ;
    %pushi/vec4 1, 0, 1;
    %load/vec4 v0x61d6fb016590_0;
    %and;
    %load/vec4 v0x61d6fb0128d0_0;
    %load/vec4 v0x61d6fb012a50_0;
    %or;
    %and;
    %flag_set/vec4 8;
    %jmp/0xz  T_23.144, 8;
    %load/vec4 v0x61d6fb014400_0;
    %pad/u 32;
    %pushi/vec4 0, 0, 32;
    %cmp/e;
    %flag_get/vec4 4;
    %load/vec4 v0x61d6fb016130_0;
    %parti/s 2, 0, 2;
    %pad/u 32;
    %pushi/vec4 0, 0, 32;
    %cmp/ne;
    %flag_get/vec4 4;
    %and;
    %flag_set/vec4 8;
    %jmp/0xz  T_23.146, 8;
    %pushi/vec4 0, 0, 1;
    %load/vec4 v0x61d6fb010f60_0;
    %parti/s 1, 2, 3;
    %nor/r;
    %and;
    %load/vec4 v0x61d6fb010de0_0;
    %nor/r;
    %and;
    %flag_set/vec4 8;
    %jmp/0xz  T_23.148, 8;
    %pushi/vec4 1, 0, 1;
    %ix/load 4, 2, 0;
    %flag_set/imm 4, 0;
    %store/vec4 v0x61d6fb0147f0_0, 4, 1;
    %jmp T_23.149;
T_23.148 ;
    %pushi/vec4 128, 0, 8;
    %assign/vec4 v0x61d6fb00ba30_0, 0;
T_23.149 ;
T_23.146 ;
    %load/vec4 v0x61d6fb014400_0;
    %pad/u 32;
    %pushi/vec4 1, 0, 32;
    %cmp/e;
    %flag_get/vec4 4;
    %load/vec4 v0x61d6fb016130_0;
    %parti/s 1, 0, 2;
    %pad/u 32;
    %pushi/vec4 0, 0, 32;
    %cmp/ne;
    %flag_get/vec4 4;
    %and;
    %flag_set/vec4 8;
    %jmp/0xz  T_23.150, 8;
    %pushi/vec4 0, 0, 1;
    %load/vec4 v0x61d6fb010f60_0;
    %parti/s 1, 2, 3;
    %nor/r;
    %and;
    %load/vec4 v0x61d6fb010de0_0;
    %nor/r;
    %and;
    %flag_set/vec4 8;
    %jmp/0xz  T_23.152, 8;
    %pushi/vec4 1, 0, 1;
    %ix/load 4, 2, 0;
    %flag_set/imm 4, 0;
    %store/vec4 v0x61d6fb0147f0_0, 4, 1;
    %jmp T_23.153;
T_23.152 ;
    %pushi/vec4 128, 0, 8;
    %assign/vec4 v0x61d6fb00ba30_0, 0;
T_23.153 ;
T_23.150 ;
T_23.144 ;
    %pushi/vec4 1, 0, 1;
    %load/vec4 v0x61d6fb016590_0;
    %and;
    %load/vec4 v0x61d6fb012990_0;
    %and;
    %load/vec4 v0x61d6fb0163d0_0;
    %parti/s 2, 0, 2;
    %or/r;
    %and;
    %flag_set/vec4 8;
    %jmp/0xz  T_23.154, 8;
    %pushi/vec4 0, 0, 1;
    %load/vec4 v0x61d6fb010f60_0;
    %parti/s 1, 2, 3;
    %nor/r;
    %and;
    %load/vec4 v0x61d6fb010de0_0;
    %nor/r;
    %and;
    %flag_set/vec4 8;
    %jmp/0xz  T_23.156, 8;
    %pushi/vec4 1, 0, 1;
    %ix/load 4, 2, 0;
    %flag_set/imm 4, 0;
    %store/vec4 v0x61d6fb0147f0_0, 4, 1;
    %jmp T_23.157;
T_23.156 ;
    %pushi/vec4 128, 0, 8;
    %assign/vec4 v0x61d6fb00ba30_0, 0;
T_23.157 ;
T_23.154 ;
    %pushi/vec4 0, 0, 1;
    %load/vec4 v0x61d6fb00e520_0;
    %and;
    %load/vec4 v0x61d6fb00e3a0_0;
    %nor/r;
    %and;
    %load/vec4 v0x61d6fb00efc0_0;
    %and;
    %flag_set/vec4 8;
    %jmp/0xz  T_23.158, 8;
    %pushi/vec4 128, 0, 8;
    %assign/vec4 v0x61d6fb00ba30_0, 0;
T_23.158 ;
    %load/vec4 v0x61d6fb016590_0;
    %nor/r;
    %flag_set/vec4 8;
    %load/vec4 v0x61d6fb012b10_0;
    %flag_set/vec4 9;
    %flag_or 9, 8;
    %jmp/0xz  T_23.160, 9;
    %pushi/vec4 0, 0, 1;
    %assign/vec4 v0x61d6fb012810_0, 0;
    %pushi/vec4 0, 0, 1;
    %assign/vec4 v0x61d6fb012990_0, 0;
    %pushi/vec4 0, 0, 1;
    %assign/vec4 v0x61d6fb0128d0_0, 0;
    %pushi/vec4 0, 0, 1;
    %assign/vec4 v0x61d6fb012a50_0, 0;
T_23.160 ;
    %load/vec4 v0x61d6fb016700_0;
    %flag_set/vec4 8;
    %jmp/0xz  T_23.162, 8;
    %pushi/vec4 1, 0, 1;
    %assign/vec4 v0x61d6fb012990_0, 0;
T_23.162 ;
    %load/vec4 v0x61d6fb016660_0;
    %flag_set/vec4 8;
    %jmp/0xz  T_23.164, 8;
    %pushi/vec4 1, 0, 1;
    %assign/vec4 v0x61d6fb0128d0_0, 0;
T_23.164 ;
    %load/vec4 v0x61d6fb0167c0_0;
    %flag_set/vec4 8;
    %jmp/0xz  T_23.166, 8;
    %pushi/vec4 1, 0, 1;
    %assign/vec4 v0x61d6fb012a50_0, 0;
T_23.166 ;
    %load/vec4 v0x61d6fb0147f0_0;
    %pushi/vec4 4294967295, 0, 32;
    %and;
    %assign/vec4 v0x61d6fb011040_0, 0;
    %pushi/vec4 4294967295, 4294967295, 32;
    %store/vec4 v0x61d6fb00c330_0, 0, 32;
    %jmp T_23;
    .thread T_23;
    .scope S_0x61d6faed9280;
T_24 ;
    %wait E_0x61d6fb019150;
    %load/vec4 v0x61d6fb01a1d0_0;
    %flag_set/vec4 8;
    %jmp/0xz  T_24.0, 8;
    %load/vec4 v0x61d6fb01a0f0_0;
    %load/vec4 v0x61d6fb01a010_0;
    %parti/s 5, 0, 2;
    %inv;
    %pad/u 7;
    %ix/vec4 3;
    %ix/load 4, 0, 0; Constant delay
    %assign/vec4/a/d v0x61d6fb019f50, 0, 4;
T_24.0 ;
    %jmp T_24;
    .thread T_24;
    .scope S_0x61d6fb01d6a0;
T_25 ;
    %wait E_0x61d6fb01d880;
    %load/vec4 v0x61d6fb028690_0;
    %flag_set/vec4 8;
    %jmp/0 T_25.0, 8;
    %load/vec4 v0x61d6fb02e080_0;
    %load/vec4 v0x61d6fb02e160_0;
    %sub;
    %jmp/1 T_25.1, 8;
T_25.0 ; End of true expr.
    %load/vec4 v0x61d6fb02e080_0;
    %load/vec4 v0x61d6fb02e160_0;
    %add;
    %jmp/0 T_25.1, 8;
 ; End of false expr.
    %blend;
T_25.1;
    %store/vec4 v0x61d6fb022560_0, 0, 32;
    %load/vec4 v0x61d6fb02e080_0;
    %load/vec4 v0x61d6fb02e160_0;
    %cmp/e;
    %flag_get/vec4 4;
    %store/vec4 v0x61d6fb022640_0, 0, 1;
    %load/vec4 v0x61d6fb02e080_0;
    %load/vec4 v0x61d6fb02e160_0;
    %cmp/s;
    %flag_get/vec4 5;
    %store/vec4 v0x61d6fb022700_0, 0, 1;
    %load/vec4 v0x61d6fb02e080_0;
    %load/vec4 v0x61d6fb02e160_0;
    %cmp/u;
    %flag_get/vec4 5;
    %store/vec4 v0x61d6fb0227c0_0, 0, 1;
    %load/vec4 v0x61d6fb02e080_0;
    %load/vec4 v0x61d6fb02e160_0;
    %parti/s 5, 0, 2;
    %ix/vec4 4;
    %shiftl 4;
    %store/vec4 v0x61d6fb022bc0_0, 0, 32;
    %load/vec4 v0x61d6fb028390_0;
    %flag_set/vec4 8;
    %load/vec4 v0x61d6fb028450_0;
    %flag_set/vec4 9;
    %flag_or 9, 8;
    %jmp/0 T_25.2, 9;
    %load/vec4 v0x61d6fb02e080_0;
    %parti/s 1, 31, 6;
    %jmp/1 T_25.3, 9;
T_25.2 ; End of true expr.
    %pushi/vec4 0, 0, 1;
    %jmp/0 T_25.3, 9;
 ; End of false expr.
    %blend;
T_25.3;
    %load/vec4 v0x61d6fb02e080_0;
    %concat/vec4; draw_concat_vec4
    %load/vec4 v0x61d6fb02e160_0;
    %parti/s 5, 0, 2;
    %ix/vec4 4;
    %shiftr/s 4;
    %pad/s 32;
    %store/vec4 v0x61d6fb022ca0_0, 0, 32;
    %jmp T_25;
    .thread T_25, $push;
    .scope S_0x61d6fb01a410;
T_26 ;
    %end;
    .thread T_26;
    .scope S_0x61d6fb01a410;
T_27 ;
    %wait E_0x61d6fb01d030;
    %pushi/vec4 0, 0, 1;
    %store/vec4 v0x61d6fb02cf60_0, 0, 1;
    %pushi/vec4 4294967295, 4294967295, 32;
    %store/vec4 v0x61d6fb02cd00_0, 0, 32;
    %pushi/vec4 0, 0, 1;
    %load/vec4 v0x61d6fb02d820_0;
    %and;
    %pushi/vec4 0, 0, 1;
    %load/vec4 v0x61d6fb02d1c0_0;
    %and;
    %concat/vec4; draw_concat_vec4
    %pushi/vec4 0, 0, 1;
    %load/vec4 v0x61d6fb02caa0_0;
    %and;
    %concat/vec4; draw_concat_vec4
    %or/r;
    %store/vec4 v0x61d6fb02cea0_0, 0, 1;
    %pushi/vec4 0, 0, 1;
    %load/vec4 v0x61d6fb02d420_0;
    %and;
    %pushi/vec4 0, 0, 1;
    %load/vec4 v0x61d6fb02d100_0;
    %and;
    %concat/vec4; draw_concat_vec4
    %pushi/vec4 0, 0, 1;
    %load/vec4 v0x61d6fb02c9e0_0;
    %and;
    %concat/vec4; draw_concat_vec4
    %or/r;
    %store/vec4 v0x61d6fb02cde0_0, 0, 1;
    %pushi/vec4 1, 0, 1;
    %dup/vec4;
    %pushi/vec4 0, 0, 1;
    %load/vec4 v0x61d6fb02d420_0;
    %and;
    %cmp/u;
    %jmp/1 T_27.0, 6;
    %dup/vec4;
    %pushi/vec4 0, 0, 1;
    %load/vec4 v0x61d6fb02d100_0;
    %and;
    %cmp/u;
    %jmp/1 T_27.1, 6;
    %dup/vec4;
    %pushi/vec4 0, 0, 1;
    %load/vec4 v0x61d6fb02c9e0_0;
    %and;
    %cmp/u;
    %jmp/1 T_27.2, 6;
    %jmp T_27.3;
T_27.0 ;
    %pushi/vec4 0, 0, 1;
    %store/vec4 v0x61d6fb02cf60_0, 0, 1;
    %pushi/vec4 0, 0, 32;
    %store/vec4 v0x61d6fb02cd00_0, 0, 32;
    %jmp T_27.3;
T_27.1 ;
    %load/vec4 v0x61d6fb02d280_0;
    %store/vec4 v0x61d6fb02cf60_0, 0, 1;
    %load/vec4 v0x61d6fb02d020_0;
    %store/vec4 v0x61d6fb02cd00_0, 0, 32;
    %jmp T_27.3;
T_27.2 ;
    %load/vec4 v0x61d6fb02cb60_0;
    %store/vec4 v0x61d6fb02cf60_0, 0, 1;
    %load/vec4 v0x61d6fb02c900_0;
    %store/vec4 v0x61d6fb02cd00_0, 0, 32;
    %jmp T_27.3;
T_27.3 ;
    %pop/vec4 1;
    %jmp T_27;
    .thread T_27, $push;
    .scope S_0x61d6fb01a410;
T_28 ;
    %wait E_0x61d6fb01c7f0;
    %load/vec4 v0x61d6fb02e4e0_0;
    %nor/r;
    %flag_set/vec4 8;
    %jmp/0xz  T_28.0, 8;
    %pushi/vec4 0, 0, 1;
    %assign/vec4 v0x61d6fb02ad10_0, 0;
    %pushi/vec4 0, 0, 1;
    %assign/vec4 v0x61d6fb029c10_0, 0;
    %jmp T_28.1;
T_28.0 ;
    %load/vec4 v0x61d6fb029c10_0;
    %nor/r;
    %flag_set/vec4 8;
    %jmp/0xz  T_28.2, 8;
    %load/vec4 v0x61d6fb02ac50_0;
    %assign/vec4 v0x61d6fb02ad10_0, 0;
T_28.2 ;
    %load/vec4 v0x61d6fb02c180_0;
    %load/vec4 v0x61d6fb024c60_0;
    %nor/r;
    %and;
    %assign/vec4 v0x61d6fb029c10_0, 0;
T_28.1 ;
    %jmp T_28;
    .thread T_28;
    .scope S_0x61d6fb01a410;
T_29 ;
    %wait E_0x61d6fb01cc90;
    %load/vec4 v0x61d6fb02c300_0;
    %dup/vec4;
    %pushi/vec4 0, 0, 2;
    %cmp/u;
    %jmp/1 T_29.0, 6;
    %dup/vec4;
    %pushi/vec4 1, 0, 2;
    %cmp/u;
    %jmp/1 T_29.1, 6;
    %dup/vec4;
    %pushi/vec4 2, 0, 2;
    %cmp/u;
    %jmp/1 T_29.2, 6;
    %jmp T_29.3;
T_29.0 ;
    %load/vec4 v0x61d6fb02e160_0;
    %store/vec4 v0x61d6fb02b0d0_0, 0, 32;
    %pushi/vec4 15, 0, 4;
    %store/vec4 v0x61d6fb024720_0, 0, 4;
    %load/vec4 v0x61d6fb024800_0;
    %store/vec4 v0x61d6fb024b80_0, 0, 32;
    %jmp T_29.3;
T_29.1 ;
    %load/vec4 v0x61d6fb02e160_0;
    %parti/s 16, 0, 2;
    %replicate 2;
    %store/vec4 v0x61d6fb02b0d0_0, 0, 32;
    %load/vec4 v0x61d6fb02e080_0;
    %parti/s 1, 1, 2;
    %flag_set/vec4 8;
    %jmp/0 T_29.4, 8;
    %pushi/vec4 12, 0, 4;
    %jmp/1 T_29.5, 8;
T_29.4 ; End of true expr.
    %pushi/vec4 3, 0, 4;
    %jmp/0 T_29.5, 8;
 ; End of false expr.
    %blend;
T_29.5;
    %store/vec4 v0x61d6fb024720_0, 0, 4;
    %load/vec4 v0x61d6fb02e080_0;
    %parti/s 1, 1, 2;
    %dup/vec4;
    %pushi/vec4 0, 0, 1;
    %cmp/u;
    %jmp/1 T_29.6, 6;
    %dup/vec4;
    %pushi/vec4 1, 0, 1;
    %cmp/u;
    %jmp/1 T_29.7, 6;
    %jmp T_29.8;
T_29.6 ;
    %pushi/vec4 0, 0, 16;
    %load/vec4 v0x61d6fb024800_0;
    %parti/s 16, 0, 2;
    %concat/vec4; draw_concat_vec4
    %store/vec4 v0x61d6fb024b80_0, 0, 32;
    %jmp T_29.8;
T_29.7 ;
    %pushi/vec4 0, 0, 16;
    %load/vec4 v0x61d6fb024800_0;
    %parti/s 16, 16, 6;
    %concat/vec4; draw_concat_vec4
    %store/vec4 v0x61d6fb024b80_0, 0, 32;
    %jmp T_29.8;
T_29.8 ;
    %pop/vec4 1;
    %jmp T_29.3;
T_29.2 ;
    %load/vec4 v0x61d6fb02e160_0;
    %parti/s 8, 0, 2;
    %replicate 4;
    %store/vec4 v0x61d6fb02b0d0_0, 0, 32;
    %pushi/vec4 1, 0, 4;
    %load/vec4 v0x61d6fb02e080_0;
    %parti/s 2, 0, 2;
    %ix/vec4 4;
    %shiftl 4;
    %store/vec4 v0x61d6fb024720_0, 0, 4;
    %load/vec4 v0x61d6fb02e080_0;
    %parti/s 2, 0, 2;
    %dup/vec4;
    %pushi/vec4 0, 0, 2;
    %cmp/u;
    %jmp/1 T_29.9, 6;
    %dup/vec4;
    %pushi/vec4 1, 0, 2;
    %cmp/u;
    %jmp/1 T_29.10, 6;
    %dup/vec4;
    %pushi/vec4 2, 0, 2;
    %cmp/u;
    %jmp/1 T_29.11, 6;
    %dup/vec4;
    %pushi/vec4 3, 0, 2;
    %cmp/u;
    %jmp/1 T_29.12, 6;
    %jmp T_29.13;
T_29.9 ;
    %pushi/vec4 0, 0, 24;
    %load/vec4 v0x61d6fb024800_0;
    %parti/s 8, 0, 2;
    %concat/vec4; draw_concat_vec4
    %store/vec4 v0x61d6fb024b80_0, 0, 32;
    %jmp T_29.13;
T_29.10 ;
    %pushi/vec4 0, 0, 24;
    %load/vec4 v0x61d6fb024800_0;
    %parti/s 8, 8, 5;
    %concat/vec4; draw_concat_vec4
    %store/vec4 v0x61d6fb024b80_0, 0, 32;
    %jmp T_29.13;
T_29.11 ;
    %pushi/vec4 0, 0, 24;
    %load/vec4 v0x61d6fb024800_0;
    %parti/s 8, 16, 6;
    %concat/vec4; draw_concat_vec4
    %store/vec4 v0x61d6fb024b80_0, 0, 32;
    %jmp T_29.13;
T_29.12 ;
    %pushi/vec4 0, 0, 24;
    %load/vec4 v0x61d6fb024800_0;
    %parti/s 8, 24, 6;
    %concat/vec4; draw_concat_vec4
    %store/vec4 v0x61d6fb024b80_0, 0, 32;
    %jmp T_29.13;
T_29.13 ;
    %pop/vec4 1;
    %jmp T_29.3;
T_29.3 ;
    %pop/vec4 1;
    %jmp T_29;
    .thread T_29, $push;
    .scope S_0x61d6fb01a410;
T_30 ;
    %wait E_0x61d6fb01c7f0;
    %load/vec4 v0x61d6fb02c4c0_0;
    %flag_set/vec4 8;
    %jmp/0xz  T_30.0, 8;
    %load/vec4 v0x61d6fb024800_0;
    %assign/vec4 v0x61d6fb024aa0_0, 0;
    %load/vec4 v0x61d6fb024800_0;
    %assign/vec4 v0x61d6fb02c660_0, 0;
T_30.0 ;
    %pushi/vec4 0, 0, 1;
    %load/vec4 v0x61d6fb02a9f0_0;
    %and;
    %load/vec4 v0x61d6fb02a6f0_0;
    %load/vec4 v0x61d6fb02a870_0;
    %or;
    %and;
    %flag_set/vec4 8;
    %jmp/0xz  T_30.2, 8;
    %load/vec4 v0x61d6fb0248e0_0;
    %parti/s 2, 0, 2;
    %dup/vec4;
    %pushi/vec4 0, 0, 2;
    %cmp/u;
    %jmp/1 T_30.4, 6;
    %dup/vec4;
    %pushi/vec4 1, 0, 2;
    %cmp/u;
    %jmp/1 T_30.5, 6;
    %dup/vec4;
    %pushi/vec4 2, 0, 2;
    %cmp/u;
    %jmp/1 T_30.6, 6;
    %jmp T_30.7;
T_30.4 ;
    %load/vec4 v0x61d6fb0248e0_0;
    %parti/s 3, 13, 5;
    %dup/vec4;
    %pushi/vec4 0, 0, 3;
    %cmp/u;
    %jmp/1 T_30.8, 6;
    %dup/vec4;
    %pushi/vec4 2, 0, 3;
    %cmp/u;
    %jmp/1 T_30.9, 6;
    %dup/vec4;
    %pushi/vec4 6, 0, 3;
    %cmp/u;
    %jmp/1 T_30.10, 6;
    %jmp T_30.11;
T_30.8 ;
    %pushi/vec4 0, 0, 3;
    %ix/load 4, 12, 0;
    %ix/load 5, 0, 0;
    %flag_set/imm 4, 0;
    %assign/vec4/off/d v0x61d6fb024aa0_0, 4, 5;
    %pushi/vec4 0, 0, 2;
    %load/vec4 v0x61d6fb0248e0_0;
    %parti/s 4, 7, 4;
    %concat/vec4; draw_concat_vec4
    %load/vec4 v0x61d6fb0248e0_0;
    %parti/s 2, 11, 5;
    %concat/vec4; draw_concat_vec4
    %load/vec4 v0x61d6fb0248e0_0;
    %parti/s 1, 5, 4;
    %concat/vec4; draw_concat_vec4
    %load/vec4 v0x61d6fb0248e0_0;
    %parti/s 1, 6, 4;
    %concat/vec4; draw_concat_vec4
    %concati/vec4 0, 0, 2;
    %ix/load 4, 20, 0;
    %ix/load 5, 0, 0;
    %flag_set/imm 4, 0;
    %assign/vec4/off/d v0x61d6fb024aa0_0, 4, 5;
    %jmp T_30.11;
T_30.9 ;
    %pushi/vec4 0, 0, 5;
    %load/vec4 v0x61d6fb0248e0_0;
    %parti/s 1, 5, 4;
    %concat/vec4; draw_concat_vec4
    %load/vec4 v0x61d6fb0248e0_0;
    %parti/s 3, 10, 5;
    %concat/vec4; draw_concat_vec4
    %load/vec4 v0x61d6fb0248e0_0;
    %parti/s 1, 6, 4;
    %concat/vec4; draw_concat_vec4
    %concati/vec4 0, 0, 2;
    %ix/load 4, 20, 0;
    %ix/load 5, 0, 0;
    %flag_set/imm 4, 0;
    %assign/vec4/off/d v0x61d6fb024aa0_0, 4, 5;
    %pushi/vec4 2, 0, 3;
    %ix/load 4, 12, 0;
    %ix/load 5, 0, 0;
    %flag_set/imm 4, 0;
    %assign/vec4/off/d v0x61d6fb024aa0_0, 4, 5;
    %jmp T_30.11;
T_30.10 ;
    %pushi/vec4 0, 0, 5;
    %load/vec4 v0x61d6fb0248e0_0;
    %parti/s 1, 5, 4;
    %concat/vec4; draw_concat_vec4
    %load/vec4 v0x61d6fb0248e0_0;
    %parti/s 3, 10, 5;
    %concat/vec4; draw_concat_vec4
    %load/vec4 v0x61d6fb0248e0_0;
    %parti/s 1, 6, 4;
    %concat/vec4; draw_concat_vec4
    %concati/vec4 0, 0, 2;
    %split/vec4 5;
    %ix/load 4, 7, 0;
    %ix/load 5, 0, 0;
    %flag_set/imm 4, 0;
    %assign/vec4/off/d v0x61d6fb024aa0_0, 4, 5;
    %ix/load 4, 25, 0;
    %ix/load 5, 0, 0;
    %flag_set/imm 4, 0;
    %assign/vec4/off/d v0x61d6fb024aa0_0, 4, 5;
    %pushi/vec4 2, 0, 3;
    %ix/load 4, 12, 0;
    %ix/load 5, 0, 0;
    %flag_set/imm 4, 0;
    %assign/vec4/off/d v0x61d6fb024aa0_0, 4, 5;
    %jmp T_30.11;
T_30.11 ;
    %pop/vec4 1;
    %jmp T_30.7;
T_30.5 ;
    %load/vec4 v0x61d6fb0248e0_0;
    %parti/s 3, 13, 5;
    %dup/vec4;
    %pushi/vec4 0, 0, 3;
    %cmp/u;
    %jmp/1 T_30.12, 6;
    %dup/vec4;
    %pushi/vec4 2, 0, 3;
    %cmp/u;
    %jmp/1 T_30.13, 6;
    %dup/vec4;
    %pushi/vec4 3, 0, 3;
    %cmp/u;
    %jmp/1 T_30.14, 6;
    %dup/vec4;
    %pushi/vec4 4, 0, 3;
    %cmp/u;
    %jmp/1 T_30.15, 6;
    %dup/vec4;
    %pushi/vec4 6, 0, 3;
    %cmp/u;
    %jmp/1 T_30.16, 6;
    %dup/vec4;
    %pushi/vec4 7, 0, 3;
    %cmp/u;
    %jmp/1 T_30.17, 6;
    %jmp T_30.18;
T_30.12 ;
    %pushi/vec4 0, 0, 3;
    %ix/load 4, 12, 0;
    %ix/load 5, 0, 0;
    %flag_set/imm 4, 0;
    %assign/vec4/off/d v0x61d6fb024aa0_0, 4, 5;
    %load/vec4 v0x61d6fb0248e0_0;
    %parti/s 1, 12, 5;
    %load/vec4 v0x61d6fb0248e0_0;
    %parti/s 5, 2, 3;
    %concat/vec4; draw_concat_vec4
    %pad/s 12;
    %ix/load 4, 20, 0;
    %ix/load 5, 0, 0;
    %flag_set/imm 4, 0;
    %assign/vec4/off/d v0x61d6fb024aa0_0, 4, 5;
    %jmp T_30.18;
T_30.13 ;
    %pushi/vec4 0, 0, 3;
    %ix/load 4, 12, 0;
    %ix/load 5, 0, 0;
    %flag_set/imm 4, 0;
    %assign/vec4/off/d v0x61d6fb024aa0_0, 4, 5;
    %load/vec4 v0x61d6fb0248e0_0;
    %parti/s 1, 12, 5;
    %load/vec4 v0x61d6fb0248e0_0;
    %parti/s 5, 2, 3;
    %concat/vec4; draw_concat_vec4
    %pad/s 12;
    %ix/load 4, 20, 0;
    %ix/load 5, 0, 0;
    %flag_set/imm 4, 0;
    %assign/vec4/off/d v0x61d6fb024aa0_0, 4, 5;
    %jmp T_30.18;
T_30.14 ;
    %load/vec4 v0x61d6fb0248e0_0;
    %parti/s 5, 7, 4;
    %pad/u 32;
    %cmpi/e 2, 0, 32;
    %jmp/0xz  T_30.19, 4;
    %pushi/vec4 0, 0, 3;
    %ix/load 4, 12, 0;
    %ix/load 5, 0, 0;
    %flag_set/imm 4, 0;
    %assign/vec4/off/d v0x61d6fb024aa0_0, 4, 5;
    %load/vec4 v0x61d6fb0248e0_0;
    %parti/s 1, 12, 5;
    %load/vec4 v0x61d6fb0248e0_0;
    %parti/s 2, 3, 3;
    %concat/vec4; draw_concat_vec4
    %load/vec4 v0x61d6fb0248e0_0;
    %parti/s 1, 5, 4;
    %concat/vec4; draw_concat_vec4
    %load/vec4 v0x61d6fb0248e0_0;
    %parti/s 1, 2, 3;
    %concat/vec4; draw_concat_vec4
    %load/vec4 v0x61d6fb0248e0_0;
    %parti/s 1, 6, 4;
    %concat/vec4; draw_concat_vec4
    %concati/vec4 0, 0, 4;
    %pad/s 12;
    %ix/load 4, 20, 0;
    %ix/load 5, 0, 0;
    %flag_set/imm 4, 0;
    %assign/vec4/off/d v0x61d6fb024aa0_0, 4, 5;
    %jmp T_30.20;
T_30.19 ;
    %load/vec4 v0x61d6fb0248e0_0;
    %parti/s 1, 12, 5;
    %load/vec4 v0x61d6fb0248e0_0;
    %parti/s 5, 2, 3;
    %concat/vec4; draw_concat_vec4
    %pad/s 20;
    %ix/load 4, 12, 0;
    %ix/load 5, 0, 0;
    %flag_set/imm 4, 0;
    %assign/vec4/off/d v0x61d6fb024aa0_0, 4, 5;
T_30.20 ;
    %jmp T_30.18;
T_30.15 ;
    %load/vec4 v0x61d6fb0248e0_0;
    %parti/s 2, 10, 5;
    %cmpi/e 0, 0, 2;
    %jmp/0xz  T_30.21, 4;
    %pushi/vec4 0, 0, 7;
    %ix/load 4, 25, 0;
    %ix/load 5, 0, 0;
    %flag_set/imm 4, 0;
    %assign/vec4/off/d v0x61d6fb024aa0_0, 4, 5;
    %pushi/vec4 5, 0, 3;
    %ix/load 4, 12, 0;
    %ix/load 5, 0, 0;
    %flag_set/imm 4, 0;
    %assign/vec4/off/d v0x61d6fb024aa0_0, 4, 5;
T_30.21 ;
    %load/vec4 v0x61d6fb0248e0_0;
    %parti/s 2, 10, 5;
    %cmpi/e 1, 0, 2;
    %jmp/0xz  T_30.23, 4;
    %pushi/vec4 32, 0, 7;
    %ix/load 4, 25, 0;
    %ix/load 5, 0, 0;
    %flag_set/imm 4, 0;
    %assign/vec4/off/d v0x61d6fb024aa0_0, 4, 5;
    %pushi/vec4 5, 0, 3;
    %ix/load 4, 12, 0;
    %ix/load 5, 0, 0;
    %flag_set/imm 4, 0;
    %assign/vec4/off/d v0x61d6fb024aa0_0, 4, 5;
T_30.23 ;
    %load/vec4 v0x61d6fb0248e0_0;
    %parti/s 2, 10, 5;
    %cmpi/e 2, 0, 2;
    %jmp/0xz  T_30.25, 4;
    %pushi/vec4 7, 0, 3;
    %ix/load 4, 12, 0;
    %ix/load 5, 0, 0;
    %flag_set/imm 4, 0;
    %assign/vec4/off/d v0x61d6fb024aa0_0, 4, 5;
    %load/vec4 v0x61d6fb0248e0_0;
    %parti/s 1, 12, 5;
    %load/vec4 v0x61d6fb0248e0_0;
    %parti/s 5, 2, 3;
    %concat/vec4; draw_concat_vec4
    %pad/s 12;
    %ix/load 4, 20, 0;
    %ix/load 5, 0, 0;
    %flag_set/imm 4, 0;
    %assign/vec4/off/d v0x61d6fb024aa0_0, 4, 5;
T_30.25 ;
    %load/vec4 v0x61d6fb0248e0_0;
    %parti/s 3, 10, 5;
    %cmpi/e 3, 0, 3;
    %jmp/0xz  T_30.27, 4;
    %load/vec4 v0x61d6fb0248e0_0;
    %parti/s 2, 5, 4;
    %cmpi/e 0, 0, 2;
    %jmp/0xz  T_30.29, 4;
    %pushi/vec4 0, 0, 3;
    %ix/load 4, 12, 0;
    %ix/load 5, 0, 0;
    %flag_set/imm 4, 0;
    %assign/vec4/off/d v0x61d6fb024aa0_0, 4, 5;
T_30.29 ;
    %load/vec4 v0x61d6fb0248e0_0;
    %parti/s 2, 5, 4;
    %cmpi/e 1, 0, 2;
    %jmp/0xz  T_30.31, 4;
    %pushi/vec4 4, 0, 3;
    %ix/load 4, 12, 0;
    %ix/load 5, 0, 0;
    %flag_set/imm 4, 0;
    %assign/vec4/off/d v0x61d6fb024aa0_0, 4, 5;
T_30.31 ;
    %load/vec4 v0x61d6fb0248e0_0;
    %parti/s 2, 5, 4;
    %cmpi/e 2, 0, 2;
    %jmp/0xz  T_30.33, 4;
    %pushi/vec4 6, 0, 3;
    %ix/load 4, 12, 0;
    %ix/load 5, 0, 0;
    %flag_set/imm 4, 0;
    %assign/vec4/off/d v0x61d6fb024aa0_0, 4, 5;
T_30.33 ;
    %load/vec4 v0x61d6fb0248e0_0;
    %parti/s 2, 5, 4;
    %cmpi/e 3, 0, 2;
    %jmp/0xz  T_30.35, 4;
    %pushi/vec4 7, 0, 3;
    %ix/load 4, 12, 0;
    %ix/load 5, 0, 0;
    %flag_set/imm 4, 0;
    %assign/vec4/off/d v0x61d6fb024aa0_0, 4, 5;
T_30.35 ;
    %load/vec4 v0x61d6fb0248e0_0;
    %parti/s 2, 5, 4;
    %cmpi/e 0, 0, 2;
    %flag_mov 8, 4;
    %jmp/0 T_30.37, 8;
    %pushi/vec4 32, 0, 7;
    %jmp/1 T_30.38, 8;
T_30.37 ; End of true expr.
    %pushi/vec4 0, 0, 7;
    %jmp/0 T_30.38, 8;
 ; End of false expr.
    %blend;
T_30.38;
    %ix/load 4, 25, 0;
    %ix/load 5, 0, 0;
    %flag_set/imm 4, 0;
    %assign/vec4/off/d v0x61d6fb024aa0_0, 4, 5;
T_30.27 ;
    %jmp T_30.18;
T_30.16 ;
    %pushi/vec4 0, 0, 3;
    %ix/load 4, 12, 0;
    %ix/load 5, 0, 0;
    %flag_set/imm 4, 0;
    %assign/vec4/off/d v0x61d6fb024aa0_0, 4, 5;
    %load/vec4 v0x61d6fb0248e0_0;
    %parti/s 1, 12, 5;
    %load/vec4 v0x61d6fb0248e0_0;
    %parti/s 2, 5, 4;
    %concat/vec4; draw_concat_vec4
    %load/vec4 v0x61d6fb0248e0_0;
    %parti/s 1, 2, 3;
    %concat/vec4; draw_concat_vec4
    %load/vec4 v0x61d6fb0248e0_0;
    %parti/s 2, 10, 5;
    %concat/vec4; draw_concat_vec4
    %load/vec4 v0x61d6fb0248e0_0;
    %parti/s 2, 3, 3;
    %concat/vec4; draw_concat_vec4
    %pad/s 12;
    %split/vec4 4;
    %ix/load 4, 8, 0;
    %ix/load 5, 0, 0;
    %flag_set/imm 4, 0;
    %assign/vec4/off/d v0x61d6fb024aa0_0, 4, 5;
    %split/vec4 6;
    %ix/load 4, 25, 0;
    %ix/load 5, 0, 0;
    %flag_set/imm 4, 0;
    %assign/vec4/off/d v0x61d6fb024aa0_0, 4, 5;
    %split/vec4 1;
    %ix/load 4, 7, 0;
    %ix/load 5, 0, 0;
    %flag_set/imm 4, 0;
    %assign/vec4/off/d v0x61d6fb024aa0_0, 4, 5;
    %ix/load 4, 31, 0;
    %ix/load 5, 0, 0;
    %flag_set/imm 4, 0;
    %assign/vec4/off/d v0x61d6fb024aa0_0, 4, 5;
    %jmp T_30.18;
T_30.17 ;
    %pushi/vec4 1, 0, 3;
    %ix/load 4, 12, 0;
    %ix/load 5, 0, 0;
    %flag_set/imm 4, 0;
    %assign/vec4/off/d v0x61d6fb024aa0_0, 4, 5;
    %load/vec4 v0x61d6fb0248e0_0;
    %parti/s 1, 12, 5;
    %load/vec4 v0x61d6fb0248e0_0;
    %parti/s 2, 5, 4;
    %concat/vec4; draw_concat_vec4
    %load/vec4 v0x61d6fb0248e0_0;
    %parti/s 1, 2, 3;
    %concat/vec4; draw_concat_vec4
    %load/vec4 v0x61d6fb0248e0_0;
    %parti/s 2, 10, 5;
    %concat/vec4; draw_concat_vec4
    %load/vec4 v0x61d6fb0248e0_0;
    %parti/s 2, 3, 3;
    %concat/vec4; draw_concat_vec4
    %pad/s 12;
    %split/vec4 4;
    %ix/load 4, 8, 0;
    %ix/load 5, 0, 0;
    %flag_set/imm 4, 0;
    %assign/vec4/off/d v0x61d6fb024aa0_0, 4, 5;
    %split/vec4 6;
    %ix/load 4, 25, 0;
    %ix/load 5, 0, 0;
    %flag_set/imm 4, 0;
    %assign/vec4/off/d v0x61d6fb024aa0_0, 4, 5;
    %split/vec4 1;
    %ix/load 4, 7, 0;
    %ix/load 5, 0, 0;
    %flag_set/imm 4, 0;
    %assign/vec4/off/d v0x61d6fb024aa0_0, 4, 5;
    %ix/load 4, 31, 0;
    %ix/load 5, 0, 0;
    %flag_set/imm 4, 0;
    %assign/vec4/off/d v0x61d6fb024aa0_0, 4, 5;
    %jmp T_30.18;
T_30.18 ;
    %pop/vec4 1;
    %jmp T_30.7;
T_30.6 ;
    %load/vec4 v0x61d6fb0248e0_0;
    %parti/s 3, 13, 5;
    %dup/vec4;
    %pushi/vec4 0, 0, 3;
    %cmp/u;
    %jmp/1 T_30.39, 6;
    %dup/vec4;
    %pushi/vec4 2, 0, 3;
    %cmp/u;
    %jmp/1 T_30.40, 6;
    %dup/vec4;
    %pushi/vec4 4, 0, 3;
    %cmp/u;
    %jmp/1 T_30.41, 6;
    %dup/vec4;
    %pushi/vec4 6, 0, 3;
    %cmp/u;
    %jmp/1 T_30.42, 6;
    %jmp T_30.43;
T_30.39 ;
    %pushi/vec4 0, 0, 7;
    %ix/load 4, 25, 0;
    %ix/load 5, 0, 0;
    %flag_set/imm 4, 0;
    %assign/vec4/off/d v0x61d6fb024aa0_0, 4, 5;
    %pushi/vec4 1, 0, 3;
    %ix/load 4, 12, 0;
    %ix/load 5, 0, 0;
    %flag_set/imm 4, 0;
    %assign/vec4/off/d v0x61d6fb024aa0_0, 4, 5;
    %jmp T_30.43;
T_30.40 ;
    %pushi/vec4 0, 0, 4;
    %load/vec4 v0x61d6fb0248e0_0;
    %parti/s 2, 2, 3;
    %concat/vec4; draw_concat_vec4
    %load/vec4 v0x61d6fb0248e0_0;
    %parti/s 1, 12, 5;
    %concat/vec4; draw_concat_vec4
    %load/vec4 v0x61d6fb0248e0_0;
    %parti/s 3, 4, 4;
    %concat/vec4; draw_concat_vec4
    %concati/vec4 0, 0, 2;
    %ix/load 4, 20, 0;
    %ix/load 5, 0, 0;
    %flag_set/imm 4, 0;
    %assign/vec4/off/d v0x61d6fb024aa0_0, 4, 5;
    %pushi/vec4 2, 0, 3;
    %ix/load 4, 12, 0;
    %ix/load 5, 0, 0;
    %flag_set/imm 4, 0;
    %assign/vec4/off/d v0x61d6fb024aa0_0, 4, 5;
    %jmp T_30.43;
T_30.41 ;
    %load/vec4 v0x61d6fb0248e0_0;
    %parti/s 1, 12, 5;
    %pad/u 32;
    %pushi/vec4 0, 0, 32;
    %cmp/e;
    %flag_get/vec4 4;
    %load/vec4 v0x61d6fb0248e0_0;
    %parti/s 5, 2, 3;
    %pad/u 32;
    %pushi/vec4 0, 0, 32;
    %cmp/e;
    %flag_get/vec4 4;
    %and;
    %flag_set/vec4 8;
    %jmp/0xz  T_30.44, 8;
    %pushi/vec4 0, 0, 3;
    %ix/load 4, 12, 0;
    %ix/load 5, 0, 0;
    %flag_set/imm 4, 0;
    %assign/vec4/off/d v0x61d6fb024aa0_0, 4, 5;
    %pushi/vec4 0, 0, 12;
    %ix/load 4, 20, 0;
    %ix/load 5, 0, 0;
    %flag_set/imm 4, 0;
    %assign/vec4/off/d v0x61d6fb024aa0_0, 4, 5;
T_30.44 ;
    %load/vec4 v0x61d6fb0248e0_0;
    %parti/s 1, 12, 5;
    %pad/u 32;
    %pushi/vec4 0, 0, 32;
    %cmp/e;
    %flag_get/vec4 4;
    %load/vec4 v0x61d6fb0248e0_0;
    %parti/s 5, 2, 3;
    %pad/u 32;
    %pushi/vec4 0, 0, 32;
    %cmp/ne;
    %flag_get/vec4 4;
    %and;
    %flag_set/vec4 8;
    %jmp/0xz  T_30.46, 8;
    %pushi/vec4 0, 0, 3;
    %ix/load 4, 12, 0;
    %ix/load 5, 0, 0;
    %flag_set/imm 4, 0;
    %assign/vec4/off/d v0x61d6fb024aa0_0, 4, 5;
    %pushi/vec4 0, 0, 7;
    %ix/load 4, 25, 0;
    %ix/load 5, 0, 0;
    %flag_set/imm 4, 0;
    %assign/vec4/off/d v0x61d6fb024aa0_0, 4, 5;
T_30.46 ;
    %load/vec4 v0x61d6fb0248e0_0;
    %parti/s 1, 12, 5;
    %pad/u 32;
    %pushi/vec4 0, 0, 32;
    %cmp/ne;
    %flag_get/vec4 4;
    %load/vec4 v0x61d6fb0248e0_0;
    %parti/s 5, 7, 4;
    %pad/u 32;
    %pushi/vec4 0, 0, 32;
    %cmp/ne;
    %flag_get/vec4 4;
    %and;
    %load/vec4 v0x61d6fb0248e0_0;
    %parti/s 5, 2, 3;
    %pad/u 32;
    %pushi/vec4 0, 0, 32;
    %cmp/e;
    %flag_get/vec4 4;
    %and;
    %flag_set/vec4 8;
    %jmp/0xz  T_30.48, 8;
    %pushi/vec4 0, 0, 3;
    %ix/load 4, 12, 0;
    %ix/load 5, 0, 0;
    %flag_set/imm 4, 0;
    %assign/vec4/off/d v0x61d6fb024aa0_0, 4, 5;
    %pushi/vec4 0, 0, 12;
    %ix/load 4, 20, 0;
    %ix/load 5, 0, 0;
    %flag_set/imm 4, 0;
    %assign/vec4/off/d v0x61d6fb024aa0_0, 4, 5;
T_30.48 ;
    %load/vec4 v0x61d6fb0248e0_0;
    %parti/s 1, 12, 5;
    %pad/u 32;
    %pushi/vec4 0, 0, 32;
    %cmp/ne;
    %flag_get/vec4 4;
    %load/vec4 v0x61d6fb0248e0_0;
    %parti/s 5, 2, 3;
    %pad/u 32;
    %pushi/vec4 0, 0, 32;
    %cmp/ne;
    %flag_get/vec4 4;
    %and;
    %flag_set/vec4 8;
    %jmp/0xz  T_30.50, 8;
    %pushi/vec4 0, 0, 3;
    %ix/load 4, 12, 0;
    %ix/load 5, 0, 0;
    %flag_set/imm 4, 0;
    %assign/vec4/off/d v0x61d6fb024aa0_0, 4, 5;
    %pushi/vec4 0, 0, 7;
    %ix/load 4, 25, 0;
    %ix/load 5, 0, 0;
    %flag_set/imm 4, 0;
    %assign/vec4/off/d v0x61d6fb024aa0_0, 4, 5;
T_30.50 ;
    %jmp T_30.43;
T_30.42 ;
    %pushi/vec4 0, 0, 4;
    %load/vec4 v0x61d6fb0248e0_0;
    %parti/s 2, 7, 4;
    %concat/vec4; draw_concat_vec4
    %load/vec4 v0x61d6fb0248e0_0;
    %parti/s 4, 9, 5;
    %concat/vec4; draw_concat_vec4
    %concati/vec4 0, 0, 2;
    %split/vec4 5;
    %ix/load 4, 7, 0;
    %ix/load 5, 0, 0;
    %flag_set/imm 4, 0;
    %assign/vec4/off/d v0x61d6fb024aa0_0, 4, 5;
    %ix/load 4, 25, 0;
    %ix/load 5, 0, 0;
    %flag_set/imm 4, 0;
    %assign/vec4/off/d v0x61d6fb024aa0_0, 4, 5;
    %pushi/vec4 2, 0, 3;
    %ix/load 4, 12, 0;
    %ix/load 5, 0, 0;
    %flag_set/imm 4, 0;
    %assign/vec4/off/d v0x61d6fb024aa0_0, 4, 5;
    %jmp T_30.43;
T_30.43 ;
    %pop/vec4 1;
    %jmp T_30.7;
T_30.7 ;
    %pop/vec4 1;
T_30.2 ;
    %jmp T_30;
    .thread T_30;
    .scope S_0x61d6fb01a410;
T_31 ;
    %wait E_0x61d6fb01c7f0;
    %load/vec4 v0x61d6fb02e4e0_0;
    %load/vec4 v0x61d6fb02ea60_0;
    %nor/r;
    %and;
    %flag_set/vec4 8;
    %jmp/0xz  T_31.0, 8;
    %load/vec4 v0x61d6fb02a6f0_0;
    %flag_set/vec4 8;
    %load/vec4 v0x61d6fb02a870_0;
    %flag_set/vec4 9;
    %flag_or 9, 8;
    %load/vec4 v0x61d6fb02a7b0_0;
    %flag_set/vec4 8;
    %flag_or 8, 9;
    %jmp/0xz  T_31.2, 8;
    %fork TD_picorv32_wb.picorv32_core.empty_statement, S_0x61d6fb01d130;
    %join;
T_31.2 ;
    %load/vec4 v0x61d6fb02a6f0_0;
    %flag_set/vec4 8;
    %load/vec4 v0x61d6fb02a870_0;
    %flag_set/vec4 9;
    %flag_or 9, 8;
    %jmp/0xz  T_31.4, 9;
    %fork TD_picorv32_wb.picorv32_core.empty_statement, S_0x61d6fb01d130;
    %join;
T_31.4 ;
    %load/vec4 v0x61d6fb02a7b0_0;
    %flag_set/vec4 8;
    %jmp/0xz  T_31.6, 8;
    %fork TD_picorv32_wb.picorv32_core.empty_statement, S_0x61d6fb01d130;
    %join;
T_31.6 ;
    %load/vec4 v0x61d6fb02a930_0;
    %flag_set/vec4 8;
    %jmp/0xz  T_31.8, 8;
    %fork TD_picorv32_wb.picorv32_core.empty_statement, S_0x61d6fb01d130;
    %join;
T_31.8 ;
    %load/vec4 v0x61d6fb024d20_0;
    %pad/u 32;
    %cmpi/e 2, 0, 32;
    %flag_mov 8, 4;
    %load/vec4 v0x61d6fb024d20_0;
    %pad/u 32;
    %cmpi/e 3, 0, 32;
    %flag_or 4, 8;
    %jmp/0xz  T_31.10, 4;
    %fork TD_picorv32_wb.picorv32_core.empty_statement, S_0x61d6fb01d130;
    %join;
T_31.10 ;
T_31.0 ;
    %jmp T_31;
    .thread T_31;
    .scope S_0x61d6fb01a410;
T_32 ;
    %wait E_0x61d6fb01c7f0;
    %load/vec4 v0x61d6fb02e4e0_0;
    %nor/r;
    %flag_set/vec4 8;
    %load/vec4 v0x61d6fb02ea60_0;
    %flag_set/vec4 9;
    %flag_or 9, 8;
    %jmp/0xz  T_32.0, 9;
    %load/vec4 v0x61d6fb02e4e0_0;
    %nor/r;
    %flag_set/vec4 8;
    %jmp/0xz  T_32.2, 8;
    %pushi/vec4 0, 0, 2;
    %assign/vec4 v0x61d6fb024d20_0, 0;
T_32.2 ;
    %load/vec4 v0x61d6fb02e4e0_0;
    %nor/r;
    %flag_set/vec4 8;
    %load/vec4 v0x61d6fb024c60_0;
    %flag_set/vec4 9;
    %flag_or 9, 8;
    %jmp/0xz  T_32.4, 9;
    %pushi/vec4 0, 0, 1;
    %assign/vec4 v0x61d6fb02c180_0, 0;
T_32.4 ;
    %pushi/vec4 0, 0, 1;
    %assign/vec4 v0x61d6fb02af50_0, 0;
    %pushi/vec4 0, 0, 1;
    %assign/vec4 v0x61d6fb02d9a0_0, 0;
    %jmp T_32.1;
T_32.0 ;
    %load/vec4 v0x61d6fb02ae90_0;
    %flag_set/vec4 8;
    %load/vec4 v0x61d6fb024660_0;
    %flag_set/vec4 9;
    %flag_or 9, 8;
    %jmp/0xz  T_32.6, 9;
    %load/vec4 v0x61d6fb02ab70_0;
    %assign/vec4 v0x61d6fb02a550_0, 0;
    %load/vec4 v0x61d6fb024720_0;
    %load/vec4 v0x61d6fb024660_0;
    %replicate 4;
    %and;
    %assign/vec4 v0x61d6fb02c3e0_0, 0;
T_32.6 ;
    %load/vec4 v0x61d6fb024660_0;
    %flag_set/vec4 8;
    %jmp/0xz  T_32.8, 8;
    %load/vec4 v0x61d6fb02b0d0_0;
    %assign/vec4 v0x61d6fb02c220_0, 0;
T_32.8 ;
    %load/vec4 v0x61d6fb024d20_0;
    %dup/vec4;
    %pushi/vec4 0, 0, 2;
    %cmp/u;
    %jmp/1 T_32.10, 6;
    %dup/vec4;
    %pushi/vec4 1, 0, 2;
    %cmp/u;
    %jmp/1 T_32.11, 6;
    %dup/vec4;
    %pushi/vec4 2, 0, 2;
    %cmp/u;
    %jmp/1 T_32.12, 6;
    %dup/vec4;
    %pushi/vec4 3, 0, 2;
    %cmp/u;
    %jmp/1 T_32.13, 6;
    %jmp T_32.14;
T_32.10 ;
    %load/vec4 v0x61d6fb02a6f0_0;
    %flag_set/vec4 8;
    %load/vec4 v0x61d6fb02a870_0;
    %flag_set/vec4 9;
    %flag_or 9, 8;
    %load/vec4 v0x61d6fb02a7b0_0;
    %flag_set/vec4 8;
    %flag_or 8, 9;
    %jmp/0xz  T_32.15, 8;
    %load/vec4 v0x61d6fb02b010_0;
    %nor/r;
    %assign/vec4 v0x61d6fb02c180_0, 0;
    %load/vec4 v0x61d6fb02a6f0_0;
    %load/vec4 v0x61d6fb02a870_0;
    %or;
    %assign/vec4 v0x61d6fb02aab0_0, 0;
    %pushi/vec4 0, 0, 4;
    %assign/vec4 v0x61d6fb02c3e0_0, 0;
    %pushi/vec4 1, 0, 2;
    %assign/vec4 v0x61d6fb024d20_0, 0;
T_32.15 ;
    %load/vec4 v0x61d6fb02a930_0;
    %flag_set/vec4 8;
    %jmp/0xz  T_32.17, 8;
    %pushi/vec4 1, 0, 1;
    %assign/vec4 v0x61d6fb02c180_0, 0;
    %pushi/vec4 0, 0, 1;
    %assign/vec4 v0x61d6fb02aab0_0, 0;
    %pushi/vec4 2, 0, 2;
    %assign/vec4 v0x61d6fb024d20_0, 0;
T_32.17 ;
    %jmp T_32.14;
T_32.11 ;
    %fork TD_picorv32_wb.picorv32_core.empty_statement, S_0x61d6fb01d130;
    %join;
    %fork TD_picorv32_wb.picorv32_core.empty_statement, S_0x61d6fb01d130;
    %join;
    %fork TD_picorv32_wb.picorv32_core.empty_statement, S_0x61d6fb01d130;
    %join;
    %fork TD_picorv32_wb.picorv32_core.empty_statement, S_0x61d6fb01d130;
    %join;
    %load/vec4 v0x61d6fb02c4c0_0;
    %flag_set/vec4 8;
    %jmp/0xz  T_32.19, 8;
    %pushi/vec4 0, 0, 1;
    %load/vec4 v0x61d6fb02ae90_0;
    %and;
    %flag_set/vec4 8;
    %jmp/0xz  T_32.21, 8;
    %pushi/vec4 1, 0, 1;
    %assign/vec4 v0x61d6fb02c180_0, 0;
    %pushi/vec4 1, 0, 1;
    %assign/vec4 v0x61d6fb02af50_0, 0;
    %load/vec4 v0x61d6fb02b010_0;
    %nor/r;
    %flag_set/vec4 8;
    %jmp/0xz  T_32.23, 8;
    %load/vec4 v0x61d6fb024800_0;
    %parti/s 16, 16, 6;
    %assign/vec4 v0x61d6fb02a470_0, 0;
T_32.23 ;
    %jmp T_32.22;
T_32.21 ;
    %pushi/vec4 0, 0, 1;
    %assign/vec4 v0x61d6fb02c180_0, 0;
    %pushi/vec4 0, 0, 1;
    %assign/vec4 v0x61d6fb02af50_0, 0;
    %pushi/vec4 0, 0, 1;
    %load/vec4 v0x61d6fb02a7b0_0;
    %nor/r;
    %and;
    %flag_set/vec4 8;
    %jmp/0xz  T_32.25, 8;
    %load/vec4 v0x61d6fb024800_0;
    %parti/s 2, 0, 2;
    %nand/r;
    %flag_set/vec4 8;
    %load/vec4 v0x61d6fb02af50_0;
    %flag_set/vec4 9;
    %flag_or 9, 8;
    %jmp/0xz  T_32.27, 9;
    %load/vec4 v0x61d6fb024800_0;
    %parti/s 16, 16, 6;
    %assign/vec4 v0x61d6fb02a470_0, 0;
    %pushi/vec4 1, 0, 1;
    %assign/vec4 v0x61d6fb02d9a0_0, 0;
    %jmp T_32.28;
T_32.27 ;
    %pushi/vec4 0, 0, 1;
    %assign/vec4 v0x61d6fb02d9a0_0, 0;
T_32.28 ;
T_32.25 ;
    %load/vec4 v0x61d6fb02a870_0;
    %flag_set/vec4 8;
    %load/vec4 v0x61d6fb02a7b0_0;
    %flag_set/vec4 9;
    %flag_or 9, 8;
    %jmp/0 T_32.29, 9;
    %pushi/vec4 0, 0, 3;
    %jmp/1 T_32.30, 9;
T_32.29 ; End of true expr.
    %pushi/vec4 3, 0, 3;
    %jmp/0 T_32.30, 9;
 ; End of false expr.
    %blend;
T_32.30;
    %pad/s 2;
    %assign/vec4 v0x61d6fb024d20_0, 0;
T_32.22 ;
T_32.19 ;
    %jmp T_32.14;
T_32.12 ;
    %fork TD_picorv32_wb.picorv32_core.empty_statement, S_0x61d6fb01d130;
    %join;
    %fork TD_picorv32_wb.picorv32_core.empty_statement, S_0x61d6fb01d130;
    %join;
    %load/vec4 v0x61d6fb02c4c0_0;
    %flag_set/vec4 8;
    %jmp/0xz  T_32.31, 8;
    %pushi/vec4 0, 0, 1;
    %assign/vec4 v0x61d6fb02c180_0, 0;
    %pushi/vec4 0, 0, 2;
    %assign/vec4 v0x61d6fb024d20_0, 0;
T_32.31 ;
    %jmp T_32.14;
T_32.13 ;
    %fork TD_picorv32_wb.picorv32_core.empty_statement, S_0x61d6fb01d130;
    %join;
    %fork TD_picorv32_wb.picorv32_core.empty_statement, S_0x61d6fb01d130;
    %join;
    %load/vec4 v0x61d6fb02a870_0;
    %flag_set/vec4 8;
    %jmp/0xz  T_32.33, 8;
    %pushi/vec4 0, 0, 2;
    %assign/vec4 v0x61d6fb024d20_0, 0;
T_32.33 ;
    %jmp T_32.14;
T_32.14 ;
    %pop/vec4 1;
T_32.1 ;
    %load/vec4 v0x61d6fb023440_0;
    %flag_set/vec4 8;
    %jmp/0xz  T_32.35, 8;
    %pushi/vec4 0, 0, 1;
    %assign/vec4 v0x61d6fb02d9a0_0, 0;
T_32.35 ;
    %jmp T_32;
    .thread T_32;
    .scope S_0x61d6fb01a410;
T_33 ;
    %wait E_0x61d6fb01cde0;
    %pushi/vec4 0, 0, 32; draw_string_vec4
    %pushi/vec4 0, 0, 32; draw_string_vec4
    %concat/vec4; draw_string_vec4
    %store/vec4 v0x61d6fb02c580_0, 0, 64;
    %load/vec4 v0x61d6fb027550_0;
    %flag_set/vec4 8;
    %jmp/0xz  T_33.0, 8;
    %pushi/vec4 0, 0, 32; draw_string_vec4
    %pushi/vec4 7107945, 0, 32; draw_string_vec4
    %concat/vec4; draw_string_vec4
    %store/vec4 v0x61d6fb02c580_0, 0, 64;
T_33.0 ;
    %load/vec4 v0x61d6fb026950_0;
    %flag_set/vec4 8;
    %jmp/0xz  T_33.2, 8;
    %pushi/vec4 97, 0, 32; draw_string_vec4
    %pushi/vec4 1969844323, 0, 32; draw_string_vec4
    %concat/vec4; draw_string_vec4
    %store/vec4 v0x61d6fb02c580_0, 0, 64;
T_33.2 ;
    %load/vec4 v0x61d6fb0270d0_0;
    %flag_set/vec4 8;
    %jmp/0xz  T_33.4, 8;
    %pushi/vec4 0, 0, 32; draw_string_vec4
    %pushi/vec4 6971756, 0, 32; draw_string_vec4
    %concat/vec4; draw_string_vec4
    %store/vec4 v0x61d6fb02c580_0, 0, 64;
T_33.4 ;
    %load/vec4 v0x61d6fb027190_0;
    %flag_set/vec4 8;
    %jmp/0xz  T_33.6, 8;
    %pushi/vec4 0, 0, 32; draw_string_vec4
    %pushi/vec4 1784769650, 0, 32; draw_string_vec4
    %concat/vec4; draw_string_vec4
    %store/vec4 v0x61d6fb02c580_0, 0, 64;
T_33.6 ;
    %load/vec4 v0x61d6fb026a10_0;
    %flag_set/vec4 8;
    %jmp/0xz  T_33.8, 8;
    %pushi/vec4 0, 0, 32; draw_string_vec4
    %pushi/vec4 6448497, 0, 32; draw_string_vec4
    %concat/vec4; draw_string_vec4
    %store/vec4 v0x61d6fb02c580_0, 0, 64;
T_33.8 ;
    %load/vec4 v0x61d6fb026dd0_0;
    %flag_set/vec4 8;
    %jmp/0xz  T_33.10, 8;
    %pushi/vec4 0, 0, 32; draw_string_vec4
    %pushi/vec4 6450789, 0, 32; draw_string_vec4
    %concat/vec4; draw_string_vec4
    %store/vec4 v0x61d6fb02c580_0, 0, 64;
T_33.10 ;
    %load/vec4 v0x61d6fb026c50_0;
    %flag_set/vec4 8;
    %jmp/0xz  T_33.12, 8;
    %pushi/vec4 0, 0, 32; draw_string_vec4
    %pushi/vec4 6450292, 0, 32; draw_string_vec4
    %concat/vec4; draw_string_vec4
    %store/vec4 v0x61d6fb02c580_0, 0, 64;
T_33.12 ;
    %load/vec4 v0x61d6fb026ad0_0;
    %flag_set/vec4 8;
    %jmp/0xz  T_33.14, 8;
    %pushi/vec4 0, 0, 32; draw_string_vec4
    %pushi/vec4 6448997, 0, 32; draw_string_vec4
    %concat/vec4; draw_string_vec4
    %store/vec4 v0x61d6fb02c580_0, 0, 64;
T_33.14 ;
    %load/vec4 v0x61d6fb026d10_0;
    %flag_set/vec4 8;
    %jmp/0xz  T_33.16, 8;
    %pushi/vec4 0, 0, 32; draw_string_vec4
    %pushi/vec4 1651274869, 0, 32; draw_string_vec4
    %concat/vec4; draw_string_vec4
    %store/vec4 v0x61d6fb02c580_0, 0, 64;
T_33.16 ;
    %load/vec4 v0x61d6fb026b90_0;
    %flag_set/vec4 8;
    %jmp/0xz  T_33.18, 8;
    %pushi/vec4 0, 0, 32; draw_string_vec4
    %pushi/vec4 1650943349, 0, 32; draw_string_vec4
    %concat/vec4; draw_string_vec4
    %store/vec4 v0x61d6fb02c580_0, 0, 64;
T_33.18 ;
    %load/vec4 v0x61d6fb027250_0;
    %flag_set/vec4 8;
    %jmp/0xz  T_33.20, 8;
    %pushi/vec4 0, 0, 32; draw_string_vec4
    %pushi/vec4 27746, 0, 32; draw_string_vec4
    %concat/vec4; draw_string_vec4
    %store/vec4 v0x61d6fb02c580_0, 0, 64;
T_33.20 ;
    %load/vec4 v0x61d6fb0273d0_0;
    %flag_set/vec4 8;
    %jmp/0xz  T_33.22, 8;
    %pushi/vec4 0, 0, 32; draw_string_vec4
    %pushi/vec4 27752, 0, 32; draw_string_vec4
    %concat/vec4; draw_string_vec4
    %store/vec4 v0x61d6fb02c580_0, 0, 64;
T_33.22 ;
    %load/vec4 v0x61d6fb027610_0;
    %flag_set/vec4 8;
    %jmp/0xz  T_33.24, 8;
    %pushi/vec4 0, 0, 32; draw_string_vec4
    %pushi/vec4 27767, 0, 32; draw_string_vec4
    %concat/vec4; draw_string_vec4
    %store/vec4 v0x61d6fb02c580_0, 0, 64;
T_33.24 ;
    %load/vec4 v0x61d6fb027310_0;
    %flag_set/vec4 8;
    %jmp/0xz  T_33.26, 8;
    %pushi/vec4 0, 0, 32; draw_string_vec4
    %pushi/vec4 7103093, 0, 32; draw_string_vec4
    %concat/vec4; draw_string_vec4
    %store/vec4 v0x61d6fb02c580_0, 0, 64;
T_33.26 ;
    %load/vec4 v0x61d6fb027490_0;
    %flag_set/vec4 8;
    %jmp/0xz  T_33.28, 8;
    %pushi/vec4 0, 0, 32; draw_string_vec4
    %pushi/vec4 7104629, 0, 32; draw_string_vec4
    %concat/vec4; draw_string_vec4
    %store/vec4 v0x61d6fb02c580_0, 0, 64;
T_33.28 ;
    %load/vec4 v0x61d6fb027cd0_0;
    %flag_set/vec4 8;
    %jmp/0xz  T_33.30, 8;
    %pushi/vec4 0, 0, 32; draw_string_vec4
    %pushi/vec4 29538, 0, 32; draw_string_vec4
    %concat/vec4; draw_string_vec4
    %store/vec4 v0x61d6fb02c580_0, 0, 64;
T_33.30 ;
    %load/vec4 v0x61d6fb027e50_0;
    %flag_set/vec4 8;
    %jmp/0xz  T_33.32, 8;
    %pushi/vec4 0, 0, 32; draw_string_vec4
    %pushi/vec4 29544, 0, 32; draw_string_vec4
    %concat/vec4; draw_string_vec4
    %store/vec4 v0x61d6fb02c580_0, 0, 64;
T_33.32 ;
    %load/vec4 v0x61d6fb028750_0;
    %flag_set/vec4 8;
    %jmp/0xz  T_33.34, 8;
    %pushi/vec4 0, 0, 32; draw_string_vec4
    %pushi/vec4 29559, 0, 32; draw_string_vec4
    %concat/vec4; draw_string_vec4
    %store/vec4 v0x61d6fb02c580_0, 0, 64;
T_33.34 ;
    %load/vec4 v0x61d6fb026710_0;
    %flag_set/vec4 8;
    %jmp/0xz  T_33.36, 8;
    %pushi/vec4 0, 0, 32; draw_string_vec4
    %pushi/vec4 1633969257, 0, 32; draw_string_vec4
    %concat/vec4; draw_string_vec4
    %store/vec4 v0x61d6fb02c580_0, 0, 64;
T_33.36 ;
    %load/vec4 v0x61d6fb028150_0;
    %flag_set/vec4 8;
    %jmp/0xz  T_33.38, 8;
    %pushi/vec4 0, 0, 32; draw_string_vec4
    %pushi/vec4 1936487529, 0, 32; draw_string_vec4
    %concat/vec4; draw_string_vec4
    %store/vec4 v0x61d6fb02c580_0, 0, 64;
T_33.38 ;
    %load/vec4 v0x61d6fb028210_0;
    %flag_set/vec4 8;
    %jmp/0xz  T_33.40, 8;
    %pushi/vec4 115, 0, 32; draw_string_vec4
    %pushi/vec4 1819568501, 0, 32; draw_string_vec4
    %concat/vec4; draw_string_vec4
    %store/vec4 v0x61d6fb02c580_0, 0, 64;
T_33.40 ;
    %load/vec4 v0x61d6fb028b10_0;
    %flag_set/vec4 8;
    %jmp/0xz  T_33.42, 8;
    %pushi/vec4 0, 0, 32; draw_string_vec4
    %pushi/vec4 2020569705, 0, 32; draw_string_vec4
    %concat/vec4; draw_string_vec4
    %store/vec4 v0x61d6fb02c580_0, 0, 64;
T_33.42 ;
    %load/vec4 v0x61d6fb027850_0;
    %flag_set/vec4 8;
    %jmp/0xz  T_33.44, 8;
    %pushi/vec4 0, 0, 32; draw_string_vec4
    %pushi/vec4 7303785, 0, 32; draw_string_vec4
    %concat/vec4; draw_string_vec4
    %store/vec4 v0x61d6fb02c580_0, 0, 64;
T_33.44 ;
    %load/vec4 v0x61d6fb026890_0;
    %flag_set/vec4 8;
    %jmp/0xz  T_33.46, 8;
    %pushi/vec4 0, 0, 32; draw_string_vec4
    %pushi/vec4 1634624617, 0, 32; draw_string_vec4
    %concat/vec4; draw_string_vec4
    %store/vec4 v0x61d6fb02c580_0, 0, 64;
T_33.46 ;
    %load/vec4 v0x61d6fb027fd0_0;
    %flag_set/vec4 8;
    %jmp/0xz  T_33.48, 8;
    %pushi/vec4 0, 0, 32; draw_string_vec4
    %pushi/vec4 1936485481, 0, 32; draw_string_vec4
    %concat/vec4; draw_string_vec4
    %store/vec4 v0x61d6fb02c580_0, 0, 64;
T_33.48 ;
    %load/vec4 v0x61d6fb0285d0_0;
    %flag_set/vec4 8;
    %jmp/0xz  T_33.50, 8;
    %pushi/vec4 0, 0, 32; draw_string_vec4
    %pushi/vec4 1936878697, 0, 32; draw_string_vec4
    %concat/vec4; draw_string_vec4
    %store/vec4 v0x61d6fb02c580_0, 0, 64;
T_33.50 ;
    %load/vec4 v0x61d6fb028450_0;
    %flag_set/vec4 8;
    %jmp/0xz  T_33.52, 8;
    %pushi/vec4 0, 0, 32; draw_string_vec4
    %pushi/vec4 1936875881, 0, 32; draw_string_vec4
    %concat/vec4; draw_string_vec4
    %store/vec4 v0x61d6fb02c580_0, 0, 64;
T_33.52 ;
    %load/vec4 v0x61d6fb026650_0;
    %flag_set/vec4 8;
    %jmp/0xz  T_33.54, 8;
    %pushi/vec4 0, 0, 32; draw_string_vec4
    %pushi/vec4 6382692, 0, 32; draw_string_vec4
    %concat/vec4; draw_string_vec4
    %store/vec4 v0x61d6fb02c580_0, 0, 64;
T_33.54 ;
    %load/vec4 v0x61d6fb028690_0;
    %flag_set/vec4 8;
    %jmp/0xz  T_33.56, 8;
    %pushi/vec4 0, 0, 32; draw_string_vec4
    %pushi/vec4 7566690, 0, 32; draw_string_vec4
    %concat/vec4; draw_string_vec4
    %store/vec4 v0x61d6fb02c580_0, 0, 64;
T_33.56 ;
    %load/vec4 v0x61d6fb027f10_0;
    %flag_set/vec4 8;
    %jmp/0xz  T_33.58, 8;
    %pushi/vec4 0, 0, 32; draw_string_vec4
    %pushi/vec4 7564396, 0, 32; draw_string_vec4
    %concat/vec4; draw_string_vec4
    %store/vec4 v0x61d6fb02c580_0, 0, 64;
T_33.58 ;
    %load/vec4 v0x61d6fb028090_0;
    %flag_set/vec4 8;
    %jmp/0xz  T_33.60, 8;
    %pushi/vec4 0, 0, 32; draw_string_vec4
    %pushi/vec4 7564404, 0, 32; draw_string_vec4
    %concat/vec4; draw_string_vec4
    %store/vec4 v0x61d6fb02c580_0, 0, 64;
T_33.60 ;
    %load/vec4 v0x61d6fb0282d0_0;
    %flag_set/vec4 8;
    %jmp/0xz  T_33.62, 8;
    %pushi/vec4 0, 0, 32; draw_string_vec4
    %pushi/vec4 1936487541, 0, 32; draw_string_vec4
    %concat/vec4; draw_string_vec4
    %store/vec4 v0x61d6fb02c580_0, 0, 64;
T_33.62 ;
    %load/vec4 v0x61d6fb028a50_0;
    %flag_set/vec4 8;
    %jmp/0xz  T_33.64, 8;
    %pushi/vec4 0, 0, 32; draw_string_vec4
    %pushi/vec4 7892850, 0, 32; draw_string_vec4
    %concat/vec4; draw_string_vec4
    %store/vec4 v0x61d6fb02c580_0, 0, 64;
T_33.64 ;
    %load/vec4 v0x61d6fb028510_0;
    %flag_set/vec4 8;
    %jmp/0xz  T_33.66, 8;
    %pushi/vec4 0, 0, 32; draw_string_vec4
    %pushi/vec4 7565932, 0, 32; draw_string_vec4
    %concat/vec4; draw_string_vec4
    %store/vec4 v0x61d6fb02c580_0, 0, 64;
T_33.66 ;
    %load/vec4 v0x61d6fb028390_0;
    %flag_set/vec4 8;
    %jmp/0xz  T_33.68, 8;
    %pushi/vec4 0, 0, 32; draw_string_vec4
    %pushi/vec4 7565921, 0, 32; draw_string_vec4
    %concat/vec4; draw_string_vec4
    %store/vec4 v0x61d6fb02c580_0, 0, 64;
T_33.68 ;
    %load/vec4 v0x61d6fb027790_0;
    %flag_set/vec4 8;
    %jmp/0xz  T_33.70, 8;
    %pushi/vec4 0, 0, 32; draw_string_vec4
    %pushi/vec4 28530, 0, 32; draw_string_vec4
    %concat/vec4; draw_string_vec4
    %store/vec4 v0x61d6fb02c580_0, 0, 64;
T_33.70 ;
    %load/vec4 v0x61d6fb0267d0_0;
    %flag_set/vec4 8;
    %jmp/0xz  T_33.72, 8;
    %pushi/vec4 0, 0, 32; draw_string_vec4
    %pushi/vec4 6385252, 0, 32; draw_string_vec4
    %concat/vec4; draw_string_vec4
    %store/vec4 v0x61d6fb02c580_0, 0, 64;
T_33.72 ;
    %load/vec4 v0x61d6fb027910_0;
    %flag_set/vec4 8;
    %jmp/0xz  T_33.74, 8;
    %pushi/vec4 7496803, 0, 32; draw_string_vec4
    %pushi/vec4 2036558949, 0, 32; draw_string_vec4
    %concat/vec4; draw_string_vec4
    %store/vec4 v0x61d6fb02c580_0, 0, 64;
T_33.74 ;
    %load/vec4 v0x61d6fb0279d0_0;
    %flag_set/vec4 8;
    %jmp/0xz  T_33.76, 8;
    %pushi/vec4 1919181689, 0, 32; draw_string_vec4
    %pushi/vec4 1668048232, 0, 32; draw_string_vec4
    %concat/vec4; draw_string_vec4
    %store/vec4 v0x61d6fb02c580_0, 0, 64;
T_33.76 ;
    %load/vec4 v0x61d6fb027a90_0;
    %flag_set/vec4 8;
    %jmp/0xz  T_33.78, 8;
    %pushi/vec4 7496809, 0, 32; draw_string_vec4
    %pushi/vec4 1853060210, 0, 32; draw_string_vec4
    %concat/vec4; draw_string_vec4
    %store/vec4 v0x61d6fb02c580_0, 0, 64;
T_33.78 ;
    %load/vec4 v0x61d6fb027b50_0;
    %flag_set/vec4 8;
    %jmp/0xz  T_33.80, 8;
    %pushi/vec4 1919183214, 0, 32; draw_string_vec4
    %pushi/vec4 1937011304, 0, 32; draw_string_vec4
    %concat/vec4; draw_string_vec4
    %store/vec4 v0x61d6fb02c580_0, 0, 64;
T_33.80 ;
    %load/vec4 v0x61d6fb026f50_0;
    %flag_set/vec4 8;
    %jmp/0xz  T_33.82, 8;
    %pushi/vec4 102, 0, 32; draw_string_vec4
    %pushi/vec4 1701733221, 0, 32; draw_string_vec4
    %concat/vec4; draw_string_vec4
    %store/vec4 v0x61d6fb02c580_0, 0, 64;
T_33.82 ;
    %load/vec4 v0x61d6fb027010_0;
    %flag_set/vec4 8;
    %jmp/0xz  T_33.84, 8;
    %pushi/vec4 0, 0, 32; draw_string_vec4
    %pushi/vec4 1734702193, 0, 32; draw_string_vec4
    %concat/vec4; draw_string_vec4
    %store/vec4 v0x61d6fb02c580_0, 0, 64;
T_33.84 ;
    %load/vec4 v0x61d6fb027d90_0;
    %flag_set/vec4 8;
    %jmp/0xz  T_33.86, 8;
    %pushi/vec4 0, 0, 32; draw_string_vec4
    %pushi/vec4 1936028785, 0, 32; draw_string_vec4
    %concat/vec4; draw_string_vec4
    %store/vec4 v0x61d6fb02c580_0, 0, 64;
T_33.86 ;
    %load/vec4 v0x61d6fb027c10_0;
    %flag_set/vec4 8;
    %jmp/0xz  T_33.88, 8;
    %pushi/vec4 29285, 0, 32; draw_string_vec4
    %pushi/vec4 1953067633, 0, 32; draw_string_vec4
    %concat/vec4; draw_string_vec4
    %store/vec4 v0x61d6fb02c580_0, 0, 64;
T_33.88 ;
    %load/vec4 v0x61d6fb0276d0_0;
    %flag_set/vec4 8;
    %jmp/0xz  T_33.90, 8;
    %pushi/vec4 7168371, 0, 32; draw_string_vec4
    %pushi/vec4 1802072689, 0, 32; draw_string_vec4
    %concat/vec4; draw_string_vec4
    %store/vec4 v0x61d6fb02c580_0, 0, 64;
T_33.90 ;
    %load/vec4 v0x61d6fb028990_0;
    %flag_set/vec4 8;
    %jmp/0xz  T_33.92, 8;
    %pushi/vec4 7823721, 0, 32; draw_string_vec4
    %pushi/vec4 1953067633, 0, 32; draw_string_vec4
    %concat/vec4; draw_string_vec4
    %store/vec4 v0x61d6fb02c580_0, 0, 64;
T_33.92 ;
    %load/vec4 v0x61d6fb028810_0;
    %flag_set/vec4 8;
    %jmp/0xz  T_33.94, 8;
    %pushi/vec4 116, 0, 32; draw_string_vec4
    %pushi/vec4 1768777074, 0, 32; draw_string_vec4
    %concat/vec4; draw_string_vec4
    %store/vec4 v0x61d6fb02c580_0, 0, 64;
T_33.94 ;
    %jmp T_33;
    .thread T_33, $push;
    .scope S_0x61d6fb01a410;
T_34 ;
    %wait E_0x61d6fb01c7f0;
    %load/vec4 v0x61d6fb0242e0_0;
    %assign/vec4 v0x61d6fb02da60_0, 0;
    %load/vec4 v0x61d6fb024580_0;
    %assign/vec4 v0x61d6fb02db40_0, 0;
    %load/vec4 v0x61d6fb024e70_0;
    %assign/vec4 v0x61d6fb02dc20_0, 0;
    %load/vec4 v0x61d6fb025030_0;
    %assign/vec4 v0x61d6fb02dde0_0, 0;
    %load/vec4 v0x61d6fb025110_0;
    %assign/vec4 v0x61d6fb02dec0_0, 0;
    %load/vec4 v0x61d6fb024f50_0;
    %assign/vec4 v0x61d6fb02dd00_0, 0;
    %load/vec4 v0x61d6fb02a3b0_0;
    %assign/vec4 v0x61d6fb0257b0_0, 0;
    %load/vec4 v0x61d6fb02e4e0_0;
    %nor/r;
    %flag_set/vec4 8;
    %load/vec4 v0x61d6fb02ea60_0;
    %flag_set/vec4 9;
    %flag_or 9, 8;
    %jmp/0xz  T_34.0, 9;
    %pushi/vec4 0, 0, 1;
    %assign/vec4 v0x61d6fb025bb0_0, 0;
    %jmp T_34.1;
T_34.0 ;
    %load/vec4 v0x61d6fb02a3b0_0;
    %flag_set/vec4 8;
    %jmp/0xz  T_34.2, 8;
    %pushi/vec4 1, 0, 1;
    %assign/vec4 v0x61d6fb025bb0_0, 0;
T_34.2 ;
T_34.1 ;
    %load/vec4 v0x61d6fb0263f0_0;
    %flag_set/vec4 8;
    %jmp/0xz  T_34.4, 8;
    %load/vec4 v0x61d6fb02c580_0;
    %assign/vec4 v0x61d6fb022f00_0, 0;
    %load/vec4 v0x61d6fb025c70_0;
    %assign/vec4 v0x61d6fb022fe0_0, 0;
    %load/vec4 v0x61d6fb02c660_0;
    %parti/s 2, 0, 2;
    %and/r;
    %flag_set/vec4 8;
    %jmp/0xz  T_34.6, 8;
    %load/vec4 v0x61d6fb02c660_0;
    %assign/vec4 v0x61d6fb0230c0_0, 0;
    %jmp T_34.7;
T_34.6 ;
    %pushi/vec4 0, 0, 16;
    %load/vec4 v0x61d6fb02c660_0;
    %parti/s 16, 0, 2;
    %concat/vec4; draw_concat_vec4
    %assign/vec4 v0x61d6fb0230c0_0, 0;
T_34.7 ;
    %load/vec4 v0x61d6fb025ff0_0;
    %assign/vec4 v0x61d6fb023280_0, 0;
    %load/vec4 v0x61d6fb0260d0_0;
    %assign/vec4 v0x61d6fb023360_0, 0;
    %load/vec4 v0x61d6fb025e30_0;
    %assign/vec4 v0x61d6fb0231a0_0, 0;
T_34.4 ;
    %load/vec4 v0x61d6fb02a3b0_0;
    %flag_set/vec4 8;
    %jmp/0xz  T_34.8, 8;
    %load/vec4 v0x61d6fb02c820_0;
    %assign/vec4 v0x61d6fb0244a0_0, 0;
T_34.8 ;
    %jmp T_34;
    .thread T_34;
    .scope S_0x61d6fb01a410;
T_35 ;
    %wait E_0x61d6fb01ccf0;
    %load/vec4 v0x61d6fb02da60_0;
    %store/vec4 v0x61d6fb0242e0_0, 0, 64;
    %load/vec4 v0x61d6fb02db40_0;
    %store/vec4 v0x61d6fb024580_0, 0, 32;
    %load/vec4 v0x61d6fb02dc20_0;
    %store/vec4 v0x61d6fb024e70_0, 0, 32;
    %load/vec4 v0x61d6fb02dde0_0;
    %store/vec4 v0x61d6fb025030_0, 0, 5;
    %load/vec4 v0x61d6fb02dec0_0;
    %store/vec4 v0x61d6fb025110_0, 0, 5;
    %load/vec4 v0x61d6fb02dd00_0;
    %store/vec4 v0x61d6fb024f50_0, 0, 5;
    %load/vec4 v0x61d6fb0257b0_0;
    %flag_set/vec4 8;
    %jmp/0xz  T_35.0, 8;
    %load/vec4 v0x61d6fb026270_0;
    %flag_set/vec4 8;
    %jmp/0xz  T_35.2, 8;
    %load/vec4 v0x61d6fb022f00_0;
    %store/vec4 v0x61d6fb0242e0_0, 0, 64;
    %load/vec4 v0x61d6fb022fe0_0;
    %store/vec4 v0x61d6fb024580_0, 0, 32;
    %load/vec4 v0x61d6fb0230c0_0;
    %store/vec4 v0x61d6fb024e70_0, 0, 32;
    %load/vec4 v0x61d6fb023280_0;
    %store/vec4 v0x61d6fb025030_0, 0, 5;
    %load/vec4 v0x61d6fb023360_0;
    %store/vec4 v0x61d6fb025110_0, 0, 5;
    %load/vec4 v0x61d6fb0231a0_0;
    %store/vec4 v0x61d6fb024f50_0, 0, 5;
    %jmp T_35.3;
T_35.2 ;
    %load/vec4 v0x61d6fb02c580_0;
    %store/vec4 v0x61d6fb0242e0_0, 0, 64;
    %load/vec4 v0x61d6fb02c660_0;
    %parti/s 2, 0, 2;
    %and/r;
    %flag_set/vec4 8;
    %jmp/0xz  T_35.4, 8;
    %load/vec4 v0x61d6fb02c660_0;
    %store/vec4 v0x61d6fb024e70_0, 0, 32;
    %jmp T_35.5;
T_35.4 ;
    %pushi/vec4 0, 0, 16;
    %load/vec4 v0x61d6fb02c660_0;
    %parti/s 16, 0, 2;
    %concat/vec4; draw_concat_vec4
    %store/vec4 v0x61d6fb024e70_0, 0, 32;
T_35.5 ;
    %load/vec4 v0x61d6fb025c70_0;
    %store/vec4 v0x61d6fb024580_0, 0, 32;
    %load/vec4 v0x61d6fb025ff0_0;
    %store/vec4 v0x61d6fb025030_0, 0, 5;
    %load/vec4 v0x61d6fb0260d0_0;
    %store/vec4 v0x61d6fb025110_0, 0, 5;
    %load/vec4 v0x61d6fb025e30_0;
    %store/vec4 v0x61d6fb024f50_0, 0, 5;
T_35.3 ;
T_35.0 ;
    %jmp T_35;
    .thread T_35, $push;
    .scope S_0x61d6fb01a410;
T_36 ;
    %wait E_0x61d6fb01c7f0;
    %load/vec4 v0x61d6fb027550_0;
    %load/vec4 v0x61d6fb026950_0;
    %concat/vec4; draw_concat_vec4
    %load/vec4 v0x61d6fb0270d0_0;
    %concat/vec4; draw_concat_vec4
    %or/r;
    %assign/vec4 v0x61d6fb029610_0, 0;
    %load/vec4 v0x61d6fb027550_0;
    %load/vec4 v0x61d6fb026950_0;
    %concat/vec4; draw_concat_vec4
    %load/vec4 v0x61d6fb0270d0_0;
    %concat/vec4; draw_concat_vec4
    %load/vec4 v0x61d6fb027190_0;
    %concat/vec4; draw_concat_vec4
    %load/vec4 v0x61d6fb026710_0;
    %concat/vec4; draw_concat_vec4
    %load/vec4 v0x61d6fb026650_0;
    %concat/vec4; draw_concat_vec4
    %load/vec4 v0x61d6fb028690_0;
    %concat/vec4; draw_concat_vec4
    %or/r;
    %assign/vec4 v0x61d6fb0296d0_0, 0;
    %load/vec4 v0x61d6fb028150_0;
    %load/vec4 v0x61d6fb026c50_0;
    %concat/vec4; draw_concat_vec4
    %load/vec4 v0x61d6fb028090_0;
    %concat/vec4; draw_concat_vec4
    %or/r;
    %assign/vec4 v0x61d6fb029a90_0, 0;
    %load/vec4 v0x61d6fb028210_0;
    %load/vec4 v0x61d6fb026d10_0;
    %concat/vec4; draw_concat_vec4
    %load/vec4 v0x61d6fb0282d0_0;
    %concat/vec4; draw_concat_vec4
    %or/r;
    %assign/vec4 v0x61d6fb029b50_0, 0;
    %load/vec4 v0x61d6fb027310_0;
    %load/vec4 v0x61d6fb027490_0;
    %concat/vec4; draw_concat_vec4
    %load/vec4 v0x61d6fb027610_0;
    %concat/vec4; draw_concat_vec4
    %or/r;
    %assign/vec4 v0x61d6fb029550_0, 0;
    %load/vec4 v0x61d6fb029250_0;
    %load/vec4 v0x61d6fb028150_0;
    %concat/vec4; draw_concat_vec4
    %load/vec4 v0x61d6fb028090_0;
    %concat/vec4; draw_concat_vec4
    %load/vec4 v0x61d6fb028210_0;
    %concat/vec4; draw_concat_vec4
    %load/vec4 v0x61d6fb0282d0_0;
    %concat/vec4; draw_concat_vec4
    %or/r;
    %assign/vec4 v0x61d6fb029310_0, 0;
    %load/vec4 v0x61d6fb02a870_0;
    %load/vec4 v0x61d6fb02a9f0_0;
    %and;
    %flag_set/vec4 8;
    %jmp/0xz  T_36.0, 8;
    %load/vec4 v0x61d6fb0248e0_0;
    %parti/s 7, 0, 2;
    %pushi/vec4 55, 0, 7;
    %cmp/e;
    %flag_get/vec4 4;
    %assign/vec4 v0x61d6fb027550_0, 0;
    %load/vec4 v0x61d6fb0248e0_0;
    %parti/s 7, 0, 2;
    %pushi/vec4 23, 0, 7;
    %cmp/e;
    %flag_get/vec4 4;
    %assign/vec4 v0x61d6fb026950_0, 0;
    %load/vec4 v0x61d6fb0248e0_0;
    %parti/s 7, 0, 2;
    %pushi/vec4 111, 0, 7;
    %cmp/e;
    %flag_get/vec4 4;
    %assign/vec4 v0x61d6fb0270d0_0, 0;
    %load/vec4 v0x61d6fb0248e0_0;
    %parti/s 7, 0, 2;
    %pushi/vec4 103, 0, 7;
    %cmp/e;
    %flag_get/vec4 4;
    %load/vec4 v0x61d6fb0248e0_0;
    %parti/s 3, 12, 5;
    %pushi/vec4 0, 0, 3;
    %cmp/e;
    %flag_get/vec4 4;
    %and;
    %assign/vec4 v0x61d6fb027190_0, 0;
    %load/vec4 v0x61d6fb0248e0_0;
    %parti/s 7, 0, 2;
    %pushi/vec4 11, 0, 7;
    %cmp/e;
    %flag_get/vec4 4;
    %load/vec4 v0x61d6fb0248e0_0;
    %parti/s 7, 25, 6;
    %pushi/vec4 2, 0, 7;
    %cmp/e;
    %flag_get/vec4 4;
    %and;
    %pushi/vec4 0, 0, 1;
    %and;
    %assign/vec4 v0x61d6fb027c10_0, 0;
    %load/vec4 v0x61d6fb0248e0_0;
    %parti/s 7, 0, 2;
    %pushi/vec4 11, 0, 7;
    %cmp/e;
    %flag_get/vec4 4;
    %load/vec4 v0x61d6fb0248e0_0;
    %parti/s 7, 25, 6;
    %pushi/vec4 4, 0, 7;
    %cmp/e;
    %flag_get/vec4 4;
    %and;
    %pushi/vec4 0, 0, 1;
    %and;
    %assign/vec4 v0x61d6fb028990_0, 0;
    %load/vec4 v0x61d6fb0248e0_0;
    %parti/s 7, 0, 2;
    %pushi/vec4 99, 0, 7;
    %cmp/e;
    %flag_get/vec4 4;
    %assign/vec4 v0x61d6fb029250_0, 0;
    %load/vec4 v0x61d6fb0248e0_0;
    %parti/s 7, 0, 2;
    %pushi/vec4 3, 0, 7;
    %cmp/e;
    %flag_get/vec4 4;
    %assign/vec4 v0x61d6fb029490_0, 0;
    %load/vec4 v0x61d6fb0248e0_0;
    %parti/s 7, 0, 2;
    %pushi/vec4 35, 0, 7;
    %cmp/e;
    %flag_get/vec4 4;
    %assign/vec4 v0x61d6fb029850_0, 0;
    %load/vec4 v0x61d6fb0248e0_0;
    %parti/s 7, 0, 2;
    %pushi/vec4 19, 0, 7;
    %cmp/e;
    %flag_get/vec4 4;
    %assign/vec4 v0x61d6fb0290d0_0, 0;
    %load/vec4 v0x61d6fb0248e0_0;
    %parti/s 7, 0, 2;
    %pushi/vec4 51, 0, 7;
    %cmp/e;
    %flag_get/vec4 4;
    %assign/vec4 v0x61d6fb029190_0, 0;
    %load/vec4 v0x61d6fb0248e0_0;
    %parti/s 20, 12, 5;
    %concati/vec4 0, 0, 1;
    %pad/s 32;
    %split/vec4 1;
    %ix/load 4, 0, 0;
    %ix/load 5, 0, 0;
    %flag_set/imm 4, 0;
    %assign/vec4/off/d v0x61d6fb025d50_0, 4, 5;
    %split/vec4 8;
    %ix/load 4, 12, 0;
    %ix/load 5, 0, 0;
    %flag_set/imm 4, 0;
    %assign/vec4/off/d v0x61d6fb025d50_0, 4, 5;
    %split/vec4 1;
    %ix/load 4, 11, 0;
    %ix/load 5, 0, 0;
    %flag_set/imm 4, 0;
    %assign/vec4/off/d v0x61d6fb025d50_0, 4, 5;
    %split/vec4 10;
    %ix/load 4, 1, 0;
    %ix/load 5, 0, 0;
    %flag_set/imm 4, 0;
    %assign/vec4/off/d v0x61d6fb025d50_0, 4, 5;
    %ix/load 4, 20, 0;
    %ix/load 5, 0, 0;
    %flag_set/imm 4, 0;
    %assign/vec4/off/d v0x61d6fb025d50_0, 4, 5;
    %load/vec4 v0x61d6fb0248e0_0;
    %parti/s 5, 7, 4;
    %assign/vec4 v0x61d6fb025e30_0, 0;
    %load/vec4 v0x61d6fb0248e0_0;
    %parti/s 5, 15, 5;
    %assign/vec4 v0x61d6fb025ff0_0, 0;
    %load/vec4 v0x61d6fb0248e0_0;
    %parti/s 5, 20, 6;
    %assign/vec4 v0x61d6fb0260d0_0, 0;
    %load/vec4 v0x61d6fb0248e0_0;
    %parti/s 7, 0, 2;
    %pushi/vec4 11, 0, 7;
    %cmp/e;
    %flag_get/vec4 4;
    %load/vec4 v0x61d6fb0248e0_0;
    %parti/s 7, 25, 6;
    %pushi/vec4 0, 0, 7;
    %cmp/e;
    %flag_get/vec4 4;
    %and;
    %pushi/vec4 0, 0, 1;
    %and;
    %pushi/vec4 1, 0, 1;
    %and;
    %flag_set/vec4 8;
    %jmp/0xz  T_36.2, 8;
    %pushi/vec4 1, 0, 1;
    %ix/load 4, 4, 0;
    %ix/load 5, 0, 0;
    %flag_set/imm 4, 0;
    %assign/vec4/off/d v0x61d6fb025ff0_0, 4, 5;
T_36.2 ;
    %load/vec4 v0x61d6fb0248e0_0;
    %parti/s 7, 0, 2;
    %pushi/vec4 11, 0, 7;
    %cmp/e;
    %flag_get/vec4 4;
    %load/vec4 v0x61d6fb0248e0_0;
    %parti/s 7, 25, 6;
    %pushi/vec4 2, 0, 7;
    %cmp/e;
    %flag_get/vec4 4;
    %and;
    %pushi/vec4 0, 0, 1;
    %and;
    %flag_set/vec4 8;
    %jmp/0xz  T_36.4, 8;
    %pushi/vec4 0, 0, 5;
    %assign/vec4 v0x61d6fb025ff0_0, 0;
T_36.4 ;
    %pushi/vec4 0, 0, 1;
    %assign/vec4 v0x61d6fb023680_0, 0;
    %pushi/vec4 0, 0, 1;
    %load/vec4 v0x61d6fb0248e0_0;
    %parti/s 2, 0, 2;
    %pushi/vec4 3, 0, 2;
    %cmp/ne;
    %flag_get/vec4 4;
    %and;
    %flag_set/vec4 8;
    %jmp/0xz  T_36.6, 8;
    %pushi/vec4 1, 0, 1;
    %assign/vec4 v0x61d6fb023680_0, 0;
    %pushi/vec4 0, 0, 5;
    %assign/vec4 v0x61d6fb025e30_0, 0;
    %pushi/vec4 0, 0, 5;
    %assign/vec4 v0x61d6fb025ff0_0, 0;
    %pushi/vec4 0, 0, 5;
    %assign/vec4 v0x61d6fb0260d0_0, 0;
    %load/vec4 v0x61d6fb0248e0_0;
    %parti/s 11, 2, 3;
    %concati/vec4 0, 0, 1;
    %pad/s 32;
    %split/vec4 1;
    %ix/load 4, 0, 0;
    %ix/load 5, 0, 0;
    %flag_set/imm 4, 0;
    %assign/vec4/off/d v0x61d6fb025d50_0, 4, 5;
    %split/vec4 1;
    %ix/load 4, 5, 0;
    %ix/load 5, 0, 0;
    %flag_set/imm 4, 0;
    %assign/vec4/off/d v0x61d6fb025d50_0, 4, 5;
    %split/vec4 3;
    %ix/load 4, 1, 0;
    %ix/load 5, 0, 0;
    %flag_set/imm 4, 0;
    %assign/vec4/off/d v0x61d6fb025d50_0, 4, 5;
    %split/vec4 1;
    %ix/load 4, 7, 0;
    %ix/load 5, 0, 0;
    %flag_set/imm 4, 0;
    %assign/vec4/off/d v0x61d6fb025d50_0, 4, 5;
    %split/vec4 1;
    %ix/load 4, 6, 0;
    %ix/load 5, 0, 0;
    %flag_set/imm 4, 0;
    %assign/vec4/off/d v0x61d6fb025d50_0, 4, 5;
    %split/vec4 1;
    %ix/load 4, 10, 0;
    %ix/load 5, 0, 0;
    %flag_set/imm 4, 0;
    %assign/vec4/off/d v0x61d6fb025d50_0, 4, 5;
    %split/vec4 2;
    %ix/load 4, 8, 0;
    %ix/load 5, 0, 0;
    %flag_set/imm 4, 0;
    %assign/vec4/off/d v0x61d6fb025d50_0, 4, 5;
    %split/vec4 1;
    %ix/load 4, 4, 0;
    %ix/load 5, 0, 0;
    %flag_set/imm 4, 0;
    %assign/vec4/off/d v0x61d6fb025d50_0, 4, 5;
    %ix/load 4, 11, 0;
    %ix/load 5, 0, 0;
    %flag_set/imm 4, 0;
    %assign/vec4/off/d v0x61d6fb025d50_0, 4, 5;
    %load/vec4 v0x61d6fb0248e0_0;
    %parti/s 2, 0, 2;
    %dup/vec4;
    %pushi/vec4 0, 0, 2;
    %cmp/u;
    %jmp/1 T_36.8, 6;
    %dup/vec4;
    %pushi/vec4 1, 0, 2;
    %cmp/u;
    %jmp/1 T_36.9, 6;
    %dup/vec4;
    %pushi/vec4 2, 0, 2;
    %cmp/u;
    %jmp/1 T_36.10, 6;
    %jmp T_36.11;
T_36.8 ;
    %load/vec4 v0x61d6fb0248e0_0;
    %parti/s 3, 13, 5;
    %dup/vec4;
    %pushi/vec4 0, 0, 3;
    %cmp/u;
    %jmp/1 T_36.12, 6;
    %dup/vec4;
    %pushi/vec4 2, 0, 3;
    %cmp/u;
    %jmp/1 T_36.13, 6;
    %dup/vec4;
    %pushi/vec4 6, 0, 3;
    %cmp/u;
    %jmp/1 T_36.14, 6;
    %jmp T_36.15;
T_36.12 ;
    %load/vec4 v0x61d6fb0248e0_0;
    %parti/s 8, 5, 4;
    %or/r;
    %assign/vec4 v0x61d6fb0290d0_0, 0;
    %pushi/vec4 2, 0, 5;
    %assign/vec4 v0x61d6fb025ff0_0, 0;
    %pushi/vec4 8, 0, 5;
    %load/vec4 v0x61d6fb0248e0_0;
    %parti/s 3, 2, 3;
    %pad/u 5;
    %add;
    %assign/vec4 v0x61d6fb025e30_0, 0;
    %jmp T_36.15;
T_36.13 ;
    %pushi/vec4 1, 0, 1;
    %assign/vec4 v0x61d6fb029490_0, 0;
    %pushi/vec4 8, 0, 5;
    %load/vec4 v0x61d6fb0248e0_0;
    %parti/s 3, 7, 4;
    %pad/u 5;
    %add;
    %assign/vec4 v0x61d6fb025ff0_0, 0;
    %pushi/vec4 8, 0, 5;
    %load/vec4 v0x61d6fb0248e0_0;
    %parti/s 3, 2, 3;
    %pad/u 5;
    %add;
    %assign/vec4 v0x61d6fb025e30_0, 0;
    %jmp T_36.15;
T_36.14 ;
    %pushi/vec4 1, 0, 1;
    %assign/vec4 v0x61d6fb029850_0, 0;
    %pushi/vec4 8, 0, 5;
    %load/vec4 v0x61d6fb0248e0_0;
    %parti/s 3, 7, 4;
    %pad/u 5;
    %add;
    %assign/vec4 v0x61d6fb025ff0_0, 0;
    %pushi/vec4 8, 0, 5;
    %load/vec4 v0x61d6fb0248e0_0;
    %parti/s 3, 2, 3;
    %pad/u 5;
    %add;
    %assign/vec4 v0x61d6fb0260d0_0, 0;
    %jmp T_36.15;
T_36.15 ;
    %pop/vec4 1;
    %jmp T_36.11;
T_36.9 ;
    %load/vec4 v0x61d6fb0248e0_0;
    %parti/s 3, 13, 5;
    %dup/vec4;
    %pushi/vec4 0, 0, 3;
    %cmp/u;
    %jmp/1 T_36.16, 6;
    %dup/vec4;
    %pushi/vec4 1, 0, 3;
    %cmp/u;
    %jmp/1 T_36.17, 6;
    %dup/vec4;
    %pushi/vec4 2, 0, 3;
    %cmp/u;
    %jmp/1 T_36.18, 6;
    %dup/vec4;
    %pushi/vec4 3, 0, 3;
    %cmp/u;
    %jmp/1 T_36.19, 6;
    %dup/vec4;
    %pushi/vec4 4, 0, 3;
    %cmp/u;
    %jmp/1 T_36.20, 6;
    %dup/vec4;
    %pushi/vec4 5, 0, 3;
    %cmp/u;
    %jmp/1 T_36.21, 6;
    %dup/vec4;
    %pushi/vec4 6, 0, 3;
    %cmp/u;
    %jmp/1 T_36.22, 6;
    %dup/vec4;
    %pushi/vec4 7, 0, 3;
    %cmp/u;
    %jmp/1 T_36.23, 6;
    %jmp T_36.24;
T_36.16 ;
    %pushi/vec4 1, 0, 1;
    %assign/vec4 v0x61d6fb0290d0_0, 0;
    %load/vec4 v0x61d6fb0248e0_0;
    %parti/s 5, 7, 4;
    %assign/vec4 v0x61d6fb025e30_0, 0;
    %load/vec4 v0x61d6fb0248e0_0;
    %parti/s 5, 7, 4;
    %assign/vec4 v0x61d6fb025ff0_0, 0;
    %jmp T_36.24;
T_36.17 ;
    %pushi/vec4 1, 0, 1;
    %assign/vec4 v0x61d6fb0270d0_0, 0;
    %pushi/vec4 1, 0, 5;
    %assign/vec4 v0x61d6fb025e30_0, 0;
    %jmp T_36.24;
T_36.18 ;
    %pushi/vec4 1, 0, 1;
    %assign/vec4 v0x61d6fb0290d0_0, 0;
    %load/vec4 v0x61d6fb0248e0_0;
    %parti/s 5, 7, 4;
    %assign/vec4 v0x61d6fb025e30_0, 0;
    %pushi/vec4 0, 0, 5;
    %assign/vec4 v0x61d6fb025ff0_0, 0;
    %jmp T_36.24;
T_36.19 ;
    %load/vec4 v0x61d6fb0248e0_0;
    %parti/s 1, 12, 5;
    %flag_set/vec4 8;
    %load/vec4 v0x61d6fb0248e0_0;
    %parti/s 5, 2, 3;
    %cmpi/ne 0, 0, 5;
    %flag_or 4, 8;
    %jmp/0xz  T_36.25, 4;
    %load/vec4 v0x61d6fb0248e0_0;
    %parti/s 5, 7, 4;
    %pad/u 32;
    %cmpi/e 2, 0, 32;
    %jmp/0xz  T_36.27, 4;
    %pushi/vec4 1, 0, 1;
    %assign/vec4 v0x61d6fb0290d0_0, 0;
    %load/vec4 v0x61d6fb0248e0_0;
    %parti/s 5, 7, 4;
    %assign/vec4 v0x61d6fb025e30_0, 0;
    %load/vec4 v0x61d6fb0248e0_0;
    %parti/s 5, 7, 4;
    %assign/vec4 v0x61d6fb025ff0_0, 0;
    %jmp T_36.28;
T_36.27 ;
    %pushi/vec4 1, 0, 1;
    %assign/vec4 v0x61d6fb027550_0, 0;
    %load/vec4 v0x61d6fb0248e0_0;
    %parti/s 5, 7, 4;
    %assign/vec4 v0x61d6fb025e30_0, 0;
    %pushi/vec4 0, 0, 5;
    %assign/vec4 v0x61d6fb025ff0_0, 0;
T_36.28 ;
T_36.25 ;
    %jmp T_36.24;
T_36.20 ;
    %load/vec4 v0x61d6fb0248e0_0;
    %parti/s 1, 11, 5;
    %nor/r;
    %load/vec4 v0x61d6fb0248e0_0;
    %parti/s 1, 12, 5;
    %nor/r;
    %and;
    %flag_set/vec4 8;
    %jmp/0xz  T_36.29, 8;
    %pushi/vec4 1, 0, 1;
    %assign/vec4 v0x61d6fb0290d0_0, 0;
    %pushi/vec4 8, 0, 5;
    %load/vec4 v0x61d6fb0248e0_0;
    %parti/s 3, 7, 4;
    %pad/u 5;
    %add;
    %assign/vec4 v0x61d6fb025e30_0, 0;
    %pushi/vec4 8, 0, 5;
    %load/vec4 v0x61d6fb0248e0_0;
    %parti/s 3, 7, 4;
    %pad/u 5;
    %add;
    %assign/vec4 v0x61d6fb025ff0_0, 0;
    %load/vec4 v0x61d6fb0248e0_0;
    %parti/s 1, 12, 5;
    %load/vec4 v0x61d6fb0248e0_0;
    %parti/s 5, 2, 3;
    %concat/vec4; draw_concat_vec4
    %pad/u 5;
    %assign/vec4 v0x61d6fb0260d0_0, 0;
T_36.29 ;
    %load/vec4 v0x61d6fb0248e0_0;
    %parti/s 2, 10, 5;
    %cmpi/e 2, 0, 2;
    %jmp/0xz  T_36.31, 4;
    %pushi/vec4 1, 0, 1;
    %assign/vec4 v0x61d6fb0290d0_0, 0;
    %pushi/vec4 8, 0, 5;
    %load/vec4 v0x61d6fb0248e0_0;
    %parti/s 3, 7, 4;
    %pad/u 5;
    %add;
    %assign/vec4 v0x61d6fb025e30_0, 0;
    %pushi/vec4 8, 0, 5;
    %load/vec4 v0x61d6fb0248e0_0;
    %parti/s 3, 7, 4;
    %pad/u 5;
    %add;
    %assign/vec4 v0x61d6fb025ff0_0, 0;
T_36.31 ;
    %load/vec4 v0x61d6fb0248e0_0;
    %parti/s 3, 10, 5;
    %cmpi/e 3, 0, 3;
    %jmp/0xz  T_36.33, 4;
    %pushi/vec4 1, 0, 1;
    %assign/vec4 v0x61d6fb029190_0, 0;
    %pushi/vec4 8, 0, 5;
    %load/vec4 v0x61d6fb0248e0_0;
    %parti/s 3, 7, 4;
    %pad/u 5;
    %add;
    %assign/vec4 v0x61d6fb025e30_0, 0;
    %pushi/vec4 8, 0, 5;
    %load/vec4 v0x61d6fb0248e0_0;
    %parti/s 3, 7, 4;
    %pad/u 5;
    %add;
    %assign/vec4 v0x61d6fb025ff0_0, 0;
    %pushi/vec4 8, 0, 5;
    %load/vec4 v0x61d6fb0248e0_0;
    %parti/s 3, 2, 3;
    %pad/u 5;
    %add;
    %assign/vec4 v0x61d6fb0260d0_0, 0;
T_36.33 ;
    %jmp T_36.24;
T_36.21 ;
    %pushi/vec4 1, 0, 1;
    %assign/vec4 v0x61d6fb0270d0_0, 0;
    %jmp T_36.24;
T_36.22 ;
    %pushi/vec4 1, 0, 1;
    %assign/vec4 v0x61d6fb029250_0, 0;
    %pushi/vec4 8, 0, 5;
    %load/vec4 v0x61d6fb0248e0_0;
    %parti/s 3, 7, 4;
    %pad/u 5;
    %add;
    %assign/vec4 v0x61d6fb025ff0_0, 0;
    %pushi/vec4 0, 0, 5;
    %assign/vec4 v0x61d6fb0260d0_0, 0;
    %jmp T_36.24;
T_36.23 ;
    %pushi/vec4 1, 0, 1;
    %assign/vec4 v0x61d6fb029250_0, 0;
    %pushi/vec4 8, 0, 5;
    %load/vec4 v0x61d6fb0248e0_0;
    %parti/s 3, 7, 4;
    %pad/u 5;
    %add;
    %assign/vec4 v0x61d6fb025ff0_0, 0;
    %pushi/vec4 0, 0, 5;
    %assign/vec4 v0x61d6fb0260d0_0, 0;
    %jmp T_36.24;
T_36.24 ;
    %pop/vec4 1;
    %jmp T_36.11;
T_36.10 ;
    %load/vec4 v0x61d6fb0248e0_0;
    %parti/s 3, 13, 5;
    %dup/vec4;
    %pushi/vec4 0, 0, 3;
    %cmp/u;
    %jmp/1 T_36.35, 6;
    %dup/vec4;
    %pushi/vec4 2, 0, 3;
    %cmp/u;
    %jmp/1 T_36.36, 6;
    %dup/vec4;
    %pushi/vec4 4, 0, 3;
    %cmp/u;
    %jmp/1 T_36.37, 6;
    %dup/vec4;
    %pushi/vec4 6, 0, 3;
    %cmp/u;
    %jmp/1 T_36.38, 6;
    %jmp T_36.39;
T_36.35 ;
    %load/vec4 v0x61d6fb0248e0_0;
    %parti/s 1, 12, 5;
    %nor/r;
    %flag_set/vec4 8;
    %jmp/0xz  T_36.40, 8;
    %pushi/vec4 1, 0, 1;
    %assign/vec4 v0x61d6fb0290d0_0, 0;
    %load/vec4 v0x61d6fb0248e0_0;
    %parti/s 5, 7, 4;
    %assign/vec4 v0x61d6fb025e30_0, 0;
    %load/vec4 v0x61d6fb0248e0_0;
    %parti/s 5, 7, 4;
    %assign/vec4 v0x61d6fb025ff0_0, 0;
    %load/vec4 v0x61d6fb0248e0_0;
    %parti/s 1, 12, 5;
    %load/vec4 v0x61d6fb0248e0_0;
    %parti/s 5, 2, 3;
    %concat/vec4; draw_concat_vec4
    %pad/u 5;
    %assign/vec4 v0x61d6fb0260d0_0, 0;
T_36.40 ;
    %jmp T_36.39;
T_36.36 ;
    %load/vec4 v0x61d6fb0248e0_0;
    %parti/s 5, 7, 4;
    %cmpi/ne 0, 0, 5;
    %jmp/0xz  T_36.42, 4;
    %pushi/vec4 1, 0, 1;
    %assign/vec4 v0x61d6fb029490_0, 0;
    %load/vec4 v0x61d6fb0248e0_0;
    %parti/s 5, 7, 4;
    %assign/vec4 v0x61d6fb025e30_0, 0;
    %pushi/vec4 2, 0, 5;
    %assign/vec4 v0x61d6fb025ff0_0, 0;
T_36.42 ;
    %jmp T_36.39;
T_36.37 ;
    %load/vec4 v0x61d6fb0248e0_0;
    %parti/s 1, 12, 5;
    %pad/u 32;
    %pushi/vec4 0, 0, 32;
    %cmp/e;
    %flag_get/vec4 4;
    %load/vec4 v0x61d6fb0248e0_0;
    %parti/s 5, 7, 4;
    %pad/u 32;
    %pushi/vec4 0, 0, 32;
    %cmp/ne;
    %flag_get/vec4 4;
    %and;
    %load/vec4 v0x61d6fb0248e0_0;
    %parti/s 5, 2, 3;
    %pad/u 32;
    %pushi/vec4 0, 0, 32;
    %cmp/e;
    %flag_get/vec4 4;
    %and;
    %flag_set/vec4 8;
    %jmp/0xz  T_36.44, 8;
    %pushi/vec4 1, 0, 1;
    %assign/vec4 v0x61d6fb027190_0, 0;
    %pushi/vec4 0, 0, 5;
    %assign/vec4 v0x61d6fb025e30_0, 0;
    %load/vec4 v0x61d6fb0248e0_0;
    %parti/s 5, 7, 4;
    %assign/vec4 v0x61d6fb025ff0_0, 0;
T_36.44 ;
    %load/vec4 v0x61d6fb0248e0_0;
    %parti/s 1, 12, 5;
    %pad/u 32;
    %pushi/vec4 0, 0, 32;
    %cmp/e;
    %flag_get/vec4 4;
    %load/vec4 v0x61d6fb0248e0_0;
    %parti/s 5, 2, 3;
    %pad/u 32;
    %pushi/vec4 0, 0, 32;
    %cmp/ne;
    %flag_get/vec4 4;
    %and;
    %flag_set/vec4 8;
    %jmp/0xz  T_36.46, 8;
    %pushi/vec4 1, 0, 1;
    %assign/vec4 v0x61d6fb029190_0, 0;
    %load/vec4 v0x61d6fb0248e0_0;
    %parti/s 5, 7, 4;
    %assign/vec4 v0x61d6fb025e30_0, 0;
    %pushi/vec4 0, 0, 5;
    %assign/vec4 v0x61d6fb025ff0_0, 0;
    %load/vec4 v0x61d6fb0248e0_0;
    %parti/s 5, 2, 3;
    %assign/vec4 v0x61d6fb0260d0_0, 0;
T_36.46 ;
    %load/vec4 v0x61d6fb0248e0_0;
    %parti/s 1, 12, 5;
    %pad/u 32;
    %pushi/vec4 0, 0, 32;
    %cmp/ne;
    %flag_get/vec4 4;
    %load/vec4 v0x61d6fb0248e0_0;
    %parti/s 5, 7, 4;
    %pad/u 32;
    %pushi/vec4 0, 0, 32;
    %cmp/ne;
    %flag_get/vec4 4;
    %and;
    %load/vec4 v0x61d6fb0248e0_0;
    %parti/s 5, 2, 3;
    %pad/u 32;
    %pushi/vec4 0, 0, 32;
    %cmp/e;
    %flag_get/vec4 4;
    %and;
    %flag_set/vec4 8;
    %jmp/0xz  T_36.48, 8;
    %pushi/vec4 1, 0, 1;
    %assign/vec4 v0x61d6fb027190_0, 0;
    %pushi/vec4 1, 0, 5;
    %assign/vec4 v0x61d6fb025e30_0, 0;
    %load/vec4 v0x61d6fb0248e0_0;
    %parti/s 5, 7, 4;
    %assign/vec4 v0x61d6fb025ff0_0, 0;
T_36.48 ;
    %load/vec4 v0x61d6fb0248e0_0;
    %parti/s 1, 12, 5;
    %pad/u 32;
    %pushi/vec4 0, 0, 32;
    %cmp/ne;
    %flag_get/vec4 4;
    %load/vec4 v0x61d6fb0248e0_0;
    %parti/s 5, 2, 3;
    %pad/u 32;
    %pushi/vec4 0, 0, 32;
    %cmp/ne;
    %flag_get/vec4 4;
    %and;
    %flag_set/vec4 8;
    %jmp/0xz  T_36.50, 8;
    %pushi/vec4 1, 0, 1;
    %assign/vec4 v0x61d6fb029190_0, 0;
    %load/vec4 v0x61d6fb0248e0_0;
    %parti/s 5, 7, 4;
    %assign/vec4 v0x61d6fb025e30_0, 0;
    %load/vec4 v0x61d6fb0248e0_0;
    %parti/s 5, 7, 4;
    %assign/vec4 v0x61d6fb025ff0_0, 0;
    %load/vec4 v0x61d6fb0248e0_0;
    %parti/s 5, 2, 3;
    %assign/vec4 v0x61d6fb0260d0_0, 0;
T_36.50 ;
    %jmp T_36.39;
T_36.38 ;
    %pushi/vec4 1, 0, 1;
    %assign/vec4 v0x61d6fb029850_0, 0;
    %pushi/vec4 2, 0, 5;
    %assign/vec4 v0x61d6fb025ff0_0, 0;
    %load/vec4 v0x61d6fb0248e0_0;
    %parti/s 5, 2, 3;
    %assign/vec4 v0x61d6fb0260d0_0, 0;
    %jmp T_36.39;
T_36.39 ;
    %pop/vec4 1;
    %jmp T_36.11;
T_36.11 ;
    %pop/vec4 1;
T_36.6 ;
T_36.0 ;
    %load/vec4 v0x61d6fb026330_0;
    %load/vec4 v0x61d6fb0261b0_0;
    %nor/r;
    %and;
    %flag_set/vec4 8;
    %jmp/0xz  T_36.52, 8;
    %pushi/vec4 4294967295, 4294967295, 32;
    %assign/vec4 v0x61d6fb02cc20_0, 0;
    %load/vec4 v0x61d6fb029250_0;
    %load/vec4 v0x61d6fb024aa0_0;
    %parti/s 3, 12, 5;
    %pushi/vec4 0, 0, 3;
    %cmp/e;
    %flag_get/vec4 4;
    %and;
    %assign/vec4 v0x61d6fb026a10_0, 0;
    %load/vec4 v0x61d6fb029250_0;
    %load/vec4 v0x61d6fb024aa0_0;
    %parti/s 3, 12, 5;
    %pushi/vec4 1, 0, 3;
    %cmp/e;
    %flag_get/vec4 4;
    %and;
    %assign/vec4 v0x61d6fb026dd0_0, 0;
    %load/vec4 v0x61d6fb029250_0;
    %load/vec4 v0x61d6fb024aa0_0;
    %parti/s 3, 12, 5;
    %pushi/vec4 4, 0, 3;
    %cmp/e;
    %flag_get/vec4 4;
    %and;
    %assign/vec4 v0x61d6fb026c50_0, 0;
    %load/vec4 v0x61d6fb029250_0;
    %load/vec4 v0x61d6fb024aa0_0;
    %parti/s 3, 12, 5;
    %pushi/vec4 5, 0, 3;
    %cmp/e;
    %flag_get/vec4 4;
    %and;
    %assign/vec4 v0x61d6fb026ad0_0, 0;
    %load/vec4 v0x61d6fb029250_0;
    %load/vec4 v0x61d6fb024aa0_0;
    %parti/s 3, 12, 5;
    %pushi/vec4 6, 0, 3;
    %cmp/e;
    %flag_get/vec4 4;
    %and;
    %assign/vec4 v0x61d6fb026d10_0, 0;
    %load/vec4 v0x61d6fb029250_0;
    %load/vec4 v0x61d6fb024aa0_0;
    %parti/s 3, 12, 5;
    %pushi/vec4 7, 0, 3;
    %cmp/e;
    %flag_get/vec4 4;
    %and;
    %assign/vec4 v0x61d6fb026b90_0, 0;
    %load/vec4 v0x61d6fb029490_0;
    %load/vec4 v0x61d6fb024aa0_0;
    %parti/s 3, 12, 5;
    %pushi/vec4 0, 0, 3;
    %cmp/e;
    %flag_get/vec4 4;
    %and;
    %assign/vec4 v0x61d6fb027250_0, 0;
    %load/vec4 v0x61d6fb029490_0;
    %load/vec4 v0x61d6fb024aa0_0;
    %parti/s 3, 12, 5;
    %pushi/vec4 1, 0, 3;
    %cmp/e;
    %flag_get/vec4 4;
    %and;
    %assign/vec4 v0x61d6fb0273d0_0, 0;
    %load/vec4 v0x61d6fb029490_0;
    %load/vec4 v0x61d6fb024aa0_0;
    %parti/s 3, 12, 5;
    %pushi/vec4 2, 0, 3;
    %cmp/e;
    %flag_get/vec4 4;
    %and;
    %assign/vec4 v0x61d6fb027610_0, 0;
    %load/vec4 v0x61d6fb029490_0;
    %load/vec4 v0x61d6fb024aa0_0;
    %parti/s 3, 12, 5;
    %pushi/vec4 4, 0, 3;
    %cmp/e;
    %flag_get/vec4 4;
    %and;
    %assign/vec4 v0x61d6fb027310_0, 0;
    %load/vec4 v0x61d6fb029490_0;
    %load/vec4 v0x61d6fb024aa0_0;
    %parti/s 3, 12, 5;
    %pushi/vec4 5, 0, 3;
    %cmp/e;
    %flag_get/vec4 4;
    %and;
    %assign/vec4 v0x61d6fb027490_0, 0;
    %load/vec4 v0x61d6fb029850_0;
    %load/vec4 v0x61d6fb024aa0_0;
    %parti/s 3, 12, 5;
    %pushi/vec4 0, 0, 3;
    %cmp/e;
    %flag_get/vec4 4;
    %and;
    %assign/vec4 v0x61d6fb027cd0_0, 0;
    %load/vec4 v0x61d6fb029850_0;
    %load/vec4 v0x61d6fb024aa0_0;
    %parti/s 3, 12, 5;
    %pushi/vec4 1, 0, 3;
    %cmp/e;
    %flag_get/vec4 4;
    %and;
    %assign/vec4 v0x61d6fb027e50_0, 0;
    %load/vec4 v0x61d6fb029850_0;
    %load/vec4 v0x61d6fb024aa0_0;
    %parti/s 3, 12, 5;
    %pushi/vec4 2, 0, 3;
    %cmp/e;
    %flag_get/vec4 4;
    %and;
    %assign/vec4 v0x61d6fb028750_0, 0;
    %load/vec4 v0x61d6fb0290d0_0;
    %load/vec4 v0x61d6fb024aa0_0;
    %parti/s 3, 12, 5;
    %pushi/vec4 0, 0, 3;
    %cmp/e;
    %flag_get/vec4 4;
    %and;
    %assign/vec4 v0x61d6fb026710_0, 0;
    %load/vec4 v0x61d6fb0290d0_0;
    %load/vec4 v0x61d6fb024aa0_0;
    %parti/s 3, 12, 5;
    %pushi/vec4 2, 0, 3;
    %cmp/e;
    %flag_get/vec4 4;
    %and;
    %assign/vec4 v0x61d6fb028150_0, 0;
    %load/vec4 v0x61d6fb0290d0_0;
    %load/vec4 v0x61d6fb024aa0_0;
    %parti/s 3, 12, 5;
    %pushi/vec4 3, 0, 3;
    %cmp/e;
    %flag_get/vec4 4;
    %and;
    %assign/vec4 v0x61d6fb028210_0, 0;
    %load/vec4 v0x61d6fb0290d0_0;
    %load/vec4 v0x61d6fb024aa0_0;
    %parti/s 3, 12, 5;
    %pushi/vec4 4, 0, 3;
    %cmp/e;
    %flag_get/vec4 4;
    %and;
    %assign/vec4 v0x61d6fb028b10_0, 0;
    %load/vec4 v0x61d6fb0290d0_0;
    %load/vec4 v0x61d6fb024aa0_0;
    %parti/s 3, 12, 5;
    %pushi/vec4 6, 0, 3;
    %cmp/e;
    %flag_get/vec4 4;
    %and;
    %assign/vec4 v0x61d6fb027850_0, 0;
    %load/vec4 v0x61d6fb0290d0_0;
    %load/vec4 v0x61d6fb024aa0_0;
    %parti/s 3, 12, 5;
    %pushi/vec4 7, 0, 3;
    %cmp/e;
    %flag_get/vec4 4;
    %and;
    %assign/vec4 v0x61d6fb026890_0, 0;
    %load/vec4 v0x61d6fb0290d0_0;
    %load/vec4 v0x61d6fb024aa0_0;
    %parti/s 3, 12, 5;
    %pushi/vec4 1, 0, 3;
    %cmp/e;
    %flag_get/vec4 4;
    %and;
    %load/vec4 v0x61d6fb024aa0_0;
    %parti/s 7, 25, 6;
    %pushi/vec4 0, 0, 7;
    %cmp/e;
    %flag_get/vec4 4;
    %and;
    %assign/vec4 v0x61d6fb027fd0_0, 0;
    %load/vec4 v0x61d6fb0290d0_0;
    %load/vec4 v0x61d6fb024aa0_0;
    %parti/s 3, 12, 5;
    %pushi/vec4 5, 0, 3;
    %cmp/e;
    %flag_get/vec4 4;
    %and;
    %load/vec4 v0x61d6fb024aa0_0;
    %parti/s 7, 25, 6;
    %pushi/vec4 0, 0, 7;
    %cmp/e;
    %flag_get/vec4 4;
    %and;
    %assign/vec4 v0x61d6fb0285d0_0, 0;
    %load/vec4 v0x61d6fb0290d0_0;
    %load/vec4 v0x61d6fb024aa0_0;
    %parti/s 3, 12, 5;
    %pushi/vec4 5, 0, 3;
    %cmp/e;
    %flag_get/vec4 4;
    %and;
    %load/vec4 v0x61d6fb024aa0_0;
    %parti/s 7, 25, 6;
    %pushi/vec4 32, 0, 7;
    %cmp/e;
    %flag_get/vec4 4;
    %and;
    %assign/vec4 v0x61d6fb028450_0, 0;
    %load/vec4 v0x61d6fb029190_0;
    %load/vec4 v0x61d6fb024aa0_0;
    %parti/s 3, 12, 5;
    %pushi/vec4 0, 0, 3;
    %cmp/e;
    %flag_get/vec4 4;
    %and;
    %load/vec4 v0x61d6fb024aa0_0;
    %parti/s 7, 25, 6;
    %pushi/vec4 0, 0, 7;
    %cmp/e;
    %flag_get/vec4 4;
    %and;
    %assign/vec4 v0x61d6fb026650_0, 0;
    %load/vec4 v0x61d6fb029190_0;
    %load/vec4 v0x61d6fb024aa0_0;
    %parti/s 3, 12, 5;
    %pushi/vec4 0, 0, 3;
    %cmp/e;
    %flag_get/vec4 4;
    %and;
    %load/vec4 v0x61d6fb024aa0_0;
    %parti/s 7, 25, 6;
    %pushi/vec4 32, 0, 7;
    %cmp/e;
    %flag_get/vec4 4;
    %and;
    %assign/vec4 v0x61d6fb028690_0, 0;
    %load/vec4 v0x61d6fb029190_0;
    %load/vec4 v0x61d6fb024aa0_0;
    %parti/s 3, 12, 5;
    %pushi/vec4 1, 0, 3;
    %cmp/e;
    %flag_get/vec4 4;
    %and;
    %load/vec4 v0x61d6fb024aa0_0;
    %parti/s 7, 25, 6;
    %pushi/vec4 0, 0, 7;
    %cmp/e;
    %flag_get/vec4 4;
    %and;
    %assign/vec4 v0x61d6fb027f10_0, 0;
    %load/vec4 v0x61d6fb029190_0;
    %load/vec4 v0x61d6fb024aa0_0;
    %parti/s 3, 12, 5;
    %pushi/vec4 2, 0, 3;
    %cmp/e;
    %flag_get/vec4 4;
    %and;
    %load/vec4 v0x61d6fb024aa0_0;
    %parti/s 7, 25, 6;
    %pushi/vec4 0, 0, 7;
    %cmp/e;
    %flag_get/vec4 4;
    %and;
    %assign/vec4 v0x61d6fb028090_0, 0;
    %load/vec4 v0x61d6fb029190_0;
    %load/vec4 v0x61d6fb024aa0_0;
    %parti/s 3, 12, 5;
    %pushi/vec4 3, 0, 3;
    %cmp/e;
    %flag_get/vec4 4;
    %and;
    %load/vec4 v0x61d6fb024aa0_0;
    %parti/s 7, 25, 6;
    %pushi/vec4 0, 0, 7;
    %cmp/e;
    %flag_get/vec4 4;
    %and;
    %assign/vec4 v0x61d6fb0282d0_0, 0;
    %load/vec4 v0x61d6fb029190_0;
    %load/vec4 v0x61d6fb024aa0_0;
    %parti/s 3, 12, 5;
    %pushi/vec4 4, 0, 3;
    %cmp/e;
    %flag_get/vec4 4;
    %and;
    %load/vec4 v0x61d6fb024aa0_0;
    %parti/s 7, 25, 6;
    %pushi/vec4 0, 0, 7;
    %cmp/e;
    %flag_get/vec4 4;
    %and;
    %assign/vec4 v0x61d6fb028a50_0, 0;
    %load/vec4 v0x61d6fb029190_0;
    %load/vec4 v0x61d6fb024aa0_0;
    %parti/s 3, 12, 5;
    %pushi/vec4 5, 0, 3;
    %cmp/e;
    %flag_get/vec4 4;
    %and;
    %load/vec4 v0x61d6fb024aa0_0;
    %parti/s 7, 25, 6;
    %pushi/vec4 0, 0, 7;
    %cmp/e;
    %flag_get/vec4 4;
    %and;
    %assign/vec4 v0x61d6fb028510_0, 0;
    %load/vec4 v0x61d6fb029190_0;
    %load/vec4 v0x61d6fb024aa0_0;
    %parti/s 3, 12, 5;
    %pushi/vec4 5, 0, 3;
    %cmp/e;
    %flag_get/vec4 4;
    %and;
    %load/vec4 v0x61d6fb024aa0_0;
    %parti/s 7, 25, 6;
    %pushi/vec4 32, 0, 7;
    %cmp/e;
    %flag_get/vec4 4;
    %and;
    %assign/vec4 v0x61d6fb028390_0, 0;
    %load/vec4 v0x61d6fb029190_0;
    %load/vec4 v0x61d6fb024aa0_0;
    %parti/s 3, 12, 5;
    %pushi/vec4 6, 0, 3;
    %cmp/e;
    %flag_get/vec4 4;
    %and;
    %load/vec4 v0x61d6fb024aa0_0;
    %parti/s 7, 25, 6;
    %pushi/vec4 0, 0, 7;
    %cmp/e;
    %flag_get/vec4 4;
    %and;
    %assign/vec4 v0x61d6fb027790_0, 0;
    %load/vec4 v0x61d6fb029190_0;
    %load/vec4 v0x61d6fb024aa0_0;
    %parti/s 3, 12, 5;
    %pushi/vec4 7, 0, 3;
    %cmp/e;
    %flag_get/vec4 4;
    %and;
    %load/vec4 v0x61d6fb024aa0_0;
    %parti/s 7, 25, 6;
    %pushi/vec4 0, 0, 7;
    %cmp/e;
    %flag_get/vec4 4;
    %and;
    %assign/vec4 v0x61d6fb0267d0_0, 0;
    %load/vec4 v0x61d6fb024aa0_0;
    %parti/s 7, 0, 2;
    %pushi/vec4 115, 0, 7;
    %cmp/e;
    %flag_get/vec4 4;
    %load/vec4 v0x61d6fb024aa0_0;
    %parti/s 20, 12, 5;
    %pad/u 32;
    %pushi/vec4 786434, 0, 32;
    %cmp/e;
    %flag_get/vec4 4;
    %and;
    %load/vec4 v0x61d6fb024aa0_0;
    %parti/s 7, 0, 2;
    %pushi/vec4 115, 0, 7;
    %cmp/e;
    %flag_get/vec4 4;
    %load/vec4 v0x61d6fb024aa0_0;
    %parti/s 20, 12, 5;
    %pad/u 32;
    %pushi/vec4 786690, 0, 32;
    %cmp/e;
    %flag_get/vec4 4;
    %and;
    %or;
    %pushi/vec4 1, 0, 1;
    %and;
    %assign/vec4 v0x61d6fb027910_0, 0;
    %load/vec4 v0x61d6fb024aa0_0;
    %parti/s 7, 0, 2;
    %pushi/vec4 115, 0, 7;
    %cmp/e;
    %flag_get/vec4 4;
    %load/vec4 v0x61d6fb024aa0_0;
    %parti/s 20, 12, 5;
    %pad/u 32;
    %pushi/vec4 819202, 0, 32;
    %cmp/e;
    %flag_get/vec4 4;
    %and;
    %load/vec4 v0x61d6fb024aa0_0;
    %parti/s 7, 0, 2;
    %pushi/vec4 115, 0, 7;
    %cmp/e;
    %flag_get/vec4 4;
    %load/vec4 v0x61d6fb024aa0_0;
    %parti/s 20, 12, 5;
    %pad/u 32;
    %pushi/vec4 819458, 0, 32;
    %cmp/e;
    %flag_get/vec4 4;
    %and;
    %or;
    %pushi/vec4 1, 0, 1;
    %and;
    %pushi/vec4 1, 0, 1;
    %and;
    %assign/vec4 v0x61d6fb0279d0_0, 0;
    %load/vec4 v0x61d6fb024aa0_0;
    %parti/s 7, 0, 2;
    %pushi/vec4 115, 0, 7;
    %cmp/e;
    %flag_get/vec4 4;
    %load/vec4 v0x61d6fb024aa0_0;
    %parti/s 20, 12, 5;
    %pad/u 32;
    %pushi/vec4 786946, 0, 32;
    %cmp/e;
    %flag_get/vec4 4;
    %and;
    %pushi/vec4 1, 0, 1;
    %and;
    %assign/vec4 v0x61d6fb027a90_0, 0;
    %load/vec4 v0x61d6fb024aa0_0;
    %parti/s 7, 0, 2;
    %pushi/vec4 115, 0, 7;
    %cmp/e;
    %flag_get/vec4 4;
    %load/vec4 v0x61d6fb024aa0_0;
    %parti/s 20, 12, 5;
    %pad/u 32;
    %pushi/vec4 819714, 0, 32;
    %cmp/e;
    %flag_get/vec4 4;
    %and;
    %pushi/vec4 1, 0, 1;
    %and;
    %pushi/vec4 1, 0, 1;
    %and;
    %assign/vec4 v0x61d6fb027b50_0, 0;
    %load/vec4 v0x61d6fb024aa0_0;
    %parti/s 7, 0, 2;
    %pushi/vec4 115, 0, 7;
    %cmp/e;
    %flag_get/vec4 4;
    %load/vec4 v0x61d6fb024aa0_0;
    %parti/s 11, 21, 6;
    %nor/r;
    %and;
    %load/vec4 v0x61d6fb024aa0_0;
    %parti/s 13, 7, 4;
    %nor/r;
    %and;
    %pushi/vec4 0, 0, 1;
    %load/vec4 v0x61d6fb024aa0_0;
    %parti/s 16, 0, 2;
    %pushi/vec4 36866, 0, 16;
    %cmp/e;
    %flag_get/vec4 4;
    %and;
    %or;
    %assign/vec4 v0x61d6fb026e90_0, 0;
    %load/vec4 v0x61d6fb024aa0_0;
    %parti/s 7, 0, 2;
    %pushi/vec4 15, 0, 7;
    %cmp/e;
    %flag_get/vec4 4;
    %load/vec4 v0x61d6fb024aa0_0;
    %parti/s 3, 12, 5;
    %nor/r;
    %and;
    %assign/vec4 v0x61d6fb026f50_0, 0;
    %load/vec4 v0x61d6fb024aa0_0;
    %parti/s 7, 0, 2;
    %pushi/vec4 11, 0, 7;
    %cmp/e;
    %flag_get/vec4 4;
    %load/vec4 v0x61d6fb024aa0_0;
    %parti/s 7, 25, 6;
    %pushi/vec4 0, 0, 7;
    %cmp/e;
    %flag_get/vec4 4;
    %and;
    %pushi/vec4 0, 0, 1;
    %and;
    %pushi/vec4 1, 0, 1;
    %and;
    %assign/vec4 v0x61d6fb027010_0, 0;
    %load/vec4 v0x61d6fb024aa0_0;
    %parti/s 7, 0, 2;
    %pushi/vec4 11, 0, 7;
    %cmp/e;
    %flag_get/vec4 4;
    %load/vec4 v0x61d6fb024aa0_0;
    %parti/s 7, 25, 6;
    %pushi/vec4 1, 0, 7;
    %cmp/e;
    %flag_get/vec4 4;
    %and;
    %pushi/vec4 0, 0, 1;
    %and;
    %pushi/vec4 1, 0, 1;
    %and;
    %assign/vec4 v0x61d6fb027d90_0, 0;
    %load/vec4 v0x61d6fb024aa0_0;
    %parti/s 7, 0, 2;
    %pushi/vec4 11, 0, 7;
    %cmp/e;
    %flag_get/vec4 4;
    %load/vec4 v0x61d6fb024aa0_0;
    %parti/s 7, 25, 6;
    %pushi/vec4 3, 0, 7;
    %cmp/e;
    %flag_get/vec4 4;
    %and;
    %pushi/vec4 0, 0, 1;
    %and;
    %assign/vec4 v0x61d6fb0276d0_0, 0;
    %load/vec4 v0x61d6fb024aa0_0;
    %parti/s 7, 0, 2;
    %pushi/vec4 11, 0, 7;
    %cmp/e;
    %flag_get/vec4 4;
    %load/vec4 v0x61d6fb024aa0_0;
    %parti/s 7, 25, 6;
    %pushi/vec4 5, 0, 7;
    %cmp/e;
    %flag_get/vec4 4;
    %and;
    %pushi/vec4 0, 0, 1;
    %and;
    %pushi/vec4 1, 0, 1;
    %and;
    %assign/vec4 v0x61d6fb028810_0, 0;
    %load/vec4 v0x61d6fb0290d0_0;
    %load/vec4 v0x61d6fb024aa0_0;
    %parti/s 3, 12, 5;
    %pushi/vec4 1, 0, 3;
    %cmp/e;
    %flag_get/vec4 4;
    %load/vec4 v0x61d6fb024aa0_0;
    %parti/s 7, 25, 6;
    %pushi/vec4 0, 0, 7;
    %cmp/e;
    %flag_get/vec4 4;
    %and;
    %load/vec4 v0x61d6fb024aa0_0;
    %parti/s 3, 12, 5;
    %pushi/vec4 5, 0, 3;
    %cmp/e;
    %flag_get/vec4 4;
    %load/vec4 v0x61d6fb024aa0_0;
    %parti/s 7, 25, 6;
    %pushi/vec4 0, 0, 7;
    %cmp/e;
    %flag_get/vec4 4;
    %and;
    %concat/vec4; draw_concat_vec4
    %load/vec4 v0x61d6fb024aa0_0;
    %parti/s 3, 12, 5;
    %pushi/vec4 5, 0, 3;
    %cmp/e;
    %flag_get/vec4 4;
    %load/vec4 v0x61d6fb024aa0_0;
    %parti/s 7, 25, 6;
    %pushi/vec4 32, 0, 7;
    %cmp/e;
    %flag_get/vec4 4;
    %and;
    %concat/vec4; draw_concat_vec4
    %or/r;
    %and;
    %assign/vec4 v0x61d6fb0299d0_0, 0;
    %load/vec4 v0x61d6fb027190_0;
    %load/vec4 v0x61d6fb0290d0_0;
    %load/vec4 v0x61d6fb024aa0_0;
    %parti/s 3, 12, 5;
    %pushi/vec4 0, 0, 3;
    %cmp/e;
    %flag_get/vec4 4;
    %load/vec4 v0x61d6fb024aa0_0;
    %parti/s 3, 12, 5;
    %pushi/vec4 2, 0, 3;
    %cmp/e;
    %flag_get/vec4 4;
    %concat/vec4; draw_concat_vec4
    %load/vec4 v0x61d6fb024aa0_0;
    %parti/s 3, 12, 5;
    %pushi/vec4 3, 0, 3;
    %cmp/e;
    %flag_get/vec4 4;
    %concat/vec4; draw_concat_vec4
    %load/vec4 v0x61d6fb024aa0_0;
    %parti/s 3, 12, 5;
    %pushi/vec4 4, 0, 3;
    %cmp/e;
    %flag_get/vec4 4;
    %concat/vec4; draw_concat_vec4
    %load/vec4 v0x61d6fb024aa0_0;
    %parti/s 3, 12, 5;
    %pushi/vec4 6, 0, 3;
    %cmp/e;
    %flag_get/vec4 4;
    %concat/vec4; draw_concat_vec4
    %load/vec4 v0x61d6fb024aa0_0;
    %parti/s 3, 12, 5;
    %pushi/vec4 7, 0, 3;
    %cmp/e;
    %flag_get/vec4 4;
    %concat/vec4; draw_concat_vec4
    %or/r;
    %and;
    %or;
    %assign/vec4 v0x61d6fb0293d0_0, 0;
    %load/vec4 v0x61d6fb029190_0;
    %load/vec4 v0x61d6fb024aa0_0;
    %parti/s 3, 12, 5;
    %pushi/vec4 1, 0, 3;
    %cmp/e;
    %flag_get/vec4 4;
    %load/vec4 v0x61d6fb024aa0_0;
    %parti/s 7, 25, 6;
    %pushi/vec4 0, 0, 7;
    %cmp/e;
    %flag_get/vec4 4;
    %and;
    %load/vec4 v0x61d6fb024aa0_0;
    %parti/s 3, 12, 5;
    %pushi/vec4 5, 0, 3;
    %cmp/e;
    %flag_get/vec4 4;
    %load/vec4 v0x61d6fb024aa0_0;
    %parti/s 7, 25, 6;
    %pushi/vec4 0, 0, 7;
    %cmp/e;
    %flag_get/vec4 4;
    %and;
    %concat/vec4; draw_concat_vec4
    %load/vec4 v0x61d6fb024aa0_0;
    %parti/s 3, 12, 5;
    %pushi/vec4 5, 0, 3;
    %cmp/e;
    %flag_get/vec4 4;
    %load/vec4 v0x61d6fb024aa0_0;
    %parti/s 7, 25, 6;
    %pushi/vec4 32, 0, 7;
    %cmp/e;
    %flag_get/vec4 4;
    %and;
    %concat/vec4; draw_concat_vec4
    %or/r;
    %and;
    %assign/vec4 v0x61d6fb029910_0, 0;
    %pushi/vec4 0, 0, 1;
    %assign/vec4 v0x61d6fb0296d0_0, 0;
    %pushi/vec4 0, 0, 1;
    %assign/vec4 v0x61d6fb029310_0, 0;
    %pushi/vec4 1, 0, 1;
    %dup/vec4;
    %load/vec4 v0x61d6fb0270d0_0;
    %cmp/u;
    %jmp/1 T_36.54, 6;
    %dup/vec4;
    %load/vec4 v0x61d6fb027550_0;
    %load/vec4 v0x61d6fb026950_0;
    %concat/vec4; draw_concat_vec4
    %or/r;
    %cmp/u;
    %jmp/1 T_36.55, 6;
    %dup/vec4;
    %load/vec4 v0x61d6fb027190_0;
    %load/vec4 v0x61d6fb029490_0;
    %concat/vec4; draw_concat_vec4
    %load/vec4 v0x61d6fb0290d0_0;
    %concat/vec4; draw_concat_vec4
    %or/r;
    %cmp/u;
    %jmp/1 T_36.56, 6;
    %dup/vec4;
    %load/vec4 v0x61d6fb029250_0;
    %cmp/u;
    %jmp/1 T_36.57, 6;
    %dup/vec4;
    %load/vec4 v0x61d6fb029850_0;
    %cmp/u;
    %jmp/1 T_36.58, 6;
    %pushi/vec4 1, 1, 32;
    %assign/vec4 v0x61d6fb025c70_0, 0;
    %jmp T_36.60;
T_36.54 ;
    %load/vec4 v0x61d6fb025d50_0;
    %assign/vec4 v0x61d6fb025c70_0, 0;
    %jmp T_36.60;
T_36.55 ;
    %load/vec4 v0x61d6fb024aa0_0;
    %parti/s 20, 12, 5;
    %pad/u 32;
    %ix/load 4, 12, 0;
    %flag_set/imm 4, 0;
    %shiftl 4;
    %assign/vec4 v0x61d6fb025c70_0, 0;
    %jmp T_36.60;
T_36.56 ;
    %load/vec4 v0x61d6fb024aa0_0;
    %parti/s 12, 20, 6;
    %pad/s 32;
    %assign/vec4 v0x61d6fb025c70_0, 0;
    %jmp T_36.60;
T_36.57 ;
    %load/vec4 v0x61d6fb024aa0_0;
    %parti/s 1, 31, 6;
    %load/vec4 v0x61d6fb024aa0_0;
    %parti/s 1, 7, 4;
    %concat/vec4; draw_concat_vec4
    %load/vec4 v0x61d6fb024aa0_0;
    %parti/s 6, 25, 6;
    %concat/vec4; draw_concat_vec4
    %load/vec4 v0x61d6fb024aa0_0;
    %parti/s 4, 8, 5;
    %concat/vec4; draw_concat_vec4
    %concati/vec4 0, 0, 1;
    %pad/s 32;
    %assign/vec4 v0x61d6fb025c70_0, 0;
    %jmp T_36.60;
T_36.58 ;
    %load/vec4 v0x61d6fb024aa0_0;
    %parti/s 7, 25, 6;
    %load/vec4 v0x61d6fb024aa0_0;
    %parti/s 5, 7, 4;
    %concat/vec4; draw_concat_vec4
    %pad/s 32;
    %assign/vec4 v0x61d6fb025c70_0, 0;
    %jmp T_36.60;
T_36.60 ;
    %pop/vec4 1;
T_36.52 ;
    %load/vec4 v0x61d6fb02e4e0_0;
    %nor/r;
    %flag_set/vec4 8;
    %jmp/0xz  T_36.61, 8;
    %pushi/vec4 0, 0, 1;
    %assign/vec4 v0x61d6fb029250_0, 0;
    %pushi/vec4 0, 0, 1;
    %assign/vec4 v0x61d6fb029310_0, 0;
    %pushi/vec4 0, 0, 1;
    %assign/vec4 v0x61d6fb026a10_0, 0;
    %pushi/vec4 0, 0, 1;
    %assign/vec4 v0x61d6fb026dd0_0, 0;
    %pushi/vec4 0, 0, 1;
    %assign/vec4 v0x61d6fb026c50_0, 0;
    %pushi/vec4 0, 0, 1;
    %assign/vec4 v0x61d6fb026ad0_0, 0;
    %pushi/vec4 0, 0, 1;
    %assign/vec4 v0x61d6fb026d10_0, 0;
    %pushi/vec4 0, 0, 1;
    %assign/vec4 v0x61d6fb026b90_0, 0;
    %pushi/vec4 0, 0, 1;
    %assign/vec4 v0x61d6fb026710_0, 0;
    %pushi/vec4 0, 0, 1;
    %assign/vec4 v0x61d6fb028150_0, 0;
    %pushi/vec4 0, 0, 1;
    %assign/vec4 v0x61d6fb028210_0, 0;
    %pushi/vec4 0, 0, 1;
    %assign/vec4 v0x61d6fb028b10_0, 0;
    %pushi/vec4 0, 0, 1;
    %assign/vec4 v0x61d6fb027850_0, 0;
    %pushi/vec4 0, 0, 1;
    %assign/vec4 v0x61d6fb026890_0, 0;
    %pushi/vec4 0, 0, 1;
    %assign/vec4 v0x61d6fb026650_0, 0;
    %pushi/vec4 0, 0, 1;
    %assign/vec4 v0x61d6fb028690_0, 0;
    %pushi/vec4 0, 0, 1;
    %assign/vec4 v0x61d6fb027f10_0, 0;
    %pushi/vec4 0, 0, 1;
    %assign/vec4 v0x61d6fb028090_0, 0;
    %pushi/vec4 0, 0, 1;
    %assign/vec4 v0x61d6fb0282d0_0, 0;
    %pushi/vec4 0, 0, 1;
    %assign/vec4 v0x61d6fb028a50_0, 0;
    %pushi/vec4 0, 0, 1;
    %assign/vec4 v0x61d6fb028510_0, 0;
    %pushi/vec4 0, 0, 1;
    %assign/vec4 v0x61d6fb028390_0, 0;
    %pushi/vec4 0, 0, 1;
    %assign/vec4 v0x61d6fb027790_0, 0;
    %pushi/vec4 0, 0, 1;
    %assign/vec4 v0x61d6fb0267d0_0, 0;
    %pushi/vec4 0, 0, 1;
    %assign/vec4 v0x61d6fb026f50_0, 0;
T_36.61 ;
    %jmp T_36;
    .thread T_36;
    .scope S_0x61d6fb01a410;
T_37 ;
    %wait E_0x61d6fb01cc50;
    %pushi/vec4 0, 0, 32; draw_string_vec4
    %pushi/vec4 0, 0, 32; draw_string_vec4
    %concat/vec4; draw_string_vec4
    %pushi/vec4 0, 0, 32; draw_string_vec4
    %concat/vec4; draw_string_vec4
    %pushi/vec4 0, 0, 32; draw_string_vec4
    %concat/vec4; draw_string_vec4
    %store/vec4 v0x61d6fb0243c0_0, 0, 128;
    %load/vec4 v0x61d6fb023900_0;
    %cmpi/e 128, 0, 8;
    %jmp/0xz  T_37.0, 4;
    %pushi/vec4 0, 0, 32; draw_string_vec4
    %pushi/vec4 0, 0, 32; draw_string_vec4
    %concat/vec4; draw_string_vec4
    %pushi/vec4 0, 0, 32; draw_string_vec4
    %concat/vec4; draw_string_vec4
    %pushi/vec4 1953653104, 0, 32; draw_string_vec4
    %concat/vec4; draw_string_vec4
    %store/vec4 v0x61d6fb0243c0_0, 0, 128;
T_37.0 ;
    %load/vec4 v0x61d6fb023900_0;
    %cmpi/e 64, 0, 8;
    %jmp/0xz  T_37.2, 4;
    %pushi/vec4 0, 0, 32; draw_string_vec4
    %pushi/vec4 0, 0, 32; draw_string_vec4
    %concat/vec4; draw_string_vec4
    %pushi/vec4 102, 0, 32; draw_string_vec4
    %concat/vec4; draw_string_vec4
    %pushi/vec4 1702126440, 0, 32; draw_string_vec4
    %concat/vec4; draw_string_vec4
    %store/vec4 v0x61d6fb0243c0_0, 0, 128;
T_37.2 ;
    %load/vec4 v0x61d6fb023900_0;
    %cmpi/e 32, 0, 8;
    %jmp/0xz  T_37.4, 4;
    %pushi/vec4 0, 0, 32; draw_string_vec4
    %pushi/vec4 0, 0, 32; draw_string_vec4
    %concat/vec4; draw_string_vec4
    %pushi/vec4 27748, 0, 32; draw_string_vec4
    %concat/vec4; draw_string_vec4
    %pushi/vec4 1601336113, 0, 32; draw_string_vec4
    %concat/vec4; draw_string_vec4
    %store/vec4 v0x61d6fb0243c0_0, 0, 128;
T_37.4 ;
    %load/vec4 v0x61d6fb023900_0;
    %cmpi/e 16, 0, 8;
    %jmp/0xz  T_37.6, 4;
    %pushi/vec4 0, 0, 32; draw_string_vec4
    %pushi/vec4 0, 0, 32; draw_string_vec4
    %concat/vec4; draw_string_vec4
    %pushi/vec4 27748, 0, 32; draw_string_vec4
    %concat/vec4; draw_string_vec4
    %pushi/vec4 1601336114, 0, 32; draw_string_vec4
    %concat/vec4; draw_string_vec4
    %store/vec4 v0x61d6fb0243c0_0, 0, 128;
T_37.6 ;
    %load/vec4 v0x61d6fb023900_0;
    %cmpi/e 8, 0, 8;
    %jmp/0xz  T_37.8, 4;
    %pushi/vec4 0, 0, 32; draw_string_vec4
    %pushi/vec4 0, 0, 32; draw_string_vec4
    %concat/vec4; draw_string_vec4
    %pushi/vec4 0, 0, 32; draw_string_vec4
    %concat/vec4; draw_string_vec4
    %pushi/vec4 1702389091, 0, 32; draw_string_vec4
    %concat/vec4; draw_string_vec4
    %store/vec4 v0x61d6fb0243c0_0, 0, 128;
T_37.8 ;
    %load/vec4 v0x61d6fb023900_0;
    %cmpi/e 4, 0, 8;
    %jmp/0xz  T_37.10, 4;
    %pushi/vec4 0, 0, 32; draw_string_vec4
    %pushi/vec4 0, 0, 32; draw_string_vec4
    %concat/vec4; draw_string_vec4
    %pushi/vec4 115, 0, 32; draw_string_vec4
    %concat/vec4; draw_string_vec4
    %pushi/vec4 1751737972, 0, 32; draw_string_vec4
    %concat/vec4; draw_string_vec4
    %store/vec4 v0x61d6fb0243c0_0, 0, 128;
T_37.10 ;
    %load/vec4 v0x61d6fb023900_0;
    %cmpi/e 2, 0, 8;
    %jmp/0xz  T_37.12, 4;
    %pushi/vec4 0, 0, 32; draw_string_vec4
    %pushi/vec4 0, 0, 32; draw_string_vec4
    %concat/vec4; draw_string_vec4
    %pushi/vec4 115, 0, 32; draw_string_vec4
    %concat/vec4; draw_string_vec4
    %pushi/vec4 1953326445, 0, 32; draw_string_vec4
    %concat/vec4; draw_string_vec4
    %store/vec4 v0x61d6fb0243c0_0, 0, 128;
T_37.12 ;
    %load/vec4 v0x61d6fb023900_0;
    %cmpi/e 1, 0, 8;
    %jmp/0xz  T_37.14, 4;
    %pushi/vec4 0, 0, 32; draw_string_vec4
    %pushi/vec4 0, 0, 32; draw_string_vec4
    %concat/vec4; draw_string_vec4
    %pushi/vec4 108, 0, 32; draw_string_vec4
    %concat/vec4; draw_string_vec4
    %pushi/vec4 1684890989, 0, 32; draw_string_vec4
    %concat/vec4; draw_string_vec4
    %store/vec4 v0x61d6fb0243c0_0, 0, 128;
T_37.14 ;
    %jmp T_37;
    .thread T_37, $push;
    .scope S_0x61d6fb01a410;
T_38 ;
    %wait E_0x61d6fb01cb20;
    %pushi/vec4 1, 1, 1;
    %store/vec4 v0x61d6fb022960_0, 0, 1;
    %pushi/vec4 1, 0, 1;
    %dup/vec4;
    %load/vec4 v0x61d6fb026a10_0;
    %cmp/u;
    %jmp/1 T_38.0, 6;
    %dup/vec4;
    %load/vec4 v0x61d6fb026dd0_0;
    %cmp/u;
    %jmp/1 T_38.1, 6;
    %dup/vec4;
    %load/vec4 v0x61d6fb026ad0_0;
    %cmp/u;
    %jmp/1 T_38.2, 6;
    %dup/vec4;
    %load/vec4 v0x61d6fb026b90_0;
    %cmp/u;
    %jmp/1 T_38.3, 6;
    %dup/vec4;
    %load/vec4 v0x61d6fb029a90_0;
    %pushi/vec4 1, 0, 1;
    %load/vec4 v0x61d6fb026a10_0;
    %load/vec4 v0x61d6fb026dd0_0;
    %concat/vec4; draw_concat_vec4
    %load/vec4 v0x61d6fb026ad0_0;
    %concat/vec4; draw_concat_vec4
    %load/vec4 v0x61d6fb026b90_0;
    %concat/vec4; draw_concat_vec4
    %nor/r;
    %or;
    %and;
    %cmp/u;
    %jmp/1 T_38.4, 6;
    %dup/vec4;
    %load/vec4 v0x61d6fb029b50_0;
    %pushi/vec4 1, 0, 1;
    %load/vec4 v0x61d6fb026a10_0;
    %load/vec4 v0x61d6fb026dd0_0;
    %concat/vec4; draw_concat_vec4
    %load/vec4 v0x61d6fb026ad0_0;
    %concat/vec4; draw_concat_vec4
    %load/vec4 v0x61d6fb026b90_0;
    %concat/vec4; draw_concat_vec4
    %nor/r;
    %or;
    %and;
    %cmp/u;
    %jmp/1 T_38.5, 6;
    %jmp T_38.6;
T_38.0 ;
    %load/vec4 v0x61d6fb022640_0;
    %store/vec4 v0x61d6fb022960_0, 0, 1;
    %jmp T_38.6;
T_38.1 ;
    %load/vec4 v0x61d6fb022640_0;
    %nor/r;
    %store/vec4 v0x61d6fb022960_0, 0, 1;
    %jmp T_38.6;
T_38.2 ;
    %load/vec4 v0x61d6fb022700_0;
    %nor/r;
    %store/vec4 v0x61d6fb022960_0, 0, 1;
    %jmp T_38.6;
T_38.3 ;
    %load/vec4 v0x61d6fb0227c0_0;
    %nor/r;
    %store/vec4 v0x61d6fb022960_0, 0, 1;
    %jmp T_38.6;
T_38.4 ;
    %load/vec4 v0x61d6fb022700_0;
    %store/vec4 v0x61d6fb022960_0, 0, 1;
    %jmp T_38.6;
T_38.5 ;
    %load/vec4 v0x61d6fb0227c0_0;
    %store/vec4 v0x61d6fb022960_0, 0, 1;
    %jmp T_38.6;
T_38.6 ;
    %pop/vec4 1;
    %pushi/vec4 4294967295, 4294967295, 32;
    %store/vec4 v0x61d6fb022880_0, 0, 32;
    %pushi/vec4 1, 0, 1;
    %dup/vec4;
    %load/vec4 v0x61d6fb0296d0_0;
    %cmp/u;
    %jmp/1 T_38.7, 6;
    %dup/vec4;
    %load/vec4 v0x61d6fb029310_0;
    %cmp/u;
    %jmp/1 T_38.8, 6;
    %dup/vec4;
    %load/vec4 v0x61d6fb028b10_0;
    %load/vec4 v0x61d6fb028a50_0;
    %or;
    %cmp/u;
    %jmp/1 T_38.9, 6;
    %dup/vec4;
    %load/vec4 v0x61d6fb027850_0;
    %load/vec4 v0x61d6fb027790_0;
    %or;
    %cmp/u;
    %jmp/1 T_38.10, 6;
    %dup/vec4;
    %load/vec4 v0x61d6fb026890_0;
    %load/vec4 v0x61d6fb0267d0_0;
    %or;
    %cmp/u;
    %jmp/1 T_38.11, 6;
    %dup/vec4;
    %pushi/vec4 0, 0, 1;
    %load/vec4 v0x61d6fb027f10_0;
    %load/vec4 v0x61d6fb027fd0_0;
    %or;
    %and;
    %cmp/u;
    %jmp/1 T_38.12, 6;
    %dup/vec4;
    %pushi/vec4 0, 0, 1;
    %load/vec4 v0x61d6fb028510_0;
    %load/vec4 v0x61d6fb0285d0_0;
    %or;
    %load/vec4 v0x61d6fb028390_0;
    %or;
    %load/vec4 v0x61d6fb028450_0;
    %or;
    %and;
    %cmp/u;
    %jmp/1 T_38.13, 6;
    %jmp T_38.14;
T_38.7 ;
    %load/vec4 v0x61d6fb022560_0;
    %store/vec4 v0x61d6fb022880_0, 0, 32;
    %jmp T_38.14;
T_38.8 ;
    %load/vec4 v0x61d6fb022960_0;
    %pad/u 32;
    %store/vec4 v0x61d6fb022880_0, 0, 32;
    %jmp T_38.14;
T_38.9 ;
    %load/vec4 v0x61d6fb02e080_0;
    %load/vec4 v0x61d6fb02e160_0;
    %xor;
    %store/vec4 v0x61d6fb022880_0, 0, 32;
    %jmp T_38.14;
T_38.10 ;
    %load/vec4 v0x61d6fb02e080_0;
    %load/vec4 v0x61d6fb02e160_0;
    %or;
    %store/vec4 v0x61d6fb022880_0, 0, 32;
    %jmp T_38.14;
T_38.11 ;
    %load/vec4 v0x61d6fb02e080_0;
    %load/vec4 v0x61d6fb02e160_0;
    %and;
    %store/vec4 v0x61d6fb022880_0, 0, 32;
    %jmp T_38.14;
T_38.12 ;
    %load/vec4 v0x61d6fb022bc0_0;
    %store/vec4 v0x61d6fb022880_0, 0, 32;
    %jmp T_38.14;
T_38.13 ;
    %load/vec4 v0x61d6fb022ca0_0;
    %store/vec4 v0x61d6fb022880_0, 0, 32;
    %jmp T_38.14;
T_38.14 ;
    %pop/vec4 1;
    %jmp T_38;
    .thread T_38, $push;
    .scope S_0x61d6fb01a410;
T_39 ;
    %wait E_0x61d6fb01c7f0;
    %load/vec4 v0x61d6fb023440_0;
    %assign/vec4 v0x61d6fb023500_0, 0;
    %jmp T_39;
    .thread T_39;
    .scope S_0x61d6fb01a410;
T_40 ;
    %wait E_0x61d6fb01ca80;
    %load/vec4 v0x61d6fb023500_0;
    %store/vec4 v0x61d6fb023440_0, 0, 1;
    %load/vec4 v0x61d6fb02d9a0_0;
    %nor/r;
    %flag_set/vec4 8;
    %jmp/0xz  T_40.0, 8;
    %pushi/vec4 0, 0, 1;
    %store/vec4 v0x61d6fb023440_0, 0, 1;
T_40.0 ;
    %load/vec4 v0x61d6fb029cd0_0;
    %flag_set/vec4 8;
    %load/vec4 v0x61d6fb028ff0_0;
    %cmpi/ne 0, 0, 2;
    %flag_or 4, 8;
    %flag_mov 8, 4;
    %load/vec4 v0x61d6fb02e4e0_0;
    %nor/r;
    %flag_set/vec4 9;
    %flag_or 9, 8;
    %jmp/0xz  T_40.2, 9;
    %pushi/vec4 0, 0, 1;
    %store/vec4 v0x61d6fb023440_0, 0, 1;
T_40.2 ;
    %jmp T_40;
    .thread T_40, $push;
    .scope S_0x61d6fb01a410;
T_41 ;
    %wait E_0x61d6fb01c9d0;
    %pushi/vec4 0, 0, 1;
    %store/vec4 v0x61d6fb024140_0, 0, 1;
    %pushi/vec4 4294967295, 4294967295, 32;
    %store/vec4 v0x61d6fb024060_0, 0, 32;
    %load/vec4 v0x61d6fb023900_0;
    %cmpi/e 64, 0, 8;
    %jmp/0xz  T_41.0, 4;
    %pushi/vec4 1, 0, 1;
    %dup/vec4;
    %load/vec4 v0x61d6fb029cd0_0;
    %cmp/u;
    %jmp/1 T_41.2, 6;
    %dup/vec4;
    %load/vec4 v0x61d6fb02a230_0;
    %load/vec4 v0x61d6fb029cd0_0;
    %nor/r;
    %and;
    %cmp/u;
    %jmp/1 T_41.3, 6;
    %dup/vec4;
    %pushi/vec4 0, 0, 1;
    %load/vec4 v0x61d6fb028ff0_0;
    %parti/s 1, 0, 2;
    %and;
    %cmp/u;
    %jmp/1 T_41.4, 6;
    %dup/vec4;
    %pushi/vec4 0, 0, 1;
    %load/vec4 v0x61d6fb028ff0_0;
    %parti/s 1, 1, 2;
    %and;
    %cmp/u;
    %jmp/1 T_41.5, 6;
    %jmp T_41.6;
T_41.2 ;
    %load/vec4 v0x61d6fb02e320_0;
    %load/vec4 v0x61d6fb029d90_0;
    %flag_set/vec4 8;
    %jmp/0 T_41.7, 8;
    %pushi/vec4 2, 0, 32;
    %jmp/1 T_41.8, 8;
T_41.7 ; End of true expr.
    %pushi/vec4 4, 0, 32;
    %jmp/0 T_41.8, 8;
 ; End of false expr.
    %blend;
T_41.8;
    %add;
    %store/vec4 v0x61d6fb024060_0, 0, 32;
    %pushi/vec4 1, 0, 1;
    %store/vec4 v0x61d6fb024140_0, 0, 1;
    %jmp T_41.6;
T_41.3 ;
    %load/vec4 v0x61d6fb02a170_0;
    %flag_set/vec4 8;
    %jmp/0 T_41.9, 8;
    %load/vec4 v0x61d6fb022ae0_0;
    %jmp/1 T_41.10, 8;
T_41.9 ; End of true expr.
    %load/vec4 v0x61d6fb02e240_0;
    %jmp/0 T_41.10, 8;
 ; End of false expr.
    %blend;
T_41.10;
    %store/vec4 v0x61d6fb024060_0, 0, 32;
    %pushi/vec4 1, 0, 1;
    %store/vec4 v0x61d6fb024140_0, 0, 1;
    %jmp T_41.6;
T_41.4 ;
    %load/vec4 v0x61d6fb02dfa0_0;
    %load/vec4 v0x61d6fb029d90_0;
    %pad/u 32;
    %or;
    %store/vec4 v0x61d6fb024060_0, 0, 32;
    %pushi/vec4 1, 0, 1;
    %store/vec4 v0x61d6fb024140_0, 0, 1;
    %jmp T_41.6;
T_41.5 ;
    %load/vec4 v0x61d6fb028f10_0;
    %load/vec4 v0x61d6fb028e30_0;
    %inv;
    %and;
    %store/vec4 v0x61d6fb024060_0, 0, 32;
    %pushi/vec4 1, 0, 1;
    %store/vec4 v0x61d6fb024140_0, 0, 1;
    %jmp T_41.6;
T_41.6 ;
    %pop/vec4 1;
T_41.0 ;
    %jmp T_41;
    .thread T_41, $push;
    .scope S_0x61d6fb01a410;
T_42 ;
    %wait E_0x61d6fb01c7f0;
    %load/vec4 v0x61d6fb02e4e0_0;
    %load/vec4 v0x61d6fb024140_0;
    %and;
    %load/vec4 v0x61d6fb02a090_0;
    %pushi/vec4 0, 0, 5;
    %cmp/ne;
    %flag_get/vec4 4;
    %and;
    %flag_set/vec4 8;
    %jmp/0xz  T_42.0, 8;
    %load/vec4 v0x61d6fb024060_0;
    %load/vec4 v0x61d6fb02a090_0;
    %pad/u 7;
    %ix/vec4 3;
    %ix/load 4, 0, 0; Constant delay
    %assign/vec4/a/d v0x61d6fb0239e0, 0, 4;
T_42.0 ;
    %jmp T_42;
    .thread T_42;
    .scope S_0x61d6fb01a410;
T_43 ;
    %wait E_0x61d6fb01c870;
    %pushi/vec4 31, 31, 5;
    %store/vec4 v0x61d6fb025f10_0, 0, 5;
    %load/vec4 v0x61d6fb025ff0_0;
    %cmpi/ne 0, 0, 5;
    %flag_mov 8, 4;
    %jmp/0 T_43.0, 8;
    %load/vec4 v0x61d6fb025ff0_0;
    %pad/u 7;
    %ix/vec4 4;
    %load/vec4a v0x61d6fb0239e0, 4;
    %jmp/1 T_43.1, 8;
T_43.0 ; End of true expr.
    %pushi/vec4 0, 0, 32;
    %jmp/0 T_43.1, 8;
 ; End of false expr.
    %blend;
T_43.1;
    %store/vec4 v0x61d6fb023ea0_0, 0, 32;
    %load/vec4 v0x61d6fb0260d0_0;
    %cmpi/ne 0, 0, 5;
    %flag_mov 8, 4;
    %jmp/0 T_43.2, 8;
    %load/vec4 v0x61d6fb0260d0_0;
    %pad/u 7;
    %ix/vec4 4;
    %load/vec4a v0x61d6fb0239e0, 4;
    %jmp/1 T_43.3, 8;
T_43.2 ; End of true expr.
    %pushi/vec4 0, 0, 32;
    %jmp/0 T_43.3, 8;
 ; End of false expr.
    %blend;
T_43.3;
    %store/vec4 v0x61d6fb023f80_0, 0, 32;
    %jmp T_43;
    .thread T_43, $push;
    .scope S_0x61d6fb01a410;
T_44 ;
    %wait E_0x61d6fb01c7f0;
    %pushi/vec4 0, 0, 1;
    %assign/vec4 v0x61d6fb02ea60_0, 0;
    %pushi/vec4 31, 31, 5;
    %assign/vec4 v0x61d6fb02e400_0, 0;
    %pushi/vec4 4294967295, 4294967295, 32;
    %assign/vec4 v0x61d6fb02e240_0, 0;
    %pushi/vec4 0, 0, 1;
    %store/vec4 v0x61d6fb02e660_0, 0, 1;
    %pushi/vec4 0, 0, 1;
    %store/vec4 v0x61d6fb02e5a0_0, 0, 1;
    %pushi/vec4 0, 0, 1;
    %store/vec4 v0x61d6fb02e720_0, 0, 1;
    %load/vec4 v0x61d6fb022960_0;
    %assign/vec4 v0x61d6fb022a20_0, 0;
    %load/vec4 v0x61d6fb022880_0;
    %assign/vec4 v0x61d6fb022ae0_0, 0;
    %pushi/vec4 0, 0, 1;
    %assign/vec4 v0x61d6fb022d80_0, 0;
    %pushi/vec4 0, 0, 1;
    %assign/vec4 v0x61d6fb022e40_0, 0;
    %load/vec4 v0x61d6fb02a3b0_0;
    %flag_set/vec4 8;
    %jmp/0xz  T_44.0, 8;
    %pushi/vec4 4294967295, 4294967295, 32;
    %assign/vec4 v0x61d6fb025870_0, 0;
    %pushi/vec4 4294967295, 4294967295, 32;
    %assign/vec4 v0x61d6fb025a10_0, 0;
    %pushi/vec4 0, 0, 1;
    %assign/vec4 v0x61d6fb025950_0, 0;
    %pushi/vec4 0, 0, 1;
    %assign/vec4 v0x61d6fb025af0_0, 0;
T_44.0 ;
    %load/vec4 v0x61d6fb02e4e0_0;
    %flag_set/vec4 8;
    %jmp/0 T_44.2, 8;
    %load/vec4 v0x61d6fb023740_0;
    %addi 1, 0, 64;
    %jmp/1 T_44.3, 8;
T_44.2 ; End of true expr.
    %pushi/vec4 0, 0, 64;
    %jmp/0 T_44.3, 8;
 ; End of false expr.
    %blend;
T_44.3;
    %assign/vec4 v0x61d6fb023740_0, 0;
    %pushi/vec4 4294967295, 4294967295, 32;
    %store/vec4 v0x61d6fb02c740_0, 0, 32;
    %pushi/vec4 0, 0, 1;
    %load/vec4 v0x61d6fb02e7e0_0;
    %pushi/vec4 0, 0, 32;
    %cmp/ne;
    %flag_get/vec4 4;
    %and;
    %flag_set/vec4 8;
    %jmp/0xz  T_44.4, 8;
    %load/vec4 v0x61d6fb02e7e0_0;
    %subi 1, 0, 32;
    %assign/vec4 v0x61d6fb02e7e0_0, 0;
T_44.4 ;
    %load/vec4 v0x61d6fb02a870_0;
    %load/vec4 v0x61d6fb02a9f0_0;
    %and;
    %assign/vec4 v0x61d6fb026330_0, 0;
    %load/vec4 v0x61d6fb026330_0;
    %assign/vec4 v0x61d6fb0263f0_0, 0;
    %pushi/vec4 0, 0, 1;
    %assign/vec4 v0x61d6fb0261b0_0, 0;
    %load/vec4 v0x61d6fb0261b0_0;
    %assign/vec4 v0x61d6fb026270_0, 0;
    %pushi/vec4 0, 0, 1;
    %assign/vec4 v0x61d6fb0264b0_0, 0;
    %pushi/vec4 0, 0, 1;
    %assign/vec4 v0x61d6fb02e9a0_0, 0;
    %pushi/vec4 4294967295, 4294967295, 32;
    %concati/vec4 15, 15, 4;
    %assign/vec4 v0x61d6fb02e8c0_0, 0;
    %load/vec4 v0x61d6fb02e4e0_0;
    %nor/r;
    %flag_set/vec4 8;
    %jmp/0xz  T_44.6, 8;
    %pushi/vec4 0, 0, 32;
    %assign/vec4 v0x61d6fb02e320_0, 0;
    %pushi/vec4 0, 0, 32;
    %assign/vec4 v0x61d6fb02dfa0_0, 0;
    %pushi/vec4 0, 0, 64;
    %assign/vec4 v0x61d6fb023820_0, 0;
    %pushi/vec4 0, 0, 1;
    %assign/vec4 v0x61d6fb02a230_0, 0;
    %pushi/vec4 0, 0, 1;
    %assign/vec4 v0x61d6fb02a170_0, 0;
    %pushi/vec4 0, 0, 1;
    %assign/vec4 v0x61d6fb029cd0_0, 0;
    %pushi/vec4 0, 0, 1;
    %assign/vec4 v0x61d6fb02a2f0_0, 0;
    %pushi/vec4 0, 0, 1;
    %assign/vec4 v0x61d6fb029fd0_0, 0;
    %pushi/vec4 0, 0, 1;
    %assign/vec4 v0x61d6fb029f10_0, 0;
    %pushi/vec4 0, 0, 1;
    %assign/vec4 v0x61d6fb029e50_0, 0;
    %pushi/vec4 0, 0, 1;
    %assign/vec4 v0x61d6fb02d760_0, 0;
    %pushi/vec4 0, 0, 1;
    %assign/vec4 v0x61d6fb02d6a0_0, 0;
    %pushi/vec4 0, 0, 1;
    %assign/vec4 v0x61d6fb028cb0_0, 0;
    %pushi/vec4 0, 0, 1;
    %assign/vec4 v0x61d6fb028d70_0, 0;
    %pushi/vec4 4294967295, 0, 32;
    %assign/vec4 v0x61d6fb028e30_0, 0;
    %pushi/vec4 0, 0, 32;
    %store/vec4 v0x61d6fb02c740_0, 0, 32;
    %pushi/vec4 0, 0, 2;
    %assign/vec4 v0x61d6fb028ff0_0, 0;
    %pushi/vec4 0, 0, 32;
    %assign/vec4 v0x61d6fb026570_0, 0;
    %pushi/vec4 0, 0, 32;
    %assign/vec4 v0x61d6fb02e7e0_0, 0;
    %pushi/vec4 64, 0, 8;
    %assign/vec4 v0x61d6fb023900_0, 0;
    %jmp T_44.7;
T_44.6 ;
    %load/vec4 v0x61d6fb023900_0;
    %dup/vec4;
    %pushi/vec4 128, 0, 8;
    %cmp/u;
    %jmp/1 T_44.8, 6;
    %dup/vec4;
    %pushi/vec4 64, 0, 8;
    %cmp/u;
    %jmp/1 T_44.9, 6;
    %dup/vec4;
    %pushi/vec4 32, 0, 8;
    %cmp/u;
    %jmp/1 T_44.10, 6;
    %dup/vec4;
    %pushi/vec4 16, 0, 8;
    %cmp/u;
    %jmp/1 T_44.11, 6;
    %dup/vec4;
    %pushi/vec4 8, 0, 8;
    %cmp/u;
    %jmp/1 T_44.12, 6;
    %dup/vec4;
    %pushi/vec4 4, 0, 8;
    %cmp/u;
    %jmp/1 T_44.13, 6;
    %dup/vec4;
    %pushi/vec4 2, 0, 8;
    %cmp/u;
    %jmp/1 T_44.14, 6;
    %dup/vec4;
    %pushi/vec4 1, 0, 8;
    %cmp/u;
    %jmp/1 T_44.15, 6;
    %jmp T_44.16;
T_44.8 ;
    %pushi/vec4 1, 0, 1;
    %assign/vec4 v0x61d6fb02ea60_0, 0;
    %jmp T_44.16;
T_44.9 ;
    %load/vec4 v0x61d6fb026330_0;
    %nor/r;
    %load/vec4 v0x61d6fb0264b0_0;
    %nor/r;
    %and;
    %assign/vec4 v0x61d6fb02a870_0, 0;
    %pushi/vec4 0, 0, 2;
    %assign/vec4 v0x61d6fb02c300_0, 0;
    %load/vec4 v0x61d6fb02dfa0_0;
    %store/vec4 v0x61d6fb024200_0, 0, 32;
    %pushi/vec4 1, 0, 1;
    %dup/vec4;
    %load/vec4 v0x61d6fb029cd0_0;
    %cmp/u;
    %jmp/1 T_44.17, 6;
    %dup/vec4;
    %load/vec4 v0x61d6fb02a230_0;
    %load/vec4 v0x61d6fb029cd0_0;
    %nor/r;
    %and;
    %cmp/u;
    %jmp/1 T_44.18, 6;
    %dup/vec4;
    %pushi/vec4 0, 0, 1;
    %load/vec4 v0x61d6fb028ff0_0;
    %parti/s 1, 0, 2;
    %and;
    %cmp/u;
    %jmp/1 T_44.19, 6;
    %dup/vec4;
    %pushi/vec4 0, 0, 1;
    %load/vec4 v0x61d6fb028ff0_0;
    %parti/s 1, 1, 2;
    %and;
    %cmp/u;
    %jmp/1 T_44.20, 6;
    %jmp T_44.21;
T_44.17 ;
    %load/vec4 v0x61d6fb02a230_0;
    %flag_set/vec4 8;
    %jmp/0 T_44.22, 8;
    %load/vec4 v0x61d6fb02a170_0;
    %flag_set/vec4 9;
    %jmp/0 T_44.24, 9;
    %load/vec4 v0x61d6fb022ae0_0;
    %jmp/1 T_44.25, 9;
T_44.24 ; End of true expr.
    %load/vec4 v0x61d6fb02e240_0;
    %jmp/0 T_44.25, 9;
 ; End of false expr.
    %blend;
T_44.25;
    %pushi/vec4 4294967294, 0, 32;
    %and;
    %jmp/1 T_44.23, 8;
T_44.22 ; End of true expr.
    %load/vec4 v0x61d6fb02dfa0_0;
    %jmp/0 T_44.23, 8;
 ; End of false expr.
    %blend;
T_44.23;
    %store/vec4 v0x61d6fb024200_0, 0, 32;
    %jmp T_44.21;
T_44.18 ;
    %jmp T_44.21;
T_44.19 ;
    %pushi/vec4 16, 0, 32;
    %store/vec4 v0x61d6fb024200_0, 0, 32;
    %pushi/vec4 1, 0, 1;
    %assign/vec4 v0x61d6fb028cb0_0, 0;
    %pushi/vec4 1, 0, 1;
    %assign/vec4 v0x61d6fb02a870_0, 0;
    %jmp T_44.21;
T_44.20 ;
    %load/vec4 v0x61d6fb028f10_0;
    %load/vec4 v0x61d6fb028e30_0;
    %inv;
    %and;
    %assign/vec4 v0x61d6fb026570_0, 0;
    %load/vec4 v0x61d6fb02c740_0;
    %load/vec4 v0x61d6fb028e30_0;
    %and;
    %store/vec4 v0x61d6fb02c740_0, 0, 32;
    %jmp T_44.21;
T_44.21 ;
    %pop/vec4 1;
    %pushi/vec4 0, 0, 1;
    %load/vec4 v0x61d6fb02a2f0_0;
    %and;
    %flag_set/vec4 8;
    %jmp/0xz  T_44.26, 8;
    %pushi/vec4 0, 0, 1;
    %assign/vec4 v0x61d6fb02a2f0_0, 0;
    %pushi/vec4 1, 0, 1;
    %assign/vec4 v0x61d6fb02e9a0_0, 0;
    %load/vec4 v0x61d6fb029cd0_0;
    %flag_set/vec4 8;
    %jmp/0xz  T_44.28, 8;
    %load/vec4 v0x61d6fb028cb0_0;
    %flag_set/vec4 8;
    %jmp/0 T_44.30, 8;
    %pushi/vec4 2147483648, 0, 32;
    %concati/vec4 0, 0, 4;
    %jmp/1 T_44.31, 8;
T_44.30 ; End of true expr.
    %pushi/vec4 0, 0, 36;
    %jmp/0 T_44.31, 8;
 ; End of false expr.
    %blend;
T_44.31;
    %pushi/vec4 2147483648, 0, 35;
    %concati/vec4 0, 0, 1;
    %or;
    %load/vec4 v0x61d6fb024200_0;
    %pad/u 36;
    %pushi/vec4 4294967294, 0, 36;
    %and;
    %or;
    %assign/vec4 v0x61d6fb02e8c0_0, 0;
    %jmp T_44.29;
T_44.28 ;
    %load/vec4 v0x61d6fb028cb0_0;
    %flag_set/vec4 8;
    %jmp/0 T_44.32, 8;
    %pushi/vec4 2147483648, 0, 32;
    %concati/vec4 0, 0, 4;
    %jmp/1 T_44.33, 8;
T_44.32 ; End of true expr.
    %pushi/vec4 0, 0, 36;
    %jmp/0 T_44.33, 8;
 ; End of false expr.
    %blend;
T_44.33;
    %load/vec4 v0x61d6fb02a170_0;
    %flag_set/vec4 8;
    %jmp/0 T_44.34, 8;
    %load/vec4 v0x61d6fb022ae0_0;
    %pad/u 36;
    %jmp/1 T_44.35, 8;
T_44.34 ; End of true expr.
    %load/vec4 v0x61d6fb02e240_0;
    %pad/u 36;
    %jmp/0 T_44.35, 8;
 ; End of false expr.
    %blend;
T_44.35;
    %or;
    %assign/vec4 v0x61d6fb02e8c0_0, 0;
T_44.29 ;
T_44.26 ;
    %load/vec4 v0x61d6fb024200_0;
    %assign/vec4 v0x61d6fb02e320_0, 0;
    %load/vec4 v0x61d6fb024200_0;
    %assign/vec4 v0x61d6fb02dfa0_0, 0;
    %pushi/vec4 0, 0, 1;
    %assign/vec4 v0x61d6fb02a230_0, 0;
    %pushi/vec4 0, 0, 1;
    %assign/vec4 v0x61d6fb02a170_0, 0;
    %pushi/vec4 0, 0, 1;
    %assign/vec4 v0x61d6fb029cd0_0, 0;
    %pushi/vec4 0, 0, 1;
    %assign/vec4 v0x61d6fb029fd0_0, 0;
    %pushi/vec4 0, 0, 1;
    %assign/vec4 v0x61d6fb029f10_0, 0;
    %pushi/vec4 0, 0, 1;
    %assign/vec4 v0x61d6fb029e50_0, 0;
    %load/vec4 v0x61d6fb025e30_0;
    %assign/vec4 v0x61d6fb02a090_0, 0;
    %load/vec4 v0x61d6fb023680_0;
    %assign/vec4 v0x61d6fb029d90_0, 0;
    %pushi/vec4 0, 0, 1;
    %load/vec4 v0x61d6fb026330_0;
    %load/vec4 v0x61d6fb028cb0_0;
    %nor/r;
    %and;
    %load/vec4 v0x61d6fb028d70_0;
    %nor/r;
    %and;
    %load/vec4 v0x61d6fb028f10_0;
    %load/vec4 v0x61d6fb028e30_0;
    %inv;
    %and;
    %or/r;
    %and;
    %load/vec4 v0x61d6fb028ff0_0;
    %pushi/vec4 0, 0, 2;
    %cmp/ne;
    %flag_get/vec4 4;
    %or;
    %and;
    %flag_set/vec4 8;
    %jmp/0xz  T_44.36, 8;
    %load/vec4 v0x61d6fb028ff0_0;
    %cmpi/e 0, 0, 2;
    %flag_mov 8, 4;
    %jmp/0 T_44.38, 8;
    %pushi/vec4 1, 0, 2;
    %jmp/1 T_44.39, 8;
T_44.38 ; End of true expr.
    %load/vec4 v0x61d6fb028ff0_0;
    %cmpi/e 1, 0, 2;
    %flag_mov 9, 4;
    %jmp/0 T_44.40, 9;
    %pushi/vec4 2, 0, 2;
    %jmp/1 T_44.41, 9;
T_44.40 ; End of true expr.
    %pushi/vec4 0, 0, 2;
    %jmp/0 T_44.41, 9;
 ; End of false expr.
    %blend;
T_44.41;
    %jmp/0 T_44.39, 8;
 ; End of false expr.
    %blend;
T_44.39;
    %assign/vec4 v0x61d6fb028ff0_0, 0;
    %load/vec4 v0x61d6fb029d90_0;
    %assign/vec4 v0x61d6fb029d90_0, 0;
    %pushi/vec4 32, 0, 32;
    %load/vec4 v0x61d6fb028ff0_0;
    %parti/s 1, 0, 2;
    %pad/u 32;
    %or;
    %pad/u 5;
    %assign/vec4 v0x61d6fb02a090_0, 0;
    %jmp T_44.37;
T_44.36 ;
    %pushi/vec4 0, 0, 1;
    %load/vec4 v0x61d6fb026330_0;
    %load/vec4 v0x61d6fb0264b0_0;
    %or;
    %and;
    %load/vec4 v0x61d6fb028990_0;
    %and;
    %flag_set/vec4 8;
    %jmp/0xz  T_44.42, 8;
    %load/vec4 v0x61d6fb028f10_0;
    %cmpi/ne 0, 0, 32;
    %jmp/0xz  T_44.44, 4;
    %pushi/vec4 1, 0, 1;
    %assign/vec4 v0x61d6fb02a230_0, 0;
    %load/vec4 v0x61d6fb028f10_0;
    %assign/vec4 v0x61d6fb02e240_0, 0;
    %load/vec4 v0x61d6fb024200_0;
    %load/vec4 v0x61d6fb023680_0;
    %flag_set/vec4 8;
    %jmp/0 T_44.46, 8;
    %pushi/vec4 2, 0, 32;
    %jmp/1 T_44.47, 8;
T_44.46 ; End of true expr.
    %pushi/vec4 4, 0, 32;
    %jmp/0 T_44.47, 8;
 ; End of false expr.
    %blend;
T_44.47;
    %add;
    %assign/vec4 v0x61d6fb02dfa0_0, 0;
    %pushi/vec4 1, 0, 1;
    %assign/vec4 v0x61d6fb02a870_0, 0;
    %jmp T_44.45;
T_44.44 ;
    %pushi/vec4 1, 0, 1;
    %assign/vec4 v0x61d6fb0264b0_0, 0;
T_44.45 ;
    %jmp T_44.43;
T_44.42 ;
    %load/vec4 v0x61d6fb026330_0;
    %flag_set/vec4 8;
    %jmp/0xz  T_44.48, 8;
    %load/vec4 v0x61d6fb028cb0_0;
    %assign/vec4 v0x61d6fb028d70_0, 0;
    %load/vec4 v0x61d6fb024200_0;
    %load/vec4 v0x61d6fb023680_0;
    %flag_set/vec4 8;
    %jmp/0 T_44.50, 8;
    %pushi/vec4 2, 0, 32;
    %jmp/1 T_44.51, 8;
T_44.50 ; End of true expr.
    %pushi/vec4 4, 0, 32;
    %jmp/0 T_44.51, 8;
 ; End of false expr.
    %blend;
T_44.51;
    %add;
    %assign/vec4 v0x61d6fb02dfa0_0, 0;
    %load/vec4 v0x61d6fb023820_0;
    %addi 1, 0, 64;
    %assign/vec4 v0x61d6fb023820_0, 0;
    %load/vec4 v0x61d6fb0270d0_0;
    %flag_set/vec4 8;
    %jmp/0xz  T_44.52, 8;
    %pushi/vec4 1, 0, 1;
    %assign/vec4 v0x61d6fb02a870_0, 0;
    %load/vec4 v0x61d6fb024200_0;
    %load/vec4 v0x61d6fb025d50_0;
    %add;
    %assign/vec4 v0x61d6fb02dfa0_0, 0;
    %pushi/vec4 1, 0, 1;
    %assign/vec4 v0x61d6fb029cd0_0, 0;
    %jmp T_44.53;
T_44.52 ;
    %pushi/vec4 0, 0, 1;
    %assign/vec4 v0x61d6fb02a870_0, 0;
    %load/vec4 v0x61d6fb027190_0;
    %nor/r;
    %load/vec4 v0x61d6fb027c10_0;
    %nor/r;
    %and;
    %assign/vec4 v0x61d6fb02a6f0_0, 0;
    %pushi/vec4 32, 0, 8;
    %assign/vec4 v0x61d6fb023900_0, 0;
T_44.53 ;
T_44.48 ;
T_44.43 ;
T_44.37 ;
    %jmp T_44.16;
T_44.10 ;
    %pushi/vec4 4294967295, 4294967295, 32;
    %assign/vec4 v0x61d6fb02e080_0, 0;
    %pushi/vec4 4294967295, 4294967295, 32;
    %assign/vec4 v0x61d6fb02e160_0, 0;
    %pushi/vec4 1, 0, 1;
    %dup/vec4;
    %pushi/vec4 1, 0, 1;
    %load/vec4 v0x61d6fb0288d0_0;
    %and;
    %cmp/u;
    %jmp/1 T_44.54, 6;
    %dup/vec4;
    %pushi/vec4 1, 0, 1;
    %load/vec4 v0x61d6fb029790_0;
    %and;
    %cmp/u;
    %jmp/1 T_44.55, 6;
    %dup/vec4;
    %load/vec4 v0x61d6fb029610_0;
    %cmp/u;
    %jmp/1 T_44.56, 6;
    %dup/vec4;
    %pushi/vec4 0, 0, 1;
    %load/vec4 v0x61d6fb027010_0;
    %and;
    %cmp/u;
    %jmp/1 T_44.57, 6;
    %dup/vec4;
    %pushi/vec4 0, 0, 1;
    %load/vec4 v0x61d6fb027d90_0;
    %and;
    %cmp/u;
    %jmp/1 T_44.58, 6;
    %dup/vec4;
    %pushi/vec4 0, 0, 1;
    %load/vec4 v0x61d6fb027c10_0;
    %and;
    %cmp/u;
    %jmp/1 T_44.59, 6;
    %dup/vec4;
    %pushi/vec4 0, 0, 1;
    %load/vec4 v0x61d6fb0276d0_0;
    %and;
    %cmp/u;
    %jmp/1 T_44.60, 6;
    %dup/vec4;
    %pushi/vec4 0, 0, 1;
    %load/vec4 v0x61d6fb028810_0;
    %and;
    %cmp/u;
    %jmp/1 T_44.61, 6;
    %dup/vec4;
    %load/vec4 v0x61d6fb029490_0;
    %load/vec4 v0x61d6fb0288d0_0;
    %nor/r;
    %and;
    %cmp/u;
    %jmp/1 T_44.62, 6;
    %dup/vec4;
    %load/vec4 v0x61d6fb0299d0_0;
    %pushi/vec4 1, 0, 1;
    %and;
    %cmp/u;
    %jmp/1 T_44.63, 6;
    %dup/vec4;
    %load/vec4 v0x61d6fb0293d0_0;
    %cmp/u;
    %jmp/1 T_44.64, 6;
    %dup/vec4;
    %load/vec4 v0x61d6fb0299d0_0;
    %pushi/vec4 0, 0, 1;
    %and;
    %cmp/u;
    %jmp/1 T_44.65, 6;
    %load/vec4 v0x61d6fb023ea0_0;
    %assign/vec4 v0x61d6fb02e080_0, 0;
    %load/vec4 v0x61d6fb023ea0_0;
    %assign/vec4 v0x61d6fb025870_0, 0;
    %pushi/vec4 1, 0, 1;
    %assign/vec4 v0x61d6fb025950_0, 0;
    %load/vec4 v0x61d6fb023f80_0;
    %pad/u 5;
    %assign/vec4 v0x61d6fb02e400_0, 0;
    %load/vec4 v0x61d6fb023f80_0;
    %assign/vec4 v0x61d6fb02e160_0, 0;
    %load/vec4 v0x61d6fb023f80_0;
    %assign/vec4 v0x61d6fb025a10_0, 0;
    %pushi/vec4 1, 0, 1;
    %assign/vec4 v0x61d6fb025af0_0, 0;
    %pushi/vec4 1, 0, 1;
    %dup/vec4;
    %load/vec4 v0x61d6fb029850_0;
    %cmp/u;
    %jmp/1 T_44.68, 6;
    %dup/vec4;
    %load/vec4 v0x61d6fb029910_0;
    %pushi/vec4 1, 0, 1;
    %and;
    %cmp/u;
    %jmp/1 T_44.69, 6;
    %pushi/vec4 0, 0, 1;
    %flag_set/vec4 8;
    %pushi/vec4 0, 0, 1;
    %load/vec4 v0x61d6fb029250_0;
    %and;
    %flag_set/vec4 9;
    %flag_or 9, 8;
    %jmp/0xz  T_44.72, 9;
    %pushi/vec4 0, 0, 1;
    %pushi/vec4 0, 0, 1;
    %load/vec4 v0x61d6fb029250_0;
    %and;
    %and;
    %assign/vec4 v0x61d6fb022e40_0, 0;
    %pushi/vec4 1, 0, 1;
    %assign/vec4 v0x61d6fb022d80_0, 0;
    %jmp T_44.73;
T_44.72 ;
    %load/vec4 v0x61d6fb02a6f0_0;
    %assign/vec4 v0x61d6fb02a870_0, 0;
T_44.73 ;
    %pushi/vec4 8, 0, 8;
    %assign/vec4 v0x61d6fb023900_0, 0;
    %jmp T_44.71;
T_44.68 ;
    %pushi/vec4 2, 0, 8;
    %assign/vec4 v0x61d6fb023900_0, 0;
    %pushi/vec4 1, 0, 1;
    %assign/vec4 v0x61d6fb02a870_0, 0;
    %jmp T_44.71;
T_44.69 ;
    %pushi/vec4 4, 0, 8;
    %assign/vec4 v0x61d6fb023900_0, 0;
    %jmp T_44.71;
T_44.71 ;
    %pop/vec4 1;
    %jmp T_44.67;
T_44.54 ;
    %pushi/vec4 0, 0, 1;
    %load/vec4 v0x61d6fb028e30_0;
    %parti/s 1, 1, 2;
    %nor/r;
    %and;
    %load/vec4 v0x61d6fb028cb0_0;
    %nor/r;
    %and;
    %flag_set/vec4 8;
    %jmp/0xz  T_44.74, 8;
    %pushi/vec4 1, 0, 1;
    %ix/load 4, 1, 0;
    %flag_set/imm 4, 0;
    %store/vec4 v0x61d6fb02c740_0, 4, 1;
    %pushi/vec4 64, 0, 8;
    %assign/vec4 v0x61d6fb023900_0, 0;
    %jmp T_44.75;
T_44.74 ;
    %pushi/vec4 128, 0, 8;
    %assign/vec4 v0x61d6fb023900_0, 0;
T_44.75 ;
    %jmp T_44.67;
T_44.55 ;
    %pushi/vec4 1, 0, 1;
    %dup/vec4;
    %load/vec4 v0x61d6fb027910_0;
    %cmp/u;
    %jmp/1 T_44.76, 6;
    %dup/vec4;
    %load/vec4 v0x61d6fb0279d0_0;
    %pushi/vec4 1, 0, 1;
    %and;
    %cmp/u;
    %jmp/1 T_44.77, 6;
    %dup/vec4;
    %load/vec4 v0x61d6fb027a90_0;
    %cmp/u;
    %jmp/1 T_44.78, 6;
    %dup/vec4;
    %load/vec4 v0x61d6fb027b50_0;
    %pushi/vec4 1, 0, 1;
    %and;
    %cmp/u;
    %jmp/1 T_44.79, 6;
    %jmp T_44.80;
T_44.76 ;
    %load/vec4 v0x61d6fb023740_0;
    %parti/s 32, 0, 2;
    %assign/vec4 v0x61d6fb02e240_0, 0;
    %jmp T_44.80;
T_44.77 ;
    %load/vec4 v0x61d6fb023740_0;
    %parti/s 32, 32, 7;
    %assign/vec4 v0x61d6fb02e240_0, 0;
    %jmp T_44.80;
T_44.78 ;
    %load/vec4 v0x61d6fb023820_0;
    %parti/s 32, 0, 2;
    %assign/vec4 v0x61d6fb02e240_0, 0;
    %jmp T_44.80;
T_44.79 ;
    %load/vec4 v0x61d6fb023820_0;
    %parti/s 32, 32, 7;
    %assign/vec4 v0x61d6fb02e240_0, 0;
    %jmp T_44.80;
T_44.80 ;
    %pop/vec4 1;
    %pushi/vec4 1, 0, 1;
    %assign/vec4 v0x61d6fb02a230_0, 0;
    %pushi/vec4 64, 0, 8;
    %assign/vec4 v0x61d6fb023900_0, 0;
    %jmp T_44.67;
T_44.56 ;
    %load/vec4 v0x61d6fb027550_0;
    %flag_set/vec4 8;
    %jmp/0 T_44.81, 8;
    %pushi/vec4 0, 0, 32;
    %jmp/1 T_44.82, 8;
T_44.81 ; End of true expr.
    %load/vec4 v0x61d6fb02e320_0;
    %jmp/0 T_44.82, 8;
 ; End of false expr.
    %blend;
T_44.82;
    %assign/vec4 v0x61d6fb02e080_0, 0;
    %load/vec4 v0x61d6fb025c70_0;
    %assign/vec4 v0x61d6fb02e160_0, 0;
    %load/vec4 v0x61d6fb02a6f0_0;
    %assign/vec4 v0x61d6fb02a870_0, 0;
    %pushi/vec4 8, 0, 8;
    %assign/vec4 v0x61d6fb023900_0, 0;
    %jmp T_44.67;
T_44.57 ;
    %load/vec4 v0x61d6fb023ea0_0;
    %assign/vec4 v0x61d6fb02e240_0, 0;
    %load/vec4 v0x61d6fb023ea0_0;
    %assign/vec4 v0x61d6fb025870_0, 0;
    %pushi/vec4 1, 0, 1;
    %assign/vec4 v0x61d6fb025950_0, 0;
    %pushi/vec4 1, 0, 1;
    %assign/vec4 v0x61d6fb02a230_0, 0;
    %pushi/vec4 64, 0, 8;
    %assign/vec4 v0x61d6fb023900_0, 0;
    %jmp T_44.67;
T_44.58 ;
    %load/vec4 v0x61d6fb023ea0_0;
    %assign/vec4 v0x61d6fb02e240_0, 0;
    %load/vec4 v0x61d6fb023ea0_0;
    %assign/vec4 v0x61d6fb025870_0, 0;
    %pushi/vec4 1, 0, 1;
    %assign/vec4 v0x61d6fb025950_0, 0;
    %load/vec4 v0x61d6fb02a090_0;
    %pad/u 32;
    %pushi/vec4 32, 0, 32;
    %or;
    %pad/u 5;
    %assign/vec4 v0x61d6fb02a090_0, 0;
    %pushi/vec4 1, 0, 1;
    %assign/vec4 v0x61d6fb02a230_0, 0;
    %pushi/vec4 64, 0, 8;
    %assign/vec4 v0x61d6fb023900_0, 0;
    %jmp T_44.67;
T_44.59 ;
    %pushi/vec4 0, 0, 32;
    %assign/vec4 v0x61d6fb026570_0, 0;
    %pushi/vec4 0, 0, 1;
    %assign/vec4 v0x61d6fb028cb0_0, 0;
    %pushi/vec4 1, 0, 1;
    %assign/vec4 v0x61d6fb029cd0_0, 0;
    %pushi/vec4 1, 0, 1;
    %assign/vec4 v0x61d6fb02a230_0, 0;
    %load/vec4 v0x61d6fb023ea0_0;
    %pushi/vec4 4294967294, 0, 32;
    %and;
    %assign/vec4 v0x61d6fb02e240_0, 0;
    %load/vec4 v0x61d6fb023ea0_0;
    %assign/vec4 v0x61d6fb025870_0, 0;
    %pushi/vec4 1, 0, 1;
    %assign/vec4 v0x61d6fb025950_0, 0;
    %pushi/vec4 64, 0, 8;
    %assign/vec4 v0x61d6fb023900_0, 0;
    %jmp T_44.67;
T_44.60 ;
    %pushi/vec4 1, 0, 1;
    %assign/vec4 v0x61d6fb02a230_0, 0;
    %load/vec4 v0x61d6fb028e30_0;
    %assign/vec4 v0x61d6fb02e240_0, 0;
    %load/vec4 v0x61d6fb023ea0_0;
    %pushi/vec4 0, 0, 32;
    %or;
    %assign/vec4 v0x61d6fb028e30_0, 0;
    %load/vec4 v0x61d6fb023ea0_0;
    %assign/vec4 v0x61d6fb025870_0, 0;
    %pushi/vec4 1, 0, 1;
    %assign/vec4 v0x61d6fb025950_0, 0;
    %pushi/vec4 64, 0, 8;
    %assign/vec4 v0x61d6fb023900_0, 0;
    %jmp T_44.67;
T_44.61 ;
    %pushi/vec4 1, 0, 1;
    %assign/vec4 v0x61d6fb02a230_0, 0;
    %load/vec4 v0x61d6fb02e7e0_0;
    %assign/vec4 v0x61d6fb02e240_0, 0;
    %load/vec4 v0x61d6fb023ea0_0;
    %assign/vec4 v0x61d6fb02e7e0_0, 0;
    %load/vec4 v0x61d6fb023ea0_0;
    %assign/vec4 v0x61d6fb025870_0, 0;
    %pushi/vec4 1, 0, 1;
    %assign/vec4 v0x61d6fb025950_0, 0;
    %pushi/vec4 64, 0, 8;
    %assign/vec4 v0x61d6fb023900_0, 0;
    %jmp T_44.67;
T_44.62 ;
    %load/vec4 v0x61d6fb023ea0_0;
    %assign/vec4 v0x61d6fb02e080_0, 0;
    %load/vec4 v0x61d6fb023ea0_0;
    %assign/vec4 v0x61d6fb025870_0, 0;
    %pushi/vec4 1, 0, 1;
    %assign/vec4 v0x61d6fb025950_0, 0;
    %pushi/vec4 1, 0, 8;
    %assign/vec4 v0x61d6fb023900_0, 0;
    %pushi/vec4 1, 0, 1;
    %assign/vec4 v0x61d6fb02a870_0, 0;
    %jmp T_44.67;
T_44.63 ;
    %load/vec4 v0x61d6fb023ea0_0;
    %assign/vec4 v0x61d6fb02e080_0, 0;
    %load/vec4 v0x61d6fb023ea0_0;
    %assign/vec4 v0x61d6fb025870_0, 0;
    %pushi/vec4 1, 0, 1;
    %assign/vec4 v0x61d6fb025950_0, 0;
    %load/vec4 v0x61d6fb0260d0_0;
    %assign/vec4 v0x61d6fb02e400_0, 0;
    %pushi/vec4 4, 0, 8;
    %assign/vec4 v0x61d6fb023900_0, 0;
    %jmp T_44.67;
T_44.64 ;
    %load/vec4 v0x61d6fb023ea0_0;
    %assign/vec4 v0x61d6fb02e080_0, 0;
    %load/vec4 v0x61d6fb023ea0_0;
    %assign/vec4 v0x61d6fb025870_0, 0;
    %pushi/vec4 1, 0, 1;
    %assign/vec4 v0x61d6fb025950_0, 0;
    %load/vec4 v0x61d6fb0299d0_0;
    %pushi/vec4 0, 0, 1;
    %and;
    %flag_set/vec4 8;
    %jmp/0 T_44.83, 8;
    %load/vec4 v0x61d6fb0260d0_0;
    %pad/u 32;
    %jmp/1 T_44.84, 8;
T_44.83 ; End of true expr.
    %load/vec4 v0x61d6fb025c70_0;
    %jmp/0 T_44.84, 8;
 ; End of false expr.
    %blend;
T_44.84;
    %assign/vec4 v0x61d6fb02e160_0, 0;
    %load/vec4 v0x61d6fb02a6f0_0;
    %assign/vec4 v0x61d6fb02a870_0, 0;
    %pushi/vec4 8, 0, 8;
    %assign/vec4 v0x61d6fb023900_0, 0;
    %jmp T_44.67;
T_44.65 ;
    %load/vec4 v0x61d6fb023ea0_0;
    %assign/vec4 v0x61d6fb02e080_0, 0;
    %load/vec4 v0x61d6fb023ea0_0;
    %assign/vec4 v0x61d6fb025870_0, 0;
    %pushi/vec4 1, 0, 1;
    %assign/vec4 v0x61d6fb025950_0, 0;
    %load/vec4 v0x61d6fb0299d0_0;
    %pushi/vec4 0, 0, 1;
    %and;
    %flag_set/vec4 8;
    %jmp/0 T_44.85, 8;
    %load/vec4 v0x61d6fb0260d0_0;
    %pad/u 32;
    %jmp/1 T_44.86, 8;
T_44.85 ; End of true expr.
    %load/vec4 v0x61d6fb025c70_0;
    %jmp/0 T_44.86, 8;
 ; End of false expr.
    %blend;
T_44.86;
    %assign/vec4 v0x61d6fb02e160_0, 0;
    %load/vec4 v0x61d6fb02a6f0_0;
    %assign/vec4 v0x61d6fb02a870_0, 0;
    %pushi/vec4 8, 0, 8;
    %assign/vec4 v0x61d6fb023900_0, 0;
    %jmp T_44.67;
T_44.67 ;
    %pop/vec4 1;
    %jmp T_44.16;
T_44.11 ;
    %load/vec4 v0x61d6fb023f80_0;
    %pad/u 5;
    %assign/vec4 v0x61d6fb02e400_0, 0;
    %load/vec4 v0x61d6fb023f80_0;
    %assign/vec4 v0x61d6fb02e160_0, 0;
    %load/vec4 v0x61d6fb023f80_0;
    %assign/vec4 v0x61d6fb025a10_0, 0;
    %pushi/vec4 1, 0, 1;
    %assign/vec4 v0x61d6fb025af0_0, 0;
    %pushi/vec4 1, 0, 1;
    %dup/vec4;
    %pushi/vec4 0, 0, 1;
    %load/vec4 v0x61d6fb0288d0_0;
    %and;
    %cmp/u;
    %jmp/1 T_44.87, 6;
    %dup/vec4;
    %load/vec4 v0x61d6fb029850_0;
    %cmp/u;
    %jmp/1 T_44.88, 6;
    %dup/vec4;
    %load/vec4 v0x61d6fb029910_0;
    %pushi/vec4 1, 0, 1;
    %and;
    %cmp/u;
    %jmp/1 T_44.89, 6;
    %pushi/vec4 0, 0, 1;
    %flag_set/vec4 8;
    %pushi/vec4 0, 0, 1;
    %load/vec4 v0x61d6fb029250_0;
    %and;
    %flag_set/vec4 9;
    %flag_or 9, 8;
    %jmp/0xz  T_44.92, 9;
    %pushi/vec4 0, 0, 1;
    %pushi/vec4 0, 0, 1;
    %load/vec4 v0x61d6fb029250_0;
    %and;
    %and;
    %assign/vec4 v0x61d6fb022e40_0, 0;
    %pushi/vec4 1, 0, 1;
    %assign/vec4 v0x61d6fb022d80_0, 0;
    %jmp T_44.93;
T_44.92 ;
    %load/vec4 v0x61d6fb02a6f0_0;
    %assign/vec4 v0x61d6fb02a870_0, 0;
T_44.93 ;
    %pushi/vec4 8, 0, 8;
    %assign/vec4 v0x61d6fb023900_0, 0;
    %jmp T_44.91;
T_44.87 ;
    %pushi/vec4 1, 0, 1;
    %assign/vec4 v0x61d6fb02d760_0, 0;
    %load/vec4 v0x61d6fb02cde0_0;
    %flag_set/vec4 8;
    %jmp/0xz  T_44.94, 8;
    %pushi/vec4 1, 0, 1;
    %assign/vec4 v0x61d6fb02a870_0, 0;
    %pushi/vec4 0, 0, 1;
    %assign/vec4 v0x61d6fb02d760_0, 0;
    %load/vec4 v0x61d6fb02cd00_0;
    %assign/vec4 v0x61d6fb02e240_0, 0;
    %load/vec4 v0x61d6fb02cf60_0;
    %assign/vec4 v0x61d6fb02a230_0, 0;
    %pushi/vec4 64, 0, 8;
    %assign/vec4 v0x61d6fb023900_0, 0;
    %jmp T_44.95;
T_44.94 ;
    %pushi/vec4 1, 0, 1;
    %load/vec4 v0x61d6fb02d6a0_0;
    %load/vec4 v0x61d6fb026e90_0;
    %or;
    %and;
    %flag_set/vec4 8;
    %jmp/0xz  T_44.96, 8;
    %pushi/vec4 0, 0, 1;
    %assign/vec4 v0x61d6fb02d760_0, 0;
    %pushi/vec4 0, 0, 1;
    %load/vec4 v0x61d6fb028e30_0;
    %parti/s 1, 1, 2;
    %nor/r;
    %and;
    %load/vec4 v0x61d6fb028cb0_0;
    %nor/r;
    %and;
    %flag_set/vec4 8;
    %jmp/0xz  T_44.98, 8;
    %pushi/vec4 1, 0, 1;
    %ix/load 4, 1, 0;
    %flag_set/imm 4, 0;
    %store/vec4 v0x61d6fb02c740_0, 4, 1;
    %pushi/vec4 64, 0, 8;
    %assign/vec4 v0x61d6fb023900_0, 0;
    %jmp T_44.99;
T_44.98 ;
    %pushi/vec4 128, 0, 8;
    %assign/vec4 v0x61d6fb023900_0, 0;
T_44.99 ;
T_44.96 ;
T_44.95 ;
    %jmp T_44.91;
T_44.88 ;
    %pushi/vec4 2, 0, 8;
    %assign/vec4 v0x61d6fb023900_0, 0;
    %pushi/vec4 1, 0, 1;
    %assign/vec4 v0x61d6fb02a870_0, 0;
    %jmp T_44.91;
T_44.89 ;
    %pushi/vec4 4, 0, 8;
    %assign/vec4 v0x61d6fb023900_0, 0;
    %jmp T_44.91;
T_44.91 ;
    %pop/vec4 1;
    %jmp T_44.16;
T_44.12 ;
    %load/vec4 v0x61d6fb02e320_0;
    %load/vec4 v0x61d6fb025c70_0;
    %add;
    %assign/vec4 v0x61d6fb02e240_0, 0;
    %pushi/vec4 0, 0, 1;
    %load/vec4 v0x61d6fb022d80_0;
    %load/vec4 v0x61d6fb022e40_0;
    %or;
    %and;
    %flag_set/vec4 8;
    %jmp/0xz  T_44.100, 8;
    %load/vec4 v0x61d6fb02a6f0_0;
    %load/vec4 v0x61d6fb022e40_0;
    %nor/r;
    %and;
    %assign/vec4 v0x61d6fb02a870_0, 0;
    %load/vec4 v0x61d6fb022e40_0;
    %assign/vec4 v0x61d6fb022d80_0, 0;
    %jmp T_44.101;
T_44.100 ;
    %load/vec4 v0x61d6fb029250_0;
    %flag_set/vec4 8;
    %jmp/0xz  T_44.102, 8;
    %pushi/vec4 0, 0, 5;
    %assign/vec4 v0x61d6fb02a090_0, 0;
    %load/vec4 v0x61d6fb022960_0;
    %assign/vec4 v0x61d6fb02a230_0, 0;
    %load/vec4 v0x61d6fb022960_0;
    %assign/vec4 v0x61d6fb029cd0_0, 0;
    %load/vec4 v0x61d6fb02a9f0_0;
    %flag_set/vec4 8;
    %jmp/0xz  T_44.104, 8;
    %pushi/vec4 64, 0, 8;
    %assign/vec4 v0x61d6fb023900_0, 0;
T_44.104 ;
    %load/vec4 v0x61d6fb022960_0;
    %flag_set/vec4 8;
    %jmp/0xz  T_44.106, 8;
    %pushi/vec4 0, 0, 1;
    %assign/vec4 v0x61d6fb026330_0, 0;
    %pushi/vec4 1, 0, 1;
    %store/vec4 v0x61d6fb02e660_0, 0, 1;
T_44.106 ;
    %jmp T_44.103;
T_44.102 ;
    %load/vec4 v0x61d6fb027190_0;
    %assign/vec4 v0x61d6fb029cd0_0, 0;
    %pushi/vec4 1, 0, 1;
    %assign/vec4 v0x61d6fb02a230_0, 0;
    %pushi/vec4 1, 0, 1;
    %assign/vec4 v0x61d6fb02a170_0, 0;
    %pushi/vec4 64, 0, 8;
    %assign/vec4 v0x61d6fb023900_0, 0;
T_44.103 ;
T_44.101 ;
    %jmp T_44.16;
T_44.13 ;
    %pushi/vec4 1, 0, 1;
    %assign/vec4 v0x61d6fb02a230_0, 0;
    %load/vec4 v0x61d6fb02e400_0;
    %pad/u 32;
    %cmpi/e 0, 0, 32;
    %jmp/0xz  T_44.108, 4;
    %load/vec4 v0x61d6fb02e080_0;
    %assign/vec4 v0x61d6fb02e240_0, 0;
    %load/vec4 v0x61d6fb02a6f0_0;
    %assign/vec4 v0x61d6fb02a870_0, 0;
    %pushi/vec4 64, 0, 8;
    %assign/vec4 v0x61d6fb023900_0, 0;
    %jmp T_44.109;
T_44.108 ;
    %pushi/vec4 1, 0, 1;
    %pushi/vec4 4, 0, 32;
    %load/vec4 v0x61d6fb02e400_0;
    %pad/u 32;
    %cmp/u;
    %flag_get/vec4 4;
    %flag_get/vec4 5;
    %or;
    %and;
    %flag_set/vec4 8;
    %jmp/0xz  T_44.110, 8;
    %pushi/vec4 1, 0, 1;
    %dup/vec4;
    %load/vec4 v0x61d6fb027fd0_0;
    %load/vec4 v0x61d6fb027f10_0;
    %or;
    %cmp/u;
    %jmp/1 T_44.112, 6;
    %dup/vec4;
    %load/vec4 v0x61d6fb0285d0_0;
    %load/vec4 v0x61d6fb028510_0;
    %or;
    %cmp/u;
    %jmp/1 T_44.113, 6;
    %dup/vec4;
    %load/vec4 v0x61d6fb028450_0;
    %load/vec4 v0x61d6fb028390_0;
    %or;
    %cmp/u;
    %jmp/1 T_44.114, 6;
    %jmp T_44.115;
T_44.112 ;
    %load/vec4 v0x61d6fb02e080_0;
    %ix/load 4, 4, 0;
    %flag_set/imm 4, 0;
    %shiftl 4;
    %assign/vec4 v0x61d6fb02e080_0, 0;
    %jmp T_44.115;
T_44.113 ;
    %load/vec4 v0x61d6fb02e080_0;
    %ix/load 4, 4, 0;
    %flag_set/imm 4, 0;
    %shiftr 4;
    %assign/vec4 v0x61d6fb02e080_0, 0;
    %jmp T_44.115;
T_44.114 ;
    %load/vec4 v0x61d6fb02e080_0;
    %ix/load 4, 4, 0;
    %flag_set/imm 4, 0;
    %shiftr/s 4;
    %assign/vec4 v0x61d6fb02e080_0, 0;
    %jmp T_44.115;
T_44.115 ;
    %pop/vec4 1;
    %load/vec4 v0x61d6fb02e400_0;
    %subi 4, 0, 5;
    %assign/vec4 v0x61d6fb02e400_0, 0;
    %jmp T_44.111;
T_44.110 ;
    %pushi/vec4 1, 0, 1;
    %dup/vec4;
    %load/vec4 v0x61d6fb027fd0_0;
    %load/vec4 v0x61d6fb027f10_0;
    %or;
    %cmp/u;
    %jmp/1 T_44.116, 6;
    %dup/vec4;
    %load/vec4 v0x61d6fb0285d0_0;
    %load/vec4 v0x61d6fb028510_0;
    %or;
    %cmp/u;
    %jmp/1 T_44.117, 6;
    %dup/vec4;
    %load/vec4 v0x61d6fb028450_0;
    %load/vec4 v0x61d6fb028390_0;
    %or;
    %cmp/u;
    %jmp/1 T_44.118, 6;
    %jmp T_44.119;
T_44.116 ;
    %load/vec4 v0x61d6fb02e080_0;
    %ix/load 4, 1, 0;
    %flag_set/imm 4, 0;
    %shiftl 4;
    %assign/vec4 v0x61d6fb02e080_0, 0;
    %jmp T_44.119;
T_44.117 ;
    %load/vec4 v0x61d6fb02e080_0;
    %ix/load 4, 1, 0;
    %flag_set/imm 4, 0;
    %shiftr 4;
    %assign/vec4 v0x61d6fb02e080_0, 0;
    %jmp T_44.119;
T_44.118 ;
    %load/vec4 v0x61d6fb02e080_0;
    %ix/load 4, 1, 0;
    %flag_set/imm 4, 0;
    %shiftr/s 4;
    %assign/vec4 v0x61d6fb02e080_0, 0;
    %jmp T_44.119;
T_44.119 ;
    %pop/vec4 1;
    %load/vec4 v0x61d6fb02e400_0;
    %subi 1, 0, 5;
    %assign/vec4 v0x61d6fb02e400_0, 0;
T_44.111 ;
T_44.109 ;
    %jmp T_44.16;
T_44.14 ;
    %load/vec4 v0x61d6fb02a6f0_0;
    %nor/r;
    %flag_set/vec4 8;
    %load/vec4 v0x61d6fb02a9f0_0;
    %flag_set/vec4 9;
    %flag_or 9, 8;
    %jmp/0xz  T_44.120, 9;
    %load/vec4 v0x61d6fb02a930_0;
    %nor/r;
    %flag_set/vec4 8;
    %jmp/0xz  T_44.122, 8;
    %pushi/vec4 1, 0, 1;
    %dup/vec4;
    %load/vec4 v0x61d6fb027cd0_0;
    %cmp/u;
    %jmp/1 T_44.124, 6;
    %dup/vec4;
    %load/vec4 v0x61d6fb027e50_0;
    %cmp/u;
    %jmp/1 T_44.125, 6;
    %dup/vec4;
    %load/vec4 v0x61d6fb028750_0;
    %cmp/u;
    %jmp/1 T_44.126, 6;
    %jmp T_44.127;
T_44.124 ;
    %pushi/vec4 2, 0, 2;
    %assign/vec4 v0x61d6fb02c300_0, 0;
    %jmp T_44.127;
T_44.125 ;
    %pushi/vec4 1, 0, 2;
    %assign/vec4 v0x61d6fb02c300_0, 0;
    %jmp T_44.127;
T_44.126 ;
    %pushi/vec4 0, 0, 2;
    %assign/vec4 v0x61d6fb02c300_0, 0;
    %jmp T_44.127;
T_44.127 ;
    %pop/vec4 1;
    %load/vec4 v0x61d6fb02e080_0;
    %load/vec4 v0x61d6fb025c70_0;
    %add;
    %assign/vec4 v0x61d6fb02e080_0, 0;
    %pushi/vec4 1, 0, 1;
    %store/vec4 v0x61d6fb02e720_0, 0, 1;
T_44.122 ;
    %load/vec4 v0x61d6fb02a6f0_0;
    %nor/r;
    %load/vec4 v0x61d6fb02a9f0_0;
    %and;
    %flag_set/vec4 8;
    %jmp/0xz  T_44.128, 8;
    %pushi/vec4 64, 0, 8;
    %assign/vec4 v0x61d6fb023900_0, 0;
    %pushi/vec4 1, 0, 1;
    %assign/vec4 v0x61d6fb026330_0, 0;
    %pushi/vec4 1, 0, 1;
    %assign/vec4 v0x61d6fb0261b0_0, 0;
T_44.128 ;
T_44.120 ;
    %jmp T_44.16;
T_44.15 ;
    %pushi/vec4 1, 0, 1;
    %assign/vec4 v0x61d6fb02a230_0, 0;
    %load/vec4 v0x61d6fb02a6f0_0;
    %nor/r;
    %flag_set/vec4 8;
    %load/vec4 v0x61d6fb02a9f0_0;
    %flag_set/vec4 9;
    %flag_or 9, 8;
    %jmp/0xz  T_44.130, 9;
    %load/vec4 v0x61d6fb02a7b0_0;
    %nor/r;
    %flag_set/vec4 8;
    %jmp/0xz  T_44.132, 8;
    %pushi/vec4 1, 0, 1;
    %dup/vec4;
    %load/vec4 v0x61d6fb027250_0;
    %load/vec4 v0x61d6fb027310_0;
    %or;
    %cmp/u;
    %jmp/1 T_44.134, 6;
    %dup/vec4;
    %load/vec4 v0x61d6fb0273d0_0;
    %load/vec4 v0x61d6fb027490_0;
    %or;
    %cmp/u;
    %jmp/1 T_44.135, 6;
    %dup/vec4;
    %load/vec4 v0x61d6fb027610_0;
    %cmp/u;
    %jmp/1 T_44.136, 6;
    %jmp T_44.137;
T_44.134 ;
    %pushi/vec4 2, 0, 2;
    %assign/vec4 v0x61d6fb02c300_0, 0;
    %jmp T_44.137;
T_44.135 ;
    %pushi/vec4 1, 0, 2;
    %assign/vec4 v0x61d6fb02c300_0, 0;
    %jmp T_44.137;
T_44.136 ;
    %pushi/vec4 0, 0, 2;
    %assign/vec4 v0x61d6fb02c300_0, 0;
    %jmp T_44.137;
T_44.137 ;
    %pop/vec4 1;
    %load/vec4 v0x61d6fb029550_0;
    %assign/vec4 v0x61d6fb029fd0_0, 0;
    %load/vec4 v0x61d6fb0273d0_0;
    %assign/vec4 v0x61d6fb029f10_0, 0;
    %load/vec4 v0x61d6fb027250_0;
    %assign/vec4 v0x61d6fb029e50_0, 0;
    %load/vec4 v0x61d6fb02e080_0;
    %load/vec4 v0x61d6fb025c70_0;
    %add;
    %assign/vec4 v0x61d6fb02e080_0, 0;
    %pushi/vec4 1, 0, 1;
    %store/vec4 v0x61d6fb02e5a0_0, 0, 1;
T_44.132 ;
    %load/vec4 v0x61d6fb02a6f0_0;
    %nor/r;
    %load/vec4 v0x61d6fb02a9f0_0;
    %and;
    %flag_set/vec4 8;
    %jmp/0xz  T_44.138, 8;
    %pushi/vec4 1, 0, 1;
    %dup/vec4;
    %load/vec4 v0x61d6fb029fd0_0;
    %cmp/u;
    %jmp/1 T_44.140, 6;
    %dup/vec4;
    %load/vec4 v0x61d6fb029f10_0;
    %cmp/u;
    %jmp/1 T_44.141, 6;
    %dup/vec4;
    %load/vec4 v0x61d6fb029e50_0;
    %cmp/u;
    %jmp/1 T_44.142, 6;
    %jmp T_44.143;
T_44.140 ;
    %load/vec4 v0x61d6fb024b80_0;
    %assign/vec4 v0x61d6fb02e240_0, 0;
    %jmp T_44.143;
T_44.141 ;
    %load/vec4 v0x61d6fb024b80_0;
    %parti/s 16, 0, 2;
    %pad/s 32;
    %assign/vec4 v0x61d6fb02e240_0, 0;
    %jmp T_44.143;
T_44.142 ;
    %load/vec4 v0x61d6fb024b80_0;
    %parti/s 8, 0, 2;
    %pad/s 32;
    %assign/vec4 v0x61d6fb02e240_0, 0;
    %jmp T_44.143;
T_44.143 ;
    %pop/vec4 1;
    %pushi/vec4 1, 0, 1;
    %assign/vec4 v0x61d6fb026330_0, 0;
    %pushi/vec4 1, 0, 1;
    %assign/vec4 v0x61d6fb0261b0_0, 0;
    %pushi/vec4 64, 0, 8;
    %assign/vec4 v0x61d6fb023900_0, 0;
T_44.138 ;
T_44.130 ;
    %jmp T_44.16;
T_44.16 ;
    %pop/vec4 1;
T_44.7 ;
    %pushi/vec4 1, 0, 1;
    %load/vec4 v0x61d6fb02e4e0_0;
    %and;
    %load/vec4 v0x61d6fb02a7b0_0;
    %load/vec4 v0x61d6fb02a930_0;
    %or;
    %and;
    %flag_set/vec4 8;
    %jmp/0xz  T_44.144, 8;
    %load/vec4 v0x61d6fb02c300_0;
    %pad/u 32;
    %pushi/vec4 0, 0, 32;
    %cmp/e;
    %flag_get/vec4 4;
    %load/vec4 v0x61d6fb02e080_0;
    %parti/s 2, 0, 2;
    %pad/u 32;
    %pushi/vec4 0, 0, 32;
    %cmp/ne;
    %flag_get/vec4 4;
    %and;
    %flag_set/vec4 8;
    %jmp/0xz  T_44.146, 8;
    %pushi/vec4 0, 0, 1;
    %load/vec4 v0x61d6fb028e30_0;
    %parti/s 1, 2, 3;
    %nor/r;
    %and;
    %load/vec4 v0x61d6fb028cb0_0;
    %nor/r;
    %and;
    %flag_set/vec4 8;
    %jmp/0xz  T_44.148, 8;
    %pushi/vec4 1, 0, 1;
    %ix/load 4, 2, 0;
    %flag_set/imm 4, 0;
    %store/vec4 v0x61d6fb02c740_0, 4, 1;
    %jmp T_44.149;
T_44.148 ;
    %pushi/vec4 128, 0, 8;
    %assign/vec4 v0x61d6fb023900_0, 0;
T_44.149 ;
T_44.146 ;
    %load/vec4 v0x61d6fb02c300_0;
    %pad/u 32;
    %pushi/vec4 1, 0, 32;
    %cmp/e;
    %flag_get/vec4 4;
    %load/vec4 v0x61d6fb02e080_0;
    %parti/s 1, 0, 2;
    %pad/u 32;
    %pushi/vec4 0, 0, 32;
    %cmp/ne;
    %flag_get/vec4 4;
    %and;
    %flag_set/vec4 8;
    %jmp/0xz  T_44.150, 8;
    %pushi/vec4 0, 0, 1;
    %load/vec4 v0x61d6fb028e30_0;
    %parti/s 1, 2, 3;
    %nor/r;
    %and;
    %load/vec4 v0x61d6fb028cb0_0;
    %nor/r;
    %and;
    %flag_set/vec4 8;
    %jmp/0xz  T_44.152, 8;
    %pushi/vec4 1, 0, 1;
    %ix/load 4, 2, 0;
    %flag_set/imm 4, 0;
    %store/vec4 v0x61d6fb02c740_0, 4, 1;
    %jmp T_44.153;
T_44.152 ;
    %pushi/vec4 128, 0, 8;
    %assign/vec4 v0x61d6fb023900_0, 0;
T_44.153 ;
T_44.150 ;
T_44.144 ;
    %pushi/vec4 1, 0, 1;
    %load/vec4 v0x61d6fb02e4e0_0;
    %and;
    %load/vec4 v0x61d6fb02a870_0;
    %and;
    %load/vec4 v0x61d6fb02e320_0;
    %parti/s 2, 0, 2;
    %or/r;
    %and;
    %flag_set/vec4 8;
    %jmp/0xz  T_44.154, 8;
    %pushi/vec4 0, 0, 1;
    %load/vec4 v0x61d6fb028e30_0;
    %parti/s 1, 2, 3;
    %nor/r;
    %and;
    %load/vec4 v0x61d6fb028cb0_0;
    %nor/r;
    %and;
    %flag_set/vec4 8;
    %jmp/0xz  T_44.156, 8;
    %pushi/vec4 1, 0, 1;
    %ix/load 4, 2, 0;
    %flag_set/imm 4, 0;
    %store/vec4 v0x61d6fb02c740_0, 4, 1;
    %jmp T_44.157;
T_44.156 ;
    %pushi/vec4 128, 0, 8;
    %assign/vec4 v0x61d6fb023900_0, 0;
T_44.157 ;
T_44.154 ;
    %pushi/vec4 0, 0, 1;
    %load/vec4 v0x61d6fb0263f0_0;
    %and;
    %load/vec4 v0x61d6fb026270_0;
    %nor/r;
    %and;
    %load/vec4 v0x61d6fb026e90_0;
    %and;
    %flag_set/vec4 8;
    %jmp/0xz  T_44.158, 8;
    %pushi/vec4 128, 0, 8;
    %assign/vec4 v0x61d6fb023900_0, 0;
T_44.158 ;
    %load/vec4 v0x61d6fb02e4e0_0;
    %nor/r;
    %flag_set/vec4 8;
    %load/vec4 v0x61d6fb02a9f0_0;
    %flag_set/vec4 9;
    %flag_or 9, 8;
    %jmp/0xz  T_44.160, 9;
    %pushi/vec4 0, 0, 1;
    %assign/vec4 v0x61d6fb02a6f0_0, 0;
    %pushi/vec4 0, 0, 1;
    %assign/vec4 v0x61d6fb02a870_0, 0;
    %pushi/vec4 0, 0, 1;
    %assign/vec4 v0x61d6fb02a7b0_0, 0;
    %pushi/vec4 0, 0, 1;
    %assign/vec4 v0x61d6fb02a930_0, 0;
T_44.160 ;
    %load/vec4 v0x61d6fb02e660_0;
    %flag_set/vec4 8;
    %jmp/0xz  T_44.162, 8;
    %pushi/vec4 1, 0, 1;
    %assign/vec4 v0x61d6fb02a870_0, 0;
T_44.162 ;
    %load/vec4 v0x61d6fb02e5a0_0;
    %flag_set/vec4 8;
    %jmp/0xz  T_44.164, 8;
    %pushi/vec4 1, 0, 1;
    %assign/vec4 v0x61d6fb02a7b0_0, 0;
T_44.164 ;
    %load/vec4 v0x61d6fb02e720_0;
    %flag_set/vec4 8;
    %jmp/0xz  T_44.166, 8;
    %pushi/vec4 1, 0, 1;
    %assign/vec4 v0x61d6fb02a930_0, 0;
T_44.166 ;
    %load/vec4 v0x61d6fb02c740_0;
    %pushi/vec4 4294967295, 0, 32;
    %and;
    %assign/vec4 v0x61d6fb028f10_0, 0;
    %pushi/vec4 4294967295, 4294967295, 32;
    %store/vec4 v0x61d6fb024200_0, 0, 32;
    %jmp T_44;
    .thread T_44;
    .scope S_0x61d6faed8010;
T_45 ;
    %wait E_0x61d6fb01a390;
    %load/vec4 v0x61d6fb030870_0;
    %flag_set/vec4 8;
    %jmp/0xz  T_45.0, 8;
    %pushi/vec4 0, 0, 32;
    %assign/vec4 v0x61d6fb0309b0_0, 0;
    %pushi/vec4 0, 0, 32;
    %assign/vec4 v0x61d6fb030b90_0, 0;
    %pushi/vec4 0, 0, 1;
    %assign/vec4 v0x61d6fb030e10_0, 0;
    %pushi/vec4 0, 0, 4;
    %assign/vec4 v0x61d6fb030c70_0, 0;
    %pushi/vec4 0, 0, 1;
    %assign/vec4 v0x61d6fb030d50_0, 0;
    %pushi/vec4 0, 0, 1;
    %assign/vec4 v0x61d6fb030a50_0, 0;
    %pushi/vec4 0, 0, 2;
    %assign/vec4 v0x61d6fb0304c0_0, 0;
    %jmp T_45.1;
T_45.0 ;
    %load/vec4 v0x61d6fb0304c0_0;
    %dup/vec4;
    %pushi/vec4 0, 0, 2;
    %cmp/u;
    %jmp/1 T_45.2, 6;
    %dup/vec4;
    %pushi/vec4 1, 0, 2;
    %cmp/u;
    %jmp/1 T_45.3, 6;
    %dup/vec4;
    %pushi/vec4 2, 0, 2;
    %cmp/u;
    %jmp/1 T_45.4, 6;
    %pushi/vec4 0, 0, 2;
    %assign/vec4 v0x61d6fb0304c0_0, 0;
    %jmp T_45.6;
T_45.2 ;
    %load/vec4 v0x61d6fb02fa20_0;
    %flag_set/vec4 8;
    %jmp/0xz  T_45.7, 8;
    %load/vec4 v0x61d6fb02f6e0_0;
    %assign/vec4 v0x61d6fb0309b0_0, 0;
    %load/vec4 v0x61d6fb02faf0_0;
    %assign/vec4 v0x61d6fb030b90_0, 0;
    %load/vec4 v0x61d6fb030ed0_0;
    %assign/vec4 v0x61d6fb030e10_0, 0;
    %load/vec4 v0x61d6fb02fb90_0;
    %assign/vec4 v0x61d6fb030c70_0, 0;
    %pushi/vec4 1, 0, 1;
    %assign/vec4 v0x61d6fb030d50_0, 0;
    %pushi/vec4 1, 0, 1;
    %assign/vec4 v0x61d6fb030a50_0, 0;
    %pushi/vec4 1, 0, 2;
    %assign/vec4 v0x61d6fb0304c0_0, 0;
    %jmp T_45.8;
T_45.7 ;
    %pushi/vec4 0, 0, 1;
    %assign/vec4 v0x61d6fb02f950_0, 0;
    %pushi/vec4 0, 0, 1;
    %assign/vec4 v0x61d6fb030d50_0, 0;
    %pushi/vec4 0, 0, 1;
    %assign/vec4 v0x61d6fb030a50_0, 0;
    %pushi/vec4 0, 0, 1;
    %assign/vec4 v0x61d6fb030e10_0, 0;
T_45.8 ;
    %jmp T_45.6;
T_45.3 ;
    %load/vec4 v0x61d6fb030910_0;
    %flag_set/vec4 8;
    %jmp/0xz  T_45.9, 8;
    %load/vec4 v0x61d6fb030af0_0;
    %assign/vec4 v0x61d6fb02f880_0, 0;
    %pushi/vec4 1, 0, 1;
    %assign/vec4 v0x61d6fb02f950_0, 0;
    %pushi/vec4 2, 0, 2;
    %assign/vec4 v0x61d6fb0304c0_0, 0;
    %pushi/vec4 0, 0, 1;
    %assign/vec4 v0x61d6fb030d50_0, 0;
    %pushi/vec4 0, 0, 1;
    %assign/vec4 v0x61d6fb030a50_0, 0;
    %pushi/vec4 0, 0, 1;
    %assign/vec4 v0x61d6fb030e10_0, 0;
T_45.9 ;
    %jmp T_45.6;
T_45.4 ;
    %pushi/vec4 0, 0, 1;
    %assign/vec4 v0x61d6fb02f950_0, 0;
    %pushi/vec4 0, 0, 2;
    %assign/vec4 v0x61d6fb0304c0_0, 0;
    %jmp T_45.6;
T_45.6 ;
    %pop/vec4 1;
T_45.1 ;
    %jmp T_45;
    .thread T_45;
    .scope S_0x61d6fb034950;
T_46 ;
    %wait E_0x61d6fb034b30;
    %load/vec4 v0x61d6fb03fa40_0;
    %flag_set/vec4 8;
    %jmp/0 T_46.0, 8;
    %load/vec4 v0x61d6fb045430_0;
    %load/vec4 v0x61d6fb045510_0;
    %sub;
    %jmp/1 T_46.1, 8;
T_46.0 ; End of true expr.
    %load/vec4 v0x61d6fb045430_0;
    %load/vec4 v0x61d6fb045510_0;
    %add;
    %jmp/0 T_46.1, 8;
 ; End of false expr.
    %blend;
T_46.1;
    %store/vec4 v0x61d6fb039910_0, 0, 32;
    %load/vec4 v0x61d6fb045430_0;
    %load/vec4 v0x61d6fb045510_0;
    %cmp/e;
    %flag_get/vec4 4;
    %store/vec4 v0x61d6fb0399f0_0, 0, 1;
    %load/vec4 v0x61d6fb045430_0;
    %load/vec4 v0x61d6fb045510_0;
    %cmp/s;
    %flag_get/vec4 5;
    %store/vec4 v0x61d6fb039ab0_0, 0, 1;
    %load/vec4 v0x61d6fb045430_0;
    %load/vec4 v0x61d6fb045510_0;
    %cmp/u;
    %flag_get/vec4 5;
    %store/vec4 v0x61d6fb039b70_0, 0, 1;
    %load/vec4 v0x61d6fb045430_0;
    %load/vec4 v0x61d6fb045510_0;
    %parti/s 5, 0, 2;
    %ix/vec4 4;
    %shiftl 4;
    %store/vec4 v0x61d6fb039f70_0, 0, 32;
    %load/vec4 v0x61d6fb03f740_0;
    %flag_set/vec4 8;
    %load/vec4 v0x61d6fb03f800_0;
    %flag_set/vec4 9;
    %flag_or 9, 8;
    %jmp/0 T_46.2, 9;
    %load/vec4 v0x61d6fb045430_0;
    %parti/s 1, 31, 6;
    %jmp/1 T_46.3, 9;
T_46.2 ; End of true expr.
    %pushi/vec4 0, 0, 1;
    %jmp/0 T_46.3, 9;
 ; End of false expr.
    %blend;
T_46.3;
    %load/vec4 v0x61d6fb045430_0;
    %concat/vec4; draw_concat_vec4
    %load/vec4 v0x61d6fb045510_0;
    %parti/s 5, 0, 2;
    %ix/vec4 4;
    %shiftr/s 4;
    %pad/s 32;
    %store/vec4 v0x61d6fb03a050_0, 0, 32;
    %jmp T_46;
    .thread T_46, $push;
    .scope S_0x61d6fb031560;
T_47 ;
    %end;
    .thread T_47;
    .scope S_0x61d6fb031560;
T_48 ;
    %wait E_0x61d6fb0342e0;
    %pushi/vec4 0, 0, 1;
    %store/vec4 v0x61d6fb044310_0, 0, 1;
    %pushi/vec4 4294967295, 4294967295, 32;
    %store/vec4 v0x61d6fb0440b0_0, 0, 32;
    %pushi/vec4 0, 0, 1;
    %load/vec4 v0x61d6fb044bd0_0;
    %and;
    %pushi/vec4 0, 0, 1;
    %load/vec4 v0x61d6fb044570_0;
    %and;
    %concat/vec4; draw_concat_vec4
    %pushi/vec4 0, 0, 1;
    %load/vec4 v0x61d6fb043e50_0;
    %and;
    %concat/vec4; draw_concat_vec4
    %or/r;
    %store/vec4 v0x61d6fb044250_0, 0, 1;
    %pushi/vec4 0, 0, 1;
    %load/vec4 v0x61d6fb0447d0_0;
    %and;
    %pushi/vec4 0, 0, 1;
    %load/vec4 v0x61d6fb0444b0_0;
    %and;
    %concat/vec4; draw_concat_vec4
    %pushi/vec4 0, 0, 1;
    %load/vec4 v0x61d6fb043d90_0;
    %and;
    %concat/vec4; draw_concat_vec4
    %or/r;
    %store/vec4 v0x61d6fb044190_0, 0, 1;
    %pushi/vec4 1, 0, 1;
    %dup/vec4;
    %pushi/vec4 0, 0, 1;
    %load/vec4 v0x61d6fb0447d0_0;
    %and;
    %cmp/u;
    %jmp/1 T_48.0, 6;
    %dup/vec4;
    %pushi/vec4 0, 0, 1;
    %load/vec4 v0x61d6fb0444b0_0;
    %and;
    %cmp/u;
    %jmp/1 T_48.1, 6;
    %dup/vec4;
    %pushi/vec4 0, 0, 1;
    %load/vec4 v0x61d6fb043d90_0;
    %and;
    %cmp/u;
    %jmp/1 T_48.2, 6;
    %jmp T_48.3;
T_48.0 ;
    %pushi/vec4 0, 0, 1;
    %store/vec4 v0x61d6fb044310_0, 0, 1;
    %pushi/vec4 0, 0, 32;
    %store/vec4 v0x61d6fb0440b0_0, 0, 32;
    %jmp T_48.3;
T_48.1 ;
    %load/vec4 v0x61d6fb044630_0;
    %store/vec4 v0x61d6fb044310_0, 0, 1;
    %load/vec4 v0x61d6fb0443d0_0;
    %store/vec4 v0x61d6fb0440b0_0, 0, 32;
    %jmp T_48.3;
T_48.2 ;
    %load/vec4 v0x61d6fb043f10_0;
    %store/vec4 v0x61d6fb044310_0, 0, 1;
    %load/vec4 v0x61d6fb043cb0_0;
    %store/vec4 v0x61d6fb0440b0_0, 0, 32;
    %jmp T_48.3;
T_48.3 ;
    %pop/vec4 1;
    %jmp T_48;
    .thread T_48, $push;
    .scope S_0x61d6fb031560;
T_49 ;
    %wait E_0x61d6fb033aa0;
    %load/vec4 v0x61d6fb045890_0;
    %nor/r;
    %flag_set/vec4 8;
    %jmp/0xz  T_49.0, 8;
    %pushi/vec4 0, 0, 1;
    %assign/vec4 v0x61d6fb0420c0_0, 0;
    %pushi/vec4 0, 0, 1;
    %assign/vec4 v0x61d6fb040fc0_0, 0;
    %jmp T_49.1;
T_49.0 ;
    %load/vec4 v0x61d6fb040fc0_0;
    %nor/r;
    %flag_set/vec4 8;
    %jmp/0xz  T_49.2, 8;
    %load/vec4 v0x61d6fb042000_0;
    %assign/vec4 v0x61d6fb0420c0_0, 0;
T_49.2 ;
    %load/vec4 v0x61d6fb043530_0;
    %load/vec4 v0x61d6fb03c010_0;
    %nor/r;
    %and;
    %assign/vec4 v0x61d6fb040fc0_0, 0;
T_49.1 ;
    %jmp T_49;
    .thread T_49;
    .scope S_0x61d6fb031560;
T_50 ;
    %wait E_0x61d6fb033f40;
    %load/vec4 v0x61d6fb0436b0_0;
    %dup/vec4;
    %pushi/vec4 0, 0, 2;
    %cmp/u;
    %jmp/1 T_50.0, 6;
    %dup/vec4;
    %pushi/vec4 1, 0, 2;
    %cmp/u;
    %jmp/1 T_50.1, 6;
    %dup/vec4;
    %pushi/vec4 2, 0, 2;
    %cmp/u;
    %jmp/1 T_50.2, 6;
    %jmp T_50.3;
T_50.0 ;
    %load/vec4 v0x61d6fb045510_0;
    %store/vec4 v0x61d6fb042480_0, 0, 32;
    %pushi/vec4 15, 0, 4;
    %store/vec4 v0x61d6fb03bad0_0, 0, 4;
    %load/vec4 v0x61d6fb03bbb0_0;
    %store/vec4 v0x61d6fb03bf30_0, 0, 32;
    %jmp T_50.3;
T_50.1 ;
    %load/vec4 v0x61d6fb045510_0;
    %parti/s 16, 0, 2;
    %replicate 2;
    %store/vec4 v0x61d6fb042480_0, 0, 32;
    %load/vec4 v0x61d6fb045430_0;
    %parti/s 1, 1, 2;
    %flag_set/vec4 8;
    %jmp/0 T_50.4, 8;
    %pushi/vec4 12, 0, 4;
    %jmp/1 T_50.5, 8;
T_50.4 ; End of true expr.
    %pushi/vec4 3, 0, 4;
    %jmp/0 T_50.5, 8;
 ; End of false expr.
    %blend;
T_50.5;
    %store/vec4 v0x61d6fb03bad0_0, 0, 4;
    %load/vec4 v0x61d6fb045430_0;
    %parti/s 1, 1, 2;
    %dup/vec4;
    %pushi/vec4 0, 0, 1;
    %cmp/u;
    %jmp/1 T_50.6, 6;
    %dup/vec4;
    %pushi/vec4 1, 0, 1;
    %cmp/u;
    %jmp/1 T_50.7, 6;
    %jmp T_50.8;
T_50.6 ;
    %pushi/vec4 0, 0, 16;
    %load/vec4 v0x61d6fb03bbb0_0;
    %parti/s 16, 0, 2;
    %concat/vec4; draw_concat_vec4
    %store/vec4 v0x61d6fb03bf30_0, 0, 32;
    %jmp T_50.8;
T_50.7 ;
    %pushi/vec4 0, 0, 16;
    %load/vec4 v0x61d6fb03bbb0_0;
    %parti/s 16, 16, 6;
    %concat/vec4; draw_concat_vec4
    %store/vec4 v0x61d6fb03bf30_0, 0, 32;
    %jmp T_50.8;
T_50.8 ;
    %pop/vec4 1;
    %jmp T_50.3;
T_50.2 ;
    %load/vec4 v0x61d6fb045510_0;
    %parti/s 8, 0, 2;
    %replicate 4;
    %store/vec4 v0x61d6fb042480_0, 0, 32;
    %pushi/vec4 1, 0, 4;
    %load/vec4 v0x61d6fb045430_0;
    %parti/s 2, 0, 2;
    %ix/vec4 4;
    %shiftl 4;
    %store/vec4 v0x61d6fb03bad0_0, 0, 4;
    %load/vec4 v0x61d6fb045430_0;
    %parti/s 2, 0, 2;
    %dup/vec4;
    %pushi/vec4 0, 0, 2;
    %cmp/u;
    %jmp/1 T_50.9, 6;
    %dup/vec4;
    %pushi/vec4 1, 0, 2;
    %cmp/u;
    %jmp/1 T_50.10, 6;
    %dup/vec4;
    %pushi/vec4 2, 0, 2;
    %cmp/u;
    %jmp/1 T_50.11, 6;
    %dup/vec4;
    %pushi/vec4 3, 0, 2;
    %cmp/u;
    %jmp/1 T_50.12, 6;
    %jmp T_50.13;
T_50.9 ;
    %pushi/vec4 0, 0, 24;
    %load/vec4 v0x61d6fb03bbb0_0;
    %parti/s 8, 0, 2;
    %concat/vec4; draw_concat_vec4
    %store/vec4 v0x61d6fb03bf30_0, 0, 32;
    %jmp T_50.13;
T_50.10 ;
    %pushi/vec4 0, 0, 24;
    %load/vec4 v0x61d6fb03bbb0_0;
    %parti/s 8, 8, 5;
    %concat/vec4; draw_concat_vec4
    %store/vec4 v0x61d6fb03bf30_0, 0, 32;
    %jmp T_50.13;
T_50.11 ;
    %pushi/vec4 0, 0, 24;
    %load/vec4 v0x61d6fb03bbb0_0;
    %parti/s 8, 16, 6;
    %concat/vec4; draw_concat_vec4
    %store/vec4 v0x61d6fb03bf30_0, 0, 32;
    %jmp T_50.13;
T_50.12 ;
    %pushi/vec4 0, 0, 24;
    %load/vec4 v0x61d6fb03bbb0_0;
    %parti/s 8, 24, 6;
    %concat/vec4; draw_concat_vec4
    %store/vec4 v0x61d6fb03bf30_0, 0, 32;
    %jmp T_50.13;
T_50.13 ;
    %pop/vec4 1;
    %jmp T_50.3;
T_50.3 ;
    %pop/vec4 1;
    %jmp T_50;
    .thread T_50, $push;
    .scope S_0x61d6fb031560;
T_51 ;
    %wait E_0x61d6fb033aa0;
    %load/vec4 v0x61d6fb043870_0;
    %flag_set/vec4 8;
    %jmp/0xz  T_51.0, 8;
    %load/vec4 v0x61d6fb03bbb0_0;
    %assign/vec4 v0x61d6fb03be50_0, 0;
    %load/vec4 v0x61d6fb03bbb0_0;
    %assign/vec4 v0x61d6fb043a10_0, 0;
T_51.0 ;
    %pushi/vec4 0, 0, 1;
    %load/vec4 v0x61d6fb041da0_0;
    %and;
    %load/vec4 v0x61d6fb041aa0_0;
    %load/vec4 v0x61d6fb041c20_0;
    %or;
    %and;
    %flag_set/vec4 8;
    %jmp/0xz  T_51.2, 8;
    %load/vec4 v0x61d6fb03bc90_0;
    %parti/s 2, 0, 2;
    %dup/vec4;
    %pushi/vec4 0, 0, 2;
    %cmp/u;
    %jmp/1 T_51.4, 6;
    %dup/vec4;
    %pushi/vec4 1, 0, 2;
    %cmp/u;
    %jmp/1 T_51.5, 6;
    %dup/vec4;
    %pushi/vec4 2, 0, 2;
    %cmp/u;
    %jmp/1 T_51.6, 6;
    %jmp T_51.7;
T_51.4 ;
    %load/vec4 v0x61d6fb03bc90_0;
    %parti/s 3, 13, 5;
    %dup/vec4;
    %pushi/vec4 0, 0, 3;
    %cmp/u;
    %jmp/1 T_51.8, 6;
    %dup/vec4;
    %pushi/vec4 2, 0, 3;
    %cmp/u;
    %jmp/1 T_51.9, 6;
    %dup/vec4;
    %pushi/vec4 6, 0, 3;
    %cmp/u;
    %jmp/1 T_51.10, 6;
    %jmp T_51.11;
T_51.8 ;
    %pushi/vec4 0, 0, 3;
    %ix/load 4, 12, 0;
    %ix/load 5, 0, 0;
    %flag_set/imm 4, 0;
    %assign/vec4/off/d v0x61d6fb03be50_0, 4, 5;
    %pushi/vec4 0, 0, 2;
    %load/vec4 v0x61d6fb03bc90_0;
    %parti/s 4, 7, 4;
    %concat/vec4; draw_concat_vec4
    %load/vec4 v0x61d6fb03bc90_0;
    %parti/s 2, 11, 5;
    %concat/vec4; draw_concat_vec4
    %load/vec4 v0x61d6fb03bc90_0;
    %parti/s 1, 5, 4;
    %concat/vec4; draw_concat_vec4
    %load/vec4 v0x61d6fb03bc90_0;
    %parti/s 1, 6, 4;
    %concat/vec4; draw_concat_vec4
    %concati/vec4 0, 0, 2;
    %ix/load 4, 20, 0;
    %ix/load 5, 0, 0;
    %flag_set/imm 4, 0;
    %assign/vec4/off/d v0x61d6fb03be50_0, 4, 5;
    %jmp T_51.11;
T_51.9 ;
    %pushi/vec4 0, 0, 5;
    %load/vec4 v0x61d6fb03bc90_0;
    %parti/s 1, 5, 4;
    %concat/vec4; draw_concat_vec4
    %load/vec4 v0x61d6fb03bc90_0;
    %parti/s 3, 10, 5;
    %concat/vec4; draw_concat_vec4
    %load/vec4 v0x61d6fb03bc90_0;
    %parti/s 1, 6, 4;
    %concat/vec4; draw_concat_vec4
    %concati/vec4 0, 0, 2;
    %ix/load 4, 20, 0;
    %ix/load 5, 0, 0;
    %flag_set/imm 4, 0;
    %assign/vec4/off/d v0x61d6fb03be50_0, 4, 5;
    %pushi/vec4 2, 0, 3;
    %ix/load 4, 12, 0;
    %ix/load 5, 0, 0;
    %flag_set/imm 4, 0;
    %assign/vec4/off/d v0x61d6fb03be50_0, 4, 5;
    %jmp T_51.11;
T_51.10 ;
    %pushi/vec4 0, 0, 5;
    %load/vec4 v0x61d6fb03bc90_0;
    %parti/s 1, 5, 4;
    %concat/vec4; draw_concat_vec4
    %load/vec4 v0x61d6fb03bc90_0;
    %parti/s 3, 10, 5;
    %concat/vec4; draw_concat_vec4
    %load/vec4 v0x61d6fb03bc90_0;
    %parti/s 1, 6, 4;
    %concat/vec4; draw_concat_vec4
    %concati/vec4 0, 0, 2;
    %split/vec4 5;
    %ix/load 4, 7, 0;
    %ix/load 5, 0, 0;
    %flag_set/imm 4, 0;
    %assign/vec4/off/d v0x61d6fb03be50_0, 4, 5;
    %ix/load 4, 25, 0;
    %ix/load 5, 0, 0;
    %flag_set/imm 4, 0;
    %assign/vec4/off/d v0x61d6fb03be50_0, 4, 5;
    %pushi/vec4 2, 0, 3;
    %ix/load 4, 12, 0;
    %ix/load 5, 0, 0;
    %flag_set/imm 4, 0;
    %assign/vec4/off/d v0x61d6fb03be50_0, 4, 5;
    %jmp T_51.11;
T_51.11 ;
    %pop/vec4 1;
    %jmp T_51.7;
T_51.5 ;
    %load/vec4 v0x61d6fb03bc90_0;
    %parti/s 3, 13, 5;
    %dup/vec4;
    %pushi/vec4 0, 0, 3;
    %cmp/u;
    %jmp/1 T_51.12, 6;
    %dup/vec4;
    %pushi/vec4 2, 0, 3;
    %cmp/u;
    %jmp/1 T_51.13, 6;
    %dup/vec4;
    %pushi/vec4 3, 0, 3;
    %cmp/u;
    %jmp/1 T_51.14, 6;
    %dup/vec4;
    %pushi/vec4 4, 0, 3;
    %cmp/u;
    %jmp/1 T_51.15, 6;
    %dup/vec4;
    %pushi/vec4 6, 0, 3;
    %cmp/u;
    %jmp/1 T_51.16, 6;
    %dup/vec4;
    %pushi/vec4 7, 0, 3;
    %cmp/u;
    %jmp/1 T_51.17, 6;
    %jmp T_51.18;
T_51.12 ;
    %pushi/vec4 0, 0, 3;
    %ix/load 4, 12, 0;
    %ix/load 5, 0, 0;
    %flag_set/imm 4, 0;
    %assign/vec4/off/d v0x61d6fb03be50_0, 4, 5;
    %load/vec4 v0x61d6fb03bc90_0;
    %parti/s 1, 12, 5;
    %load/vec4 v0x61d6fb03bc90_0;
    %parti/s 5, 2, 3;
    %concat/vec4; draw_concat_vec4
    %pad/s 12;
    %ix/load 4, 20, 0;
    %ix/load 5, 0, 0;
    %flag_set/imm 4, 0;
    %assign/vec4/off/d v0x61d6fb03be50_0, 4, 5;
    %jmp T_51.18;
T_51.13 ;
    %pushi/vec4 0, 0, 3;
    %ix/load 4, 12, 0;
    %ix/load 5, 0, 0;
    %flag_set/imm 4, 0;
    %assign/vec4/off/d v0x61d6fb03be50_0, 4, 5;
    %load/vec4 v0x61d6fb03bc90_0;
    %parti/s 1, 12, 5;
    %load/vec4 v0x61d6fb03bc90_0;
    %parti/s 5, 2, 3;
    %concat/vec4; draw_concat_vec4
    %pad/s 12;
    %ix/load 4, 20, 0;
    %ix/load 5, 0, 0;
    %flag_set/imm 4, 0;
    %assign/vec4/off/d v0x61d6fb03be50_0, 4, 5;
    %jmp T_51.18;
T_51.14 ;
    %load/vec4 v0x61d6fb03bc90_0;
    %parti/s 5, 7, 4;
    %pad/u 32;
    %cmpi/e 2, 0, 32;
    %jmp/0xz  T_51.19, 4;
    %pushi/vec4 0, 0, 3;
    %ix/load 4, 12, 0;
    %ix/load 5, 0, 0;
    %flag_set/imm 4, 0;
    %assign/vec4/off/d v0x61d6fb03be50_0, 4, 5;
    %load/vec4 v0x61d6fb03bc90_0;
    %parti/s 1, 12, 5;
    %load/vec4 v0x61d6fb03bc90_0;
    %parti/s 2, 3, 3;
    %concat/vec4; draw_concat_vec4
    %load/vec4 v0x61d6fb03bc90_0;
    %parti/s 1, 5, 4;
    %concat/vec4; draw_concat_vec4
    %load/vec4 v0x61d6fb03bc90_0;
    %parti/s 1, 2, 3;
    %concat/vec4; draw_concat_vec4
    %load/vec4 v0x61d6fb03bc90_0;
    %parti/s 1, 6, 4;
    %concat/vec4; draw_concat_vec4
    %concati/vec4 0, 0, 4;
    %pad/s 12;
    %ix/load 4, 20, 0;
    %ix/load 5, 0, 0;
    %flag_set/imm 4, 0;
    %assign/vec4/off/d v0x61d6fb03be50_0, 4, 5;
    %jmp T_51.20;
T_51.19 ;
    %load/vec4 v0x61d6fb03bc90_0;
    %parti/s 1, 12, 5;
    %load/vec4 v0x61d6fb03bc90_0;
    %parti/s 5, 2, 3;
    %concat/vec4; draw_concat_vec4
    %pad/s 20;
    %ix/load 4, 12, 0;
    %ix/load 5, 0, 0;
    %flag_set/imm 4, 0;
    %assign/vec4/off/d v0x61d6fb03be50_0, 4, 5;
T_51.20 ;
    %jmp T_51.18;
T_51.15 ;
    %load/vec4 v0x61d6fb03bc90_0;
    %parti/s 2, 10, 5;
    %cmpi/e 0, 0, 2;
    %jmp/0xz  T_51.21, 4;
    %pushi/vec4 0, 0, 7;
    %ix/load 4, 25, 0;
    %ix/load 5, 0, 0;
    %flag_set/imm 4, 0;
    %assign/vec4/off/d v0x61d6fb03be50_0, 4, 5;
    %pushi/vec4 5, 0, 3;
    %ix/load 4, 12, 0;
    %ix/load 5, 0, 0;
    %flag_set/imm 4, 0;
    %assign/vec4/off/d v0x61d6fb03be50_0, 4, 5;
T_51.21 ;
    %load/vec4 v0x61d6fb03bc90_0;
    %parti/s 2, 10, 5;
    %cmpi/e 1, 0, 2;
    %jmp/0xz  T_51.23, 4;
    %pushi/vec4 32, 0, 7;
    %ix/load 4, 25, 0;
    %ix/load 5, 0, 0;
    %flag_set/imm 4, 0;
    %assign/vec4/off/d v0x61d6fb03be50_0, 4, 5;
    %pushi/vec4 5, 0, 3;
    %ix/load 4, 12, 0;
    %ix/load 5, 0, 0;
    %flag_set/imm 4, 0;
    %assign/vec4/off/d v0x61d6fb03be50_0, 4, 5;
T_51.23 ;
    %load/vec4 v0x61d6fb03bc90_0;
    %parti/s 2, 10, 5;
    %cmpi/e 2, 0, 2;
    %jmp/0xz  T_51.25, 4;
    %pushi/vec4 7, 0, 3;
    %ix/load 4, 12, 0;
    %ix/load 5, 0, 0;
    %flag_set/imm 4, 0;
    %assign/vec4/off/d v0x61d6fb03be50_0, 4, 5;
    %load/vec4 v0x61d6fb03bc90_0;
    %parti/s 1, 12, 5;
    %load/vec4 v0x61d6fb03bc90_0;
    %parti/s 5, 2, 3;
    %concat/vec4; draw_concat_vec4
    %pad/s 12;
    %ix/load 4, 20, 0;
    %ix/load 5, 0, 0;
    %flag_set/imm 4, 0;
    %assign/vec4/off/d v0x61d6fb03be50_0, 4, 5;
T_51.25 ;
    %load/vec4 v0x61d6fb03bc90_0;
    %parti/s 3, 10, 5;
    %cmpi/e 3, 0, 3;
    %jmp/0xz  T_51.27, 4;
    %load/vec4 v0x61d6fb03bc90_0;
    %parti/s 2, 5, 4;
    %cmpi/e 0, 0, 2;
    %jmp/0xz  T_51.29, 4;
    %pushi/vec4 0, 0, 3;
    %ix/load 4, 12, 0;
    %ix/load 5, 0, 0;
    %flag_set/imm 4, 0;
    %assign/vec4/off/d v0x61d6fb03be50_0, 4, 5;
T_51.29 ;
    %load/vec4 v0x61d6fb03bc90_0;
    %parti/s 2, 5, 4;
    %cmpi/e 1, 0, 2;
    %jmp/0xz  T_51.31, 4;
    %pushi/vec4 4, 0, 3;
    %ix/load 4, 12, 0;
    %ix/load 5, 0, 0;
    %flag_set/imm 4, 0;
    %assign/vec4/off/d v0x61d6fb03be50_0, 4, 5;
T_51.31 ;
    %load/vec4 v0x61d6fb03bc90_0;
    %parti/s 2, 5, 4;
    %cmpi/e 2, 0, 2;
    %jmp/0xz  T_51.33, 4;
    %pushi/vec4 6, 0, 3;
    %ix/load 4, 12, 0;
    %ix/load 5, 0, 0;
    %flag_set/imm 4, 0;
    %assign/vec4/off/d v0x61d6fb03be50_0, 4, 5;
T_51.33 ;
    %load/vec4 v0x61d6fb03bc90_0;
    %parti/s 2, 5, 4;
    %cmpi/e 3, 0, 2;
    %jmp/0xz  T_51.35, 4;
    %pushi/vec4 7, 0, 3;
    %ix/load 4, 12, 0;
    %ix/load 5, 0, 0;
    %flag_set/imm 4, 0;
    %assign/vec4/off/d v0x61d6fb03be50_0, 4, 5;
T_51.35 ;
    %load/vec4 v0x61d6fb03bc90_0;
    %parti/s 2, 5, 4;
    %cmpi/e 0, 0, 2;
    %flag_mov 8, 4;
    %jmp/0 T_51.37, 8;
    %pushi/vec4 32, 0, 7;
    %jmp/1 T_51.38, 8;
T_51.37 ; End of true expr.
    %pushi/vec4 0, 0, 7;
    %jmp/0 T_51.38, 8;
 ; End of false expr.
    %blend;
T_51.38;
    %ix/load 4, 25, 0;
    %ix/load 5, 0, 0;
    %flag_set/imm 4, 0;
    %assign/vec4/off/d v0x61d6fb03be50_0, 4, 5;
T_51.27 ;
    %jmp T_51.18;
T_51.16 ;
    %pushi/vec4 0, 0, 3;
    %ix/load 4, 12, 0;
    %ix/load 5, 0, 0;
    %flag_set/imm 4, 0;
    %assign/vec4/off/d v0x61d6fb03be50_0, 4, 5;
    %load/vec4 v0x61d6fb03bc90_0;
    %parti/s 1, 12, 5;
    %load/vec4 v0x61d6fb03bc90_0;
    %parti/s 2, 5, 4;
    %concat/vec4; draw_concat_vec4
    %load/vec4 v0x61d6fb03bc90_0;
    %parti/s 1, 2, 3;
    %concat/vec4; draw_concat_vec4
    %load/vec4 v0x61d6fb03bc90_0;
    %parti/s 2, 10, 5;
    %concat/vec4; draw_concat_vec4
    %load/vec4 v0x61d6fb03bc90_0;
    %parti/s 2, 3, 3;
    %concat/vec4; draw_concat_vec4
    %pad/s 12;
    %split/vec4 4;
    %ix/load 4, 8, 0;
    %ix/load 5, 0, 0;
    %flag_set/imm 4, 0;
    %assign/vec4/off/d v0x61d6fb03be50_0, 4, 5;
    %split/vec4 6;
    %ix/load 4, 25, 0;
    %ix/load 5, 0, 0;
    %flag_set/imm 4, 0;
    %assign/vec4/off/d v0x61d6fb03be50_0, 4, 5;
    %split/vec4 1;
    %ix/load 4, 7, 0;
    %ix/load 5, 0, 0;
    %flag_set/imm 4, 0;
    %assign/vec4/off/d v0x61d6fb03be50_0, 4, 5;
    %ix/load 4, 31, 0;
    %ix/load 5, 0, 0;
    %flag_set/imm 4, 0;
    %assign/vec4/off/d v0x61d6fb03be50_0, 4, 5;
    %jmp T_51.18;
T_51.17 ;
    %pushi/vec4 1, 0, 3;
    %ix/load 4, 12, 0;
    %ix/load 5, 0, 0;
    %flag_set/imm 4, 0;
    %assign/vec4/off/d v0x61d6fb03be50_0, 4, 5;
    %load/vec4 v0x61d6fb03bc90_0;
    %parti/s 1, 12, 5;
    %load/vec4 v0x61d6fb03bc90_0;
    %parti/s 2, 5, 4;
    %concat/vec4; draw_concat_vec4
    %load/vec4 v0x61d6fb03bc90_0;
    %parti/s 1, 2, 3;
    %concat/vec4; draw_concat_vec4
    %load/vec4 v0x61d6fb03bc90_0;
    %parti/s 2, 10, 5;
    %concat/vec4; draw_concat_vec4
    %load/vec4 v0x61d6fb03bc90_0;
    %parti/s 2, 3, 3;
    %concat/vec4; draw_concat_vec4
    %pad/s 12;
    %split/vec4 4;
    %ix/load 4, 8, 0;
    %ix/load 5, 0, 0;
    %flag_set/imm 4, 0;
    %assign/vec4/off/d v0x61d6fb03be50_0, 4, 5;
    %split/vec4 6;
    %ix/load 4, 25, 0;
    %ix/load 5, 0, 0;
    %flag_set/imm 4, 0;
    %assign/vec4/off/d v0x61d6fb03be50_0, 4, 5;
    %split/vec4 1;
    %ix/load 4, 7, 0;
    %ix/load 5, 0, 0;
    %flag_set/imm 4, 0;
    %assign/vec4/off/d v0x61d6fb03be50_0, 4, 5;
    %ix/load 4, 31, 0;
    %ix/load 5, 0, 0;
    %flag_set/imm 4, 0;
    %assign/vec4/off/d v0x61d6fb03be50_0, 4, 5;
    %jmp T_51.18;
T_51.18 ;
    %pop/vec4 1;
    %jmp T_51.7;
T_51.6 ;
    %load/vec4 v0x61d6fb03bc90_0;
    %parti/s 3, 13, 5;
    %dup/vec4;
    %pushi/vec4 0, 0, 3;
    %cmp/u;
    %jmp/1 T_51.39, 6;
    %dup/vec4;
    %pushi/vec4 2, 0, 3;
    %cmp/u;
    %jmp/1 T_51.40, 6;
    %dup/vec4;
    %pushi/vec4 4, 0, 3;
    %cmp/u;
    %jmp/1 T_51.41, 6;
    %dup/vec4;
    %pushi/vec4 6, 0, 3;
    %cmp/u;
    %jmp/1 T_51.42, 6;
    %jmp T_51.43;
T_51.39 ;
    %pushi/vec4 0, 0, 7;
    %ix/load 4, 25, 0;
    %ix/load 5, 0, 0;
    %flag_set/imm 4, 0;
    %assign/vec4/off/d v0x61d6fb03be50_0, 4, 5;
    %pushi/vec4 1, 0, 3;
    %ix/load 4, 12, 0;
    %ix/load 5, 0, 0;
    %flag_set/imm 4, 0;
    %assign/vec4/off/d v0x61d6fb03be50_0, 4, 5;
    %jmp T_51.43;
T_51.40 ;
    %pushi/vec4 0, 0, 4;
    %load/vec4 v0x61d6fb03bc90_0;
    %parti/s 2, 2, 3;
    %concat/vec4; draw_concat_vec4
    %load/vec4 v0x61d6fb03bc90_0;
    %parti/s 1, 12, 5;
    %concat/vec4; draw_concat_vec4
    %load/vec4 v0x61d6fb03bc90_0;
    %parti/s 3, 4, 4;
    %concat/vec4; draw_concat_vec4
    %concati/vec4 0, 0, 2;
    %ix/load 4, 20, 0;
    %ix/load 5, 0, 0;
    %flag_set/imm 4, 0;
    %assign/vec4/off/d v0x61d6fb03be50_0, 4, 5;
    %pushi/vec4 2, 0, 3;
    %ix/load 4, 12, 0;
    %ix/load 5, 0, 0;
    %flag_set/imm 4, 0;
    %assign/vec4/off/d v0x61d6fb03be50_0, 4, 5;
    %jmp T_51.43;
T_51.41 ;
    %load/vec4 v0x61d6fb03bc90_0;
    %parti/s 1, 12, 5;
    %pad/u 32;
    %pushi/vec4 0, 0, 32;
    %cmp/e;
    %flag_get/vec4 4;
    %load/vec4 v0x61d6fb03bc90_0;
    %parti/s 5, 2, 3;
    %pad/u 32;
    %pushi/vec4 0, 0, 32;
    %cmp/e;
    %flag_get/vec4 4;
    %and;
    %flag_set/vec4 8;
    %jmp/0xz  T_51.44, 8;
    %pushi/vec4 0, 0, 3;
    %ix/load 4, 12, 0;
    %ix/load 5, 0, 0;
    %flag_set/imm 4, 0;
    %assign/vec4/off/d v0x61d6fb03be50_0, 4, 5;
    %pushi/vec4 0, 0, 12;
    %ix/load 4, 20, 0;
    %ix/load 5, 0, 0;
    %flag_set/imm 4, 0;
    %assign/vec4/off/d v0x61d6fb03be50_0, 4, 5;
T_51.44 ;
    %load/vec4 v0x61d6fb03bc90_0;
    %parti/s 1, 12, 5;
    %pad/u 32;
    %pushi/vec4 0, 0, 32;
    %cmp/e;
    %flag_get/vec4 4;
    %load/vec4 v0x61d6fb03bc90_0;
    %parti/s 5, 2, 3;
    %pad/u 32;
    %pushi/vec4 0, 0, 32;
    %cmp/ne;
    %flag_get/vec4 4;
    %and;
    %flag_set/vec4 8;
    %jmp/0xz  T_51.46, 8;
    %pushi/vec4 0, 0, 3;
    %ix/load 4, 12, 0;
    %ix/load 5, 0, 0;
    %flag_set/imm 4, 0;
    %assign/vec4/off/d v0x61d6fb03be50_0, 4, 5;
    %pushi/vec4 0, 0, 7;
    %ix/load 4, 25, 0;
    %ix/load 5, 0, 0;
    %flag_set/imm 4, 0;
    %assign/vec4/off/d v0x61d6fb03be50_0, 4, 5;
T_51.46 ;
    %load/vec4 v0x61d6fb03bc90_0;
    %parti/s 1, 12, 5;
    %pad/u 32;
    %pushi/vec4 0, 0, 32;
    %cmp/ne;
    %flag_get/vec4 4;
    %load/vec4 v0x61d6fb03bc90_0;
    %parti/s 5, 7, 4;
    %pad/u 32;
    %pushi/vec4 0, 0, 32;
    %cmp/ne;
    %flag_get/vec4 4;
    %and;
    %load/vec4 v0x61d6fb03bc90_0;
    %parti/s 5, 2, 3;
    %pad/u 32;
    %pushi/vec4 0, 0, 32;
    %cmp/e;
    %flag_get/vec4 4;
    %and;
    %flag_set/vec4 8;
    %jmp/0xz  T_51.48, 8;
    %pushi/vec4 0, 0, 3;
    %ix/load 4, 12, 0;
    %ix/load 5, 0, 0;
    %flag_set/imm 4, 0;
    %assign/vec4/off/d v0x61d6fb03be50_0, 4, 5;
    %pushi/vec4 0, 0, 12;
    %ix/load 4, 20, 0;
    %ix/load 5, 0, 0;
    %flag_set/imm 4, 0;
    %assign/vec4/off/d v0x61d6fb03be50_0, 4, 5;
T_51.48 ;
    %load/vec4 v0x61d6fb03bc90_0;
    %parti/s 1, 12, 5;
    %pad/u 32;
    %pushi/vec4 0, 0, 32;
    %cmp/ne;
    %flag_get/vec4 4;
    %load/vec4 v0x61d6fb03bc90_0;
    %parti/s 5, 2, 3;
    %pad/u 32;
    %pushi/vec4 0, 0, 32;
    %cmp/ne;
    %flag_get/vec4 4;
    %and;
    %flag_set/vec4 8;
    %jmp/0xz  T_51.50, 8;
    %pushi/vec4 0, 0, 3;
    %ix/load 4, 12, 0;
    %ix/load 5, 0, 0;
    %flag_set/imm 4, 0;
    %assign/vec4/off/d v0x61d6fb03be50_0, 4, 5;
    %pushi/vec4 0, 0, 7;
    %ix/load 4, 25, 0;
    %ix/load 5, 0, 0;
    %flag_set/imm 4, 0;
    %assign/vec4/off/d v0x61d6fb03be50_0, 4, 5;
T_51.50 ;
    %jmp T_51.43;
T_51.42 ;
    %pushi/vec4 0, 0, 4;
    %load/vec4 v0x61d6fb03bc90_0;
    %parti/s 2, 7, 4;
    %concat/vec4; draw_concat_vec4
    %load/vec4 v0x61d6fb03bc90_0;
    %parti/s 4, 9, 5;
    %concat/vec4; draw_concat_vec4
    %concati/vec4 0, 0, 2;
    %split/vec4 5;
    %ix/load 4, 7, 0;
    %ix/load 5, 0, 0;
    %flag_set/imm 4, 0;
    %assign/vec4/off/d v0x61d6fb03be50_0, 4, 5;
    %ix/load 4, 25, 0;
    %ix/load 5, 0, 0;
    %flag_set/imm 4, 0;
    %assign/vec4/off/d v0x61d6fb03be50_0, 4, 5;
    %pushi/vec4 2, 0, 3;
    %ix/load 4, 12, 0;
    %ix/load 5, 0, 0;
    %flag_set/imm 4, 0;
    %assign/vec4/off/d v0x61d6fb03be50_0, 4, 5;
    %jmp T_51.43;
T_51.43 ;
    %pop/vec4 1;
    %jmp T_51.7;
T_51.7 ;
    %pop/vec4 1;
T_51.2 ;
    %jmp T_51;
    .thread T_51;
    .scope S_0x61d6fb031560;
T_52 ;
    %wait E_0x61d6fb033aa0;
    %load/vec4 v0x61d6fb045890_0;
    %load/vec4 v0x61d6fb045e10_0;
    %nor/r;
    %and;
    %flag_set/vec4 8;
    %jmp/0xz  T_52.0, 8;
    %load/vec4 v0x61d6fb041aa0_0;
    %flag_set/vec4 8;
    %load/vec4 v0x61d6fb041c20_0;
    %flag_set/vec4 9;
    %flag_or 9, 8;
    %load/vec4 v0x61d6fb041b60_0;
    %flag_set/vec4 8;
    %flag_or 8, 9;
    %jmp/0xz  T_52.2, 8;
    %fork TD_tb_main.u_cpu_wrapper.cpu.empty_statement, S_0x61d6fb0343e0;
    %join;
T_52.2 ;
    %load/vec4 v0x61d6fb041aa0_0;
    %flag_set/vec4 8;
    %load/vec4 v0x61d6fb041c20_0;
    %flag_set/vec4 9;
    %flag_or 9, 8;
    %jmp/0xz  T_52.4, 9;
    %fork TD_tb_main.u_cpu_wrapper.cpu.empty_statement, S_0x61d6fb0343e0;
    %join;
T_52.4 ;
    %load/vec4 v0x61d6fb041b60_0;
    %flag_set/vec4 8;
    %jmp/0xz  T_52.6, 8;
    %fork TD_tb_main.u_cpu_wrapper.cpu.empty_statement, S_0x61d6fb0343e0;
    %join;
T_52.6 ;
    %load/vec4 v0x61d6fb041ce0_0;
    %flag_set/vec4 8;
    %jmp/0xz  T_52.8, 8;
    %fork TD_tb_main.u_cpu_wrapper.cpu.empty_statement, S_0x61d6fb0343e0;
    %join;
T_52.8 ;
    %load/vec4 v0x61d6fb03c0d0_0;
    %pad/u 32;
    %cmpi/e 2, 0, 32;
    %flag_mov 8, 4;
    %load/vec4 v0x61d6fb03c0d0_0;
    %pad/u 32;
    %cmpi/e 3, 0, 32;
    %flag_or 4, 8;
    %jmp/0xz  T_52.10, 4;
    %fork TD_tb_main.u_cpu_wrapper.cpu.empty_statement, S_0x61d6fb0343e0;
    %join;
T_52.10 ;
T_52.0 ;
    %jmp T_52;
    .thread T_52;
    .scope S_0x61d6fb031560;
T_53 ;
    %wait E_0x61d6fb033aa0;
    %load/vec4 v0x61d6fb045890_0;
    %nor/r;
    %flag_set/vec4 8;
    %load/vec4 v0x61d6fb045e10_0;
    %flag_set/vec4 9;
    %flag_or 9, 8;
    %jmp/0xz  T_53.0, 9;
    %load/vec4 v0x61d6fb045890_0;
    %nor/r;
    %flag_set/vec4 8;
    %jmp/0xz  T_53.2, 8;
    %pushi/vec4 0, 0, 2;
    %assign/vec4 v0x61d6fb03c0d0_0, 0;
T_53.2 ;
    %load/vec4 v0x61d6fb045890_0;
    %nor/r;
    %flag_set/vec4 8;
    %load/vec4 v0x61d6fb03c010_0;
    %flag_set/vec4 9;
    %flag_or 9, 8;
    %jmp/0xz  T_53.4, 9;
    %pushi/vec4 0, 0, 1;
    %assign/vec4 v0x61d6fb043530_0, 0;
T_53.4 ;
    %pushi/vec4 0, 0, 1;
    %assign/vec4 v0x61d6fb042300_0, 0;
    %pushi/vec4 0, 0, 1;
    %assign/vec4 v0x61d6fb044d50_0, 0;
    %jmp T_53.1;
T_53.0 ;
    %load/vec4 v0x61d6fb042240_0;
    %flag_set/vec4 8;
    %load/vec4 v0x61d6fb03ba10_0;
    %flag_set/vec4 9;
    %flag_or 9, 8;
    %jmp/0xz  T_53.6, 9;
    %load/vec4 v0x61d6fb041f20_0;
    %assign/vec4 v0x61d6fb041900_0, 0;
    %load/vec4 v0x61d6fb03bad0_0;
    %load/vec4 v0x61d6fb03ba10_0;
    %replicate 4;
    %and;
    %assign/vec4 v0x61d6fb043790_0, 0;
T_53.6 ;
    %load/vec4 v0x61d6fb03ba10_0;
    %flag_set/vec4 8;
    %jmp/0xz  T_53.8, 8;
    %load/vec4 v0x61d6fb042480_0;
    %assign/vec4 v0x61d6fb0435d0_0, 0;
T_53.8 ;
    %load/vec4 v0x61d6fb03c0d0_0;
    %dup/vec4;
    %pushi/vec4 0, 0, 2;
    %cmp/u;
    %jmp/1 T_53.10, 6;
    %dup/vec4;
    %pushi/vec4 1, 0, 2;
    %cmp/u;
    %jmp/1 T_53.11, 6;
    %dup/vec4;
    %pushi/vec4 2, 0, 2;
    %cmp/u;
    %jmp/1 T_53.12, 6;
    %dup/vec4;
    %pushi/vec4 3, 0, 2;
    %cmp/u;
    %jmp/1 T_53.13, 6;
    %jmp T_53.14;
T_53.10 ;
    %load/vec4 v0x61d6fb041aa0_0;
    %flag_set/vec4 8;
    %load/vec4 v0x61d6fb041c20_0;
    %flag_set/vec4 9;
    %flag_or 9, 8;
    %load/vec4 v0x61d6fb041b60_0;
    %flag_set/vec4 8;
    %flag_or 8, 9;
    %jmp/0xz  T_53.15, 8;
    %load/vec4 v0x61d6fb0423c0_0;
    %nor/r;
    %assign/vec4 v0x61d6fb043530_0, 0;
    %load/vec4 v0x61d6fb041aa0_0;
    %load/vec4 v0x61d6fb041c20_0;
    %or;
    %assign/vec4 v0x61d6fb041e60_0, 0;
    %pushi/vec4 0, 0, 4;
    %assign/vec4 v0x61d6fb043790_0, 0;
    %pushi/vec4 1, 0, 2;
    %assign/vec4 v0x61d6fb03c0d0_0, 0;
T_53.15 ;
    %load/vec4 v0x61d6fb041ce0_0;
    %flag_set/vec4 8;
    %jmp/0xz  T_53.17, 8;
    %pushi/vec4 1, 0, 1;
    %assign/vec4 v0x61d6fb043530_0, 0;
    %pushi/vec4 0, 0, 1;
    %assign/vec4 v0x61d6fb041e60_0, 0;
    %pushi/vec4 2, 0, 2;
    %assign/vec4 v0x61d6fb03c0d0_0, 0;
T_53.17 ;
    %jmp T_53.14;
T_53.11 ;
    %fork TD_tb_main.u_cpu_wrapper.cpu.empty_statement, S_0x61d6fb0343e0;
    %join;
    %fork TD_tb_main.u_cpu_wrapper.cpu.empty_statement, S_0x61d6fb0343e0;
    %join;
    %fork TD_tb_main.u_cpu_wrapper.cpu.empty_statement, S_0x61d6fb0343e0;
    %join;
    %fork TD_tb_main.u_cpu_wrapper.cpu.empty_statement, S_0x61d6fb0343e0;
    %join;
    %load/vec4 v0x61d6fb043870_0;
    %flag_set/vec4 8;
    %jmp/0xz  T_53.19, 8;
    %pushi/vec4 0, 0, 1;
    %load/vec4 v0x61d6fb042240_0;
    %and;
    %flag_set/vec4 8;
    %jmp/0xz  T_53.21, 8;
    %pushi/vec4 1, 0, 1;
    %assign/vec4 v0x61d6fb043530_0, 0;
    %pushi/vec4 1, 0, 1;
    %assign/vec4 v0x61d6fb042300_0, 0;
    %load/vec4 v0x61d6fb0423c0_0;
    %nor/r;
    %flag_set/vec4 8;
    %jmp/0xz  T_53.23, 8;
    %load/vec4 v0x61d6fb03bbb0_0;
    %parti/s 16, 16, 6;
    %assign/vec4 v0x61d6fb041820_0, 0;
T_53.23 ;
    %jmp T_53.22;
T_53.21 ;
    %pushi/vec4 0, 0, 1;
    %assign/vec4 v0x61d6fb043530_0, 0;
    %pushi/vec4 0, 0, 1;
    %assign/vec4 v0x61d6fb042300_0, 0;
    %pushi/vec4 0, 0, 1;
    %load/vec4 v0x61d6fb041b60_0;
    %nor/r;
    %and;
    %flag_set/vec4 8;
    %jmp/0xz  T_53.25, 8;
    %load/vec4 v0x61d6fb03bbb0_0;
    %parti/s 2, 0, 2;
    %nand/r;
    %flag_set/vec4 8;
    %load/vec4 v0x61d6fb042300_0;
    %flag_set/vec4 9;
    %flag_or 9, 8;
    %jmp/0xz  T_53.27, 9;
    %load/vec4 v0x61d6fb03bbb0_0;
    %parti/s 16, 16, 6;
    %assign/vec4 v0x61d6fb041820_0, 0;
    %pushi/vec4 1, 0, 1;
    %assign/vec4 v0x61d6fb044d50_0, 0;
    %jmp T_53.28;
T_53.27 ;
    %pushi/vec4 0, 0, 1;
    %assign/vec4 v0x61d6fb044d50_0, 0;
T_53.28 ;
T_53.25 ;
    %load/vec4 v0x61d6fb041c20_0;
    %flag_set/vec4 8;
    %load/vec4 v0x61d6fb041b60_0;
    %flag_set/vec4 9;
    %flag_or 9, 8;
    %jmp/0 T_53.29, 9;
    %pushi/vec4 0, 0, 3;
    %jmp/1 T_53.30, 9;
T_53.29 ; End of true expr.
    %pushi/vec4 3, 0, 3;
    %jmp/0 T_53.30, 9;
 ; End of false expr.
    %blend;
T_53.30;
    %pad/s 2;
    %assign/vec4 v0x61d6fb03c0d0_0, 0;
T_53.22 ;
T_53.19 ;
    %jmp T_53.14;
T_53.12 ;
    %fork TD_tb_main.u_cpu_wrapper.cpu.empty_statement, S_0x61d6fb0343e0;
    %join;
    %fork TD_tb_main.u_cpu_wrapper.cpu.empty_statement, S_0x61d6fb0343e0;
    %join;
    %load/vec4 v0x61d6fb043870_0;
    %flag_set/vec4 8;
    %jmp/0xz  T_53.31, 8;
    %pushi/vec4 0, 0, 1;
    %assign/vec4 v0x61d6fb043530_0, 0;
    %pushi/vec4 0, 0, 2;
    %assign/vec4 v0x61d6fb03c0d0_0, 0;
T_53.31 ;
    %jmp T_53.14;
T_53.13 ;
    %fork TD_tb_main.u_cpu_wrapper.cpu.empty_statement, S_0x61d6fb0343e0;
    %join;
    %fork TD_tb_main.u_cpu_wrapper.cpu.empty_statement, S_0x61d6fb0343e0;
    %join;
    %load/vec4 v0x61d6fb041c20_0;
    %flag_set/vec4 8;
    %jmp/0xz  T_53.33, 8;
    %pushi/vec4 0, 0, 2;
    %assign/vec4 v0x61d6fb03c0d0_0, 0;
T_53.33 ;
    %jmp T_53.14;
T_53.14 ;
    %pop/vec4 1;
T_53.1 ;
    %load/vec4 v0x61d6fb03a7f0_0;
    %flag_set/vec4 8;
    %jmp/0xz  T_53.35, 8;
    %pushi/vec4 0, 0, 1;
    %assign/vec4 v0x61d6fb044d50_0, 0;
T_53.35 ;
    %jmp T_53;
    .thread T_53;
    .scope S_0x61d6fb031560;
T_54 ;
    %wait E_0x61d6fb034090;
    %pushi/vec4 0, 0, 32; draw_string_vec4
    %pushi/vec4 0, 0, 32; draw_string_vec4
    %concat/vec4; draw_string_vec4
    %store/vec4 v0x61d6fb043930_0, 0, 64;
    %load/vec4 v0x61d6fb03e900_0;
    %flag_set/vec4 8;
    %jmp/0xz  T_54.0, 8;
    %pushi/vec4 0, 0, 32; draw_string_vec4
    %pushi/vec4 7107945, 0, 32; draw_string_vec4
    %concat/vec4; draw_string_vec4
    %store/vec4 v0x61d6fb043930_0, 0, 64;
T_54.0 ;
    %load/vec4 v0x61d6fb03dd00_0;
    %flag_set/vec4 8;
    %jmp/0xz  T_54.2, 8;
    %pushi/vec4 97, 0, 32; draw_string_vec4
    %pushi/vec4 1969844323, 0, 32; draw_string_vec4
    %concat/vec4; draw_string_vec4
    %store/vec4 v0x61d6fb043930_0, 0, 64;
T_54.2 ;
    %load/vec4 v0x61d6fb03e480_0;
    %flag_set/vec4 8;
    %jmp/0xz  T_54.4, 8;
    %pushi/vec4 0, 0, 32; draw_string_vec4
    %pushi/vec4 6971756, 0, 32; draw_string_vec4
    %concat/vec4; draw_string_vec4
    %store/vec4 v0x61d6fb043930_0, 0, 64;
T_54.4 ;
    %load/vec4 v0x61d6fb03e540_0;
    %flag_set/vec4 8;
    %jmp/0xz  T_54.6, 8;
    %pushi/vec4 0, 0, 32; draw_string_vec4
    %pushi/vec4 1784769650, 0, 32; draw_string_vec4
    %concat/vec4; draw_string_vec4
    %store/vec4 v0x61d6fb043930_0, 0, 64;
T_54.6 ;
    %load/vec4 v0x61d6fb03ddc0_0;
    %flag_set/vec4 8;
    %jmp/0xz  T_54.8, 8;
    %pushi/vec4 0, 0, 32; draw_string_vec4
    %pushi/vec4 6448497, 0, 32; draw_string_vec4
    %concat/vec4; draw_string_vec4
    %store/vec4 v0x61d6fb043930_0, 0, 64;
T_54.8 ;
    %load/vec4 v0x61d6fb03e180_0;
    %flag_set/vec4 8;
    %jmp/0xz  T_54.10, 8;
    %pushi/vec4 0, 0, 32; draw_string_vec4
    %pushi/vec4 6450789, 0, 32; draw_string_vec4
    %concat/vec4; draw_string_vec4
    %store/vec4 v0x61d6fb043930_0, 0, 64;
T_54.10 ;
    %load/vec4 v0x61d6fb03e000_0;
    %flag_set/vec4 8;
    %jmp/0xz  T_54.12, 8;
    %pushi/vec4 0, 0, 32; draw_string_vec4
    %pushi/vec4 6450292, 0, 32; draw_string_vec4
    %concat/vec4; draw_string_vec4
    %store/vec4 v0x61d6fb043930_0, 0, 64;
T_54.12 ;
    %load/vec4 v0x61d6fb03de80_0;
    %flag_set/vec4 8;
    %jmp/0xz  T_54.14, 8;
    %pushi/vec4 0, 0, 32; draw_string_vec4
    %pushi/vec4 6448997, 0, 32; draw_string_vec4
    %concat/vec4; draw_string_vec4
    %store/vec4 v0x61d6fb043930_0, 0, 64;
T_54.14 ;
    %load/vec4 v0x61d6fb03e0c0_0;
    %flag_set/vec4 8;
    %jmp/0xz  T_54.16, 8;
    %pushi/vec4 0, 0, 32; draw_string_vec4
    %pushi/vec4 1651274869, 0, 32; draw_string_vec4
    %concat/vec4; draw_string_vec4
    %store/vec4 v0x61d6fb043930_0, 0, 64;
T_54.16 ;
    %load/vec4 v0x61d6fb03df40_0;
    %flag_set/vec4 8;
    %jmp/0xz  T_54.18, 8;
    %pushi/vec4 0, 0, 32; draw_string_vec4
    %pushi/vec4 1650943349, 0, 32; draw_string_vec4
    %concat/vec4; draw_string_vec4
    %store/vec4 v0x61d6fb043930_0, 0, 64;
T_54.18 ;
    %load/vec4 v0x61d6fb03e600_0;
    %flag_set/vec4 8;
    %jmp/0xz  T_54.20, 8;
    %pushi/vec4 0, 0, 32; draw_string_vec4
    %pushi/vec4 27746, 0, 32; draw_string_vec4
    %concat/vec4; draw_string_vec4
    %store/vec4 v0x61d6fb043930_0, 0, 64;
T_54.20 ;
    %load/vec4 v0x61d6fb03e780_0;
    %flag_set/vec4 8;
    %jmp/0xz  T_54.22, 8;
    %pushi/vec4 0, 0, 32; draw_string_vec4
    %pushi/vec4 27752, 0, 32; draw_string_vec4
    %concat/vec4; draw_string_vec4
    %store/vec4 v0x61d6fb043930_0, 0, 64;
T_54.22 ;
    %load/vec4 v0x61d6fb03e9c0_0;
    %flag_set/vec4 8;
    %jmp/0xz  T_54.24, 8;
    %pushi/vec4 0, 0, 32; draw_string_vec4
    %pushi/vec4 27767, 0, 32; draw_string_vec4
    %concat/vec4; draw_string_vec4
    %store/vec4 v0x61d6fb043930_0, 0, 64;
T_54.24 ;
    %load/vec4 v0x61d6fb03e6c0_0;
    %flag_set/vec4 8;
    %jmp/0xz  T_54.26, 8;
    %pushi/vec4 0, 0, 32; draw_string_vec4
    %pushi/vec4 7103093, 0, 32; draw_string_vec4
    %concat/vec4; draw_string_vec4
    %store/vec4 v0x61d6fb043930_0, 0, 64;
T_54.26 ;
    %load/vec4 v0x61d6fb03e840_0;
    %flag_set/vec4 8;
    %jmp/0xz  T_54.28, 8;
    %pushi/vec4 0, 0, 32; draw_string_vec4
    %pushi/vec4 7104629, 0, 32; draw_string_vec4
    %concat/vec4; draw_string_vec4
    %store/vec4 v0x61d6fb043930_0, 0, 64;
T_54.28 ;
    %load/vec4 v0x61d6fb03f080_0;
    %flag_set/vec4 8;
    %jmp/0xz  T_54.30, 8;
    %pushi/vec4 0, 0, 32; draw_string_vec4
    %pushi/vec4 29538, 0, 32; draw_string_vec4
    %concat/vec4; draw_string_vec4
    %store/vec4 v0x61d6fb043930_0, 0, 64;
T_54.30 ;
    %load/vec4 v0x61d6fb03f200_0;
    %flag_set/vec4 8;
    %jmp/0xz  T_54.32, 8;
    %pushi/vec4 0, 0, 32; draw_string_vec4
    %pushi/vec4 29544, 0, 32; draw_string_vec4
    %concat/vec4; draw_string_vec4
    %store/vec4 v0x61d6fb043930_0, 0, 64;
T_54.32 ;
    %load/vec4 v0x61d6fb03fb00_0;
    %flag_set/vec4 8;
    %jmp/0xz  T_54.34, 8;
    %pushi/vec4 0, 0, 32; draw_string_vec4
    %pushi/vec4 29559, 0, 32; draw_string_vec4
    %concat/vec4; draw_string_vec4
    %store/vec4 v0x61d6fb043930_0, 0, 64;
T_54.34 ;
    %load/vec4 v0x61d6fb03dac0_0;
    %flag_set/vec4 8;
    %jmp/0xz  T_54.36, 8;
    %pushi/vec4 0, 0, 32; draw_string_vec4
    %pushi/vec4 1633969257, 0, 32; draw_string_vec4
    %concat/vec4; draw_string_vec4
    %store/vec4 v0x61d6fb043930_0, 0, 64;
T_54.36 ;
    %load/vec4 v0x61d6fb03f500_0;
    %flag_set/vec4 8;
    %jmp/0xz  T_54.38, 8;
    %pushi/vec4 0, 0, 32; draw_string_vec4
    %pushi/vec4 1936487529, 0, 32; draw_string_vec4
    %concat/vec4; draw_string_vec4
    %store/vec4 v0x61d6fb043930_0, 0, 64;
T_54.38 ;
    %load/vec4 v0x61d6fb03f5c0_0;
    %flag_set/vec4 8;
    %jmp/0xz  T_54.40, 8;
    %pushi/vec4 115, 0, 32; draw_string_vec4
    %pushi/vec4 1819568501, 0, 32; draw_string_vec4
    %concat/vec4; draw_string_vec4
    %store/vec4 v0x61d6fb043930_0, 0, 64;
T_54.40 ;
    %load/vec4 v0x61d6fb03fec0_0;
    %flag_set/vec4 8;
    %jmp/0xz  T_54.42, 8;
    %pushi/vec4 0, 0, 32; draw_string_vec4
    %pushi/vec4 2020569705, 0, 32; draw_string_vec4
    %concat/vec4; draw_string_vec4
    %store/vec4 v0x61d6fb043930_0, 0, 64;
T_54.42 ;
    %load/vec4 v0x61d6fb03ec00_0;
    %flag_set/vec4 8;
    %jmp/0xz  T_54.44, 8;
    %pushi/vec4 0, 0, 32; draw_string_vec4
    %pushi/vec4 7303785, 0, 32; draw_string_vec4
    %concat/vec4; draw_string_vec4
    %store/vec4 v0x61d6fb043930_0, 0, 64;
T_54.44 ;
    %load/vec4 v0x61d6fb03dc40_0;
    %flag_set/vec4 8;
    %jmp/0xz  T_54.46, 8;
    %pushi/vec4 0, 0, 32; draw_string_vec4
    %pushi/vec4 1634624617, 0, 32; draw_string_vec4
    %concat/vec4; draw_string_vec4
    %store/vec4 v0x61d6fb043930_0, 0, 64;
T_54.46 ;
    %load/vec4 v0x61d6fb03f380_0;
    %flag_set/vec4 8;
    %jmp/0xz  T_54.48, 8;
    %pushi/vec4 0, 0, 32; draw_string_vec4
    %pushi/vec4 1936485481, 0, 32; draw_string_vec4
    %concat/vec4; draw_string_vec4
    %store/vec4 v0x61d6fb043930_0, 0, 64;
T_54.48 ;
    %load/vec4 v0x61d6fb03f980_0;
    %flag_set/vec4 8;
    %jmp/0xz  T_54.50, 8;
    %pushi/vec4 0, 0, 32; draw_string_vec4
    %pushi/vec4 1936878697, 0, 32; draw_string_vec4
    %concat/vec4; draw_string_vec4
    %store/vec4 v0x61d6fb043930_0, 0, 64;
T_54.50 ;
    %load/vec4 v0x61d6fb03f800_0;
    %flag_set/vec4 8;
    %jmp/0xz  T_54.52, 8;
    %pushi/vec4 0, 0, 32; draw_string_vec4
    %pushi/vec4 1936875881, 0, 32; draw_string_vec4
    %concat/vec4; draw_string_vec4
    %store/vec4 v0x61d6fb043930_0, 0, 64;
T_54.52 ;
    %load/vec4 v0x61d6fb03da00_0;
    %flag_set/vec4 8;
    %jmp/0xz  T_54.54, 8;
    %pushi/vec4 0, 0, 32; draw_string_vec4
    %pushi/vec4 6382692, 0, 32; draw_string_vec4
    %concat/vec4; draw_string_vec4
    %store/vec4 v0x61d6fb043930_0, 0, 64;
T_54.54 ;
    %load/vec4 v0x61d6fb03fa40_0;
    %flag_set/vec4 8;
    %jmp/0xz  T_54.56, 8;
    %pushi/vec4 0, 0, 32; draw_string_vec4
    %pushi/vec4 7566690, 0, 32; draw_string_vec4
    %concat/vec4; draw_string_vec4
    %store/vec4 v0x61d6fb043930_0, 0, 64;
T_54.56 ;
    %load/vec4 v0x61d6fb03f2c0_0;
    %flag_set/vec4 8;
    %jmp/0xz  T_54.58, 8;
    %pushi/vec4 0, 0, 32; draw_string_vec4
    %pushi/vec4 7564396, 0, 32; draw_string_vec4
    %concat/vec4; draw_string_vec4
    %store/vec4 v0x61d6fb043930_0, 0, 64;
T_54.58 ;
    %load/vec4 v0x61d6fb03f440_0;
    %flag_set/vec4 8;
    %jmp/0xz  T_54.60, 8;
    %pushi/vec4 0, 0, 32; draw_string_vec4
    %pushi/vec4 7564404, 0, 32; draw_string_vec4
    %concat/vec4; draw_string_vec4
    %store/vec4 v0x61d6fb043930_0, 0, 64;
T_54.60 ;
    %load/vec4 v0x61d6fb03f680_0;
    %flag_set/vec4 8;
    %jmp/0xz  T_54.62, 8;
    %pushi/vec4 0, 0, 32; draw_string_vec4
    %pushi/vec4 1936487541, 0, 32; draw_string_vec4
    %concat/vec4; draw_string_vec4
    %store/vec4 v0x61d6fb043930_0, 0, 64;
T_54.62 ;
    %load/vec4 v0x61d6fb03fe00_0;
    %flag_set/vec4 8;
    %jmp/0xz  T_54.64, 8;
    %pushi/vec4 0, 0, 32; draw_string_vec4
    %pushi/vec4 7892850, 0, 32; draw_string_vec4
    %concat/vec4; draw_string_vec4
    %store/vec4 v0x61d6fb043930_0, 0, 64;
T_54.64 ;
    %load/vec4 v0x61d6fb03f8c0_0;
    %flag_set/vec4 8;
    %jmp/0xz  T_54.66, 8;
    %pushi/vec4 0, 0, 32; draw_string_vec4
    %pushi/vec4 7565932, 0, 32; draw_string_vec4
    %concat/vec4; draw_string_vec4
    %store/vec4 v0x61d6fb043930_0, 0, 64;
T_54.66 ;
    %load/vec4 v0x61d6fb03f740_0;
    %flag_set/vec4 8;
    %jmp/0xz  T_54.68, 8;
    %pushi/vec4 0, 0, 32; draw_string_vec4
    %pushi/vec4 7565921, 0, 32; draw_string_vec4
    %concat/vec4; draw_string_vec4
    %store/vec4 v0x61d6fb043930_0, 0, 64;
T_54.68 ;
    %load/vec4 v0x61d6fb03eb40_0;
    %flag_set/vec4 8;
    %jmp/0xz  T_54.70, 8;
    %pushi/vec4 0, 0, 32; draw_string_vec4
    %pushi/vec4 28530, 0, 32; draw_string_vec4
    %concat/vec4; draw_string_vec4
    %store/vec4 v0x61d6fb043930_0, 0, 64;
T_54.70 ;
    %load/vec4 v0x61d6fb03db80_0;
    %flag_set/vec4 8;
    %jmp/0xz  T_54.72, 8;
    %pushi/vec4 0, 0, 32; draw_string_vec4
    %pushi/vec4 6385252, 0, 32; draw_string_vec4
    %concat/vec4; draw_string_vec4
    %store/vec4 v0x61d6fb043930_0, 0, 64;
T_54.72 ;
    %load/vec4 v0x61d6fb03ecc0_0;
    %flag_set/vec4 8;
    %jmp/0xz  T_54.74, 8;
    %pushi/vec4 7496803, 0, 32; draw_string_vec4
    %pushi/vec4 2036558949, 0, 32; draw_string_vec4
    %concat/vec4; draw_string_vec4
    %store/vec4 v0x61d6fb043930_0, 0, 64;
T_54.74 ;
    %load/vec4 v0x61d6fb03ed80_0;
    %flag_set/vec4 8;
    %jmp/0xz  T_54.76, 8;
    %pushi/vec4 1919181689, 0, 32; draw_string_vec4
    %pushi/vec4 1668048232, 0, 32; draw_string_vec4
    %concat/vec4; draw_string_vec4
    %store/vec4 v0x61d6fb043930_0, 0, 64;
T_54.76 ;
    %load/vec4 v0x61d6fb03ee40_0;
    %flag_set/vec4 8;
    %jmp/0xz  T_54.78, 8;
    %pushi/vec4 7496809, 0, 32; draw_string_vec4
    %pushi/vec4 1853060210, 0, 32; draw_string_vec4
    %concat/vec4; draw_string_vec4
    %store/vec4 v0x61d6fb043930_0, 0, 64;
T_54.78 ;
    %load/vec4 v0x61d6fb03ef00_0;
    %flag_set/vec4 8;
    %jmp/0xz  T_54.80, 8;
    %pushi/vec4 1919183214, 0, 32; draw_string_vec4
    %pushi/vec4 1937011304, 0, 32; draw_string_vec4
    %concat/vec4; draw_string_vec4
    %store/vec4 v0x61d6fb043930_0, 0, 64;
T_54.80 ;
    %load/vec4 v0x61d6fb03e300_0;
    %flag_set/vec4 8;
    %jmp/0xz  T_54.82, 8;
    %pushi/vec4 102, 0, 32; draw_string_vec4
    %pushi/vec4 1701733221, 0, 32; draw_string_vec4
    %concat/vec4; draw_string_vec4
    %store/vec4 v0x61d6fb043930_0, 0, 64;
T_54.82 ;
    %load/vec4 v0x61d6fb03e3c0_0;
    %flag_set/vec4 8;
    %jmp/0xz  T_54.84, 8;
    %pushi/vec4 0, 0, 32; draw_string_vec4
    %pushi/vec4 1734702193, 0, 32; draw_string_vec4
    %concat/vec4; draw_string_vec4
    %store/vec4 v0x61d6fb043930_0, 0, 64;
T_54.84 ;
    %load/vec4 v0x61d6fb03f140_0;
    %flag_set/vec4 8;
    %jmp/0xz  T_54.86, 8;
    %pushi/vec4 0, 0, 32; draw_string_vec4
    %pushi/vec4 1936028785, 0, 32; draw_string_vec4
    %concat/vec4; draw_string_vec4
    %store/vec4 v0x61d6fb043930_0, 0, 64;
T_54.86 ;
    %load/vec4 v0x61d6fb03efc0_0;
    %flag_set/vec4 8;
    %jmp/0xz  T_54.88, 8;
    %pushi/vec4 29285, 0, 32; draw_string_vec4
    %pushi/vec4 1953067633, 0, 32; draw_string_vec4
    %concat/vec4; draw_string_vec4
    %store/vec4 v0x61d6fb043930_0, 0, 64;
T_54.88 ;
    %load/vec4 v0x61d6fb03ea80_0;
    %flag_set/vec4 8;
    %jmp/0xz  T_54.90, 8;
    %pushi/vec4 7168371, 0, 32; draw_string_vec4
    %pushi/vec4 1802072689, 0, 32; draw_string_vec4
    %concat/vec4; draw_string_vec4
    %store/vec4 v0x61d6fb043930_0, 0, 64;
T_54.90 ;
    %load/vec4 v0x61d6fb03fd40_0;
    %flag_set/vec4 8;
    %jmp/0xz  T_54.92, 8;
    %pushi/vec4 7823721, 0, 32; draw_string_vec4
    %pushi/vec4 1953067633, 0, 32; draw_string_vec4
    %concat/vec4; draw_string_vec4
    %store/vec4 v0x61d6fb043930_0, 0, 64;
T_54.92 ;
    %load/vec4 v0x61d6fb03fbc0_0;
    %flag_set/vec4 8;
    %jmp/0xz  T_54.94, 8;
    %pushi/vec4 116, 0, 32; draw_string_vec4
    %pushi/vec4 1768777074, 0, 32; draw_string_vec4
    %concat/vec4; draw_string_vec4
    %store/vec4 v0x61d6fb043930_0, 0, 64;
T_54.94 ;
    %jmp T_54;
    .thread T_54, $push;
    .scope S_0x61d6fb031560;
T_55 ;
    %wait E_0x61d6fb033aa0;
    %load/vec4 v0x61d6fb03b690_0;
    %assign/vec4 v0x61d6fb044e10_0, 0;
    %load/vec4 v0x61d6fb03b930_0;
    %assign/vec4 v0x61d6fb044ef0_0, 0;
    %load/vec4 v0x61d6fb03c220_0;
    %assign/vec4 v0x61d6fb044fd0_0, 0;
    %load/vec4 v0x61d6fb03c3e0_0;
    %assign/vec4 v0x61d6fb045190_0, 0;
    %load/vec4 v0x61d6fb03c4c0_0;
    %assign/vec4 v0x61d6fb045270_0, 0;
    %load/vec4 v0x61d6fb03c300_0;
    %assign/vec4 v0x61d6fb0450b0_0, 0;
    %load/vec4 v0x61d6fb041760_0;
    %assign/vec4 v0x61d6fb03cb60_0, 0;
    %load/vec4 v0x61d6fb045890_0;
    %nor/r;
    %flag_set/vec4 8;
    %load/vec4 v0x61d6fb045e10_0;
    %flag_set/vec4 9;
    %flag_or 9, 8;
    %jmp/0xz  T_55.0, 9;
    %pushi/vec4 0, 0, 1;
    %assign/vec4 v0x61d6fb03cf60_0, 0;
    %jmp T_55.1;
T_55.0 ;
    %load/vec4 v0x61d6fb041760_0;
    %flag_set/vec4 8;
    %jmp/0xz  T_55.2, 8;
    %pushi/vec4 1, 0, 1;
    %assign/vec4 v0x61d6fb03cf60_0, 0;
T_55.2 ;
T_55.1 ;
    %load/vec4 v0x61d6fb03d7a0_0;
    %flag_set/vec4 8;
    %jmp/0xz  T_55.4, 8;
    %load/vec4 v0x61d6fb043930_0;
    %assign/vec4 v0x61d6fb03a2b0_0, 0;
    %load/vec4 v0x61d6fb03d020_0;
    %assign/vec4 v0x61d6fb03a390_0, 0;
    %load/vec4 v0x61d6fb043a10_0;
    %parti/s 2, 0, 2;
    %and/r;
    %flag_set/vec4 8;
    %jmp/0xz  T_55.6, 8;
    %load/vec4 v0x61d6fb043a10_0;
    %assign/vec4 v0x61d6fb03a470_0, 0;
    %jmp T_55.7;
T_55.6 ;
    %pushi/vec4 0, 0, 16;
    %load/vec4 v0x61d6fb043a10_0;
    %parti/s 16, 0, 2;
    %concat/vec4; draw_concat_vec4
    %assign/vec4 v0x61d6fb03a470_0, 0;
T_55.7 ;
    %load/vec4 v0x61d6fb03d3a0_0;
    %assign/vec4 v0x61d6fb03a630_0, 0;
    %load/vec4 v0x61d6fb03d480_0;
    %assign/vec4 v0x61d6fb03a710_0, 0;
    %load/vec4 v0x61d6fb03d1e0_0;
    %assign/vec4 v0x61d6fb03a550_0, 0;
T_55.4 ;
    %load/vec4 v0x61d6fb041760_0;
    %flag_set/vec4 8;
    %jmp/0xz  T_55.8, 8;
    %load/vec4 v0x61d6fb043bd0_0;
    %assign/vec4 v0x61d6fb03b850_0, 0;
T_55.8 ;
    %jmp T_55;
    .thread T_55;
    .scope S_0x61d6fb031560;
T_56 ;
    %wait E_0x61d6fb033fa0;
    %load/vec4 v0x61d6fb044e10_0;
    %store/vec4 v0x61d6fb03b690_0, 0, 64;
    %load/vec4 v0x61d6fb044ef0_0;
    %store/vec4 v0x61d6fb03b930_0, 0, 32;
    %load/vec4 v0x61d6fb044fd0_0;
    %store/vec4 v0x61d6fb03c220_0, 0, 32;
    %load/vec4 v0x61d6fb045190_0;
    %store/vec4 v0x61d6fb03c3e0_0, 0, 5;
    %load/vec4 v0x61d6fb045270_0;
    %store/vec4 v0x61d6fb03c4c0_0, 0, 5;
    %load/vec4 v0x61d6fb0450b0_0;
    %store/vec4 v0x61d6fb03c300_0, 0, 5;
    %load/vec4 v0x61d6fb03cb60_0;
    %flag_set/vec4 8;
    %jmp/0xz  T_56.0, 8;
    %load/vec4 v0x61d6fb03d620_0;
    %flag_set/vec4 8;
    %jmp/0xz  T_56.2, 8;
    %load/vec4 v0x61d6fb03a2b0_0;
    %store/vec4 v0x61d6fb03b690_0, 0, 64;
    %load/vec4 v0x61d6fb03a390_0;
    %store/vec4 v0x61d6fb03b930_0, 0, 32;
    %load/vec4 v0x61d6fb03a470_0;
    %store/vec4 v0x61d6fb03c220_0, 0, 32;
    %load/vec4 v0x61d6fb03a630_0;
    %store/vec4 v0x61d6fb03c3e0_0, 0, 5;
    %load/vec4 v0x61d6fb03a710_0;
    %store/vec4 v0x61d6fb03c4c0_0, 0, 5;
    %load/vec4 v0x61d6fb03a550_0;
    %store/vec4 v0x61d6fb03c300_0, 0, 5;
    %jmp T_56.3;
T_56.2 ;
    %load/vec4 v0x61d6fb043930_0;
    %store/vec4 v0x61d6fb03b690_0, 0, 64;
    %load/vec4 v0x61d6fb043a10_0;
    %parti/s 2, 0, 2;
    %and/r;
    %flag_set/vec4 8;
    %jmp/0xz  T_56.4, 8;
    %load/vec4 v0x61d6fb043a10_0;
    %store/vec4 v0x61d6fb03c220_0, 0, 32;
    %jmp T_56.5;
T_56.4 ;
    %pushi/vec4 0, 0, 16;
    %load/vec4 v0x61d6fb043a10_0;
    %parti/s 16, 0, 2;
    %concat/vec4; draw_concat_vec4
    %store/vec4 v0x61d6fb03c220_0, 0, 32;
T_56.5 ;
    %load/vec4 v0x61d6fb03d020_0;
    %store/vec4 v0x61d6fb03b930_0, 0, 32;
    %load/vec4 v0x61d6fb03d3a0_0;
    %store/vec4 v0x61d6fb03c3e0_0, 0, 5;
    %load/vec4 v0x61d6fb03d480_0;
    %store/vec4 v0x61d6fb03c4c0_0, 0, 5;
    %load/vec4 v0x61d6fb03d1e0_0;
    %store/vec4 v0x61d6fb03c300_0, 0, 5;
T_56.3 ;
T_56.0 ;
    %jmp T_56;
    .thread T_56, $push;
    .scope S_0x61d6fb031560;
T_57 ;
    %wait E_0x61d6fb033aa0;
    %load/vec4 v0x61d6fb03e900_0;
    %load/vec4 v0x61d6fb03dd00_0;
    %concat/vec4; draw_concat_vec4
    %load/vec4 v0x61d6fb03e480_0;
    %concat/vec4; draw_concat_vec4
    %or/r;
    %assign/vec4 v0x61d6fb0409c0_0, 0;
    %load/vec4 v0x61d6fb03e900_0;
    %load/vec4 v0x61d6fb03dd00_0;
    %concat/vec4; draw_concat_vec4
    %load/vec4 v0x61d6fb03e480_0;
    %concat/vec4; draw_concat_vec4
    %load/vec4 v0x61d6fb03e540_0;
    %concat/vec4; draw_concat_vec4
    %load/vec4 v0x61d6fb03dac0_0;
    %concat/vec4; draw_concat_vec4
    %load/vec4 v0x61d6fb03da00_0;
    %concat/vec4; draw_concat_vec4
    %load/vec4 v0x61d6fb03fa40_0;
    %concat/vec4; draw_concat_vec4
    %or/r;
    %assign/vec4 v0x61d6fb040a80_0, 0;
    %load/vec4 v0x61d6fb03f500_0;
    %load/vec4 v0x61d6fb03e000_0;
    %concat/vec4; draw_concat_vec4
    %load/vec4 v0x61d6fb03f440_0;
    %concat/vec4; draw_concat_vec4
    %or/r;
    %assign/vec4 v0x61d6fb040e40_0, 0;
    %load/vec4 v0x61d6fb03f5c0_0;
    %load/vec4 v0x61d6fb03e0c0_0;
    %concat/vec4; draw_concat_vec4
    %load/vec4 v0x61d6fb03f680_0;
    %concat/vec4; draw_concat_vec4
    %or/r;
    %assign/vec4 v0x61d6fb040f00_0, 0;
    %load/vec4 v0x61d6fb03e6c0_0;
    %load/vec4 v0x61d6fb03e840_0;
    %concat/vec4; draw_concat_vec4
    %load/vec4 v0x61d6fb03e9c0_0;
    %concat/vec4; draw_concat_vec4
    %or/r;
    %assign/vec4 v0x61d6fb040900_0, 0;
    %load/vec4 v0x61d6fb040600_0;
    %load/vec4 v0x61d6fb03f500_0;
    %concat/vec4; draw_concat_vec4
    %load/vec4 v0x61d6fb03f440_0;
    %concat/vec4; draw_concat_vec4
    %load/vec4 v0x61d6fb03f5c0_0;
    %concat/vec4; draw_concat_vec4
    %load/vec4 v0x61d6fb03f680_0;
    %concat/vec4; draw_concat_vec4
    %or/r;
    %assign/vec4 v0x61d6fb0406c0_0, 0;
    %load/vec4 v0x61d6fb041c20_0;
    %load/vec4 v0x61d6fb041da0_0;
    %and;
    %flag_set/vec4 8;
    %jmp/0xz  T_57.0, 8;
    %load/vec4 v0x61d6fb03bc90_0;
    %parti/s 7, 0, 2;
    %pushi/vec4 55, 0, 7;
    %cmp/e;
    %flag_get/vec4 4;
    %assign/vec4 v0x61d6fb03e900_0, 0;
    %load/vec4 v0x61d6fb03bc90_0;
    %parti/s 7, 0, 2;
    %pushi/vec4 23, 0, 7;
    %cmp/e;
    %flag_get/vec4 4;
    %assign/vec4 v0x61d6fb03dd00_0, 0;
    %load/vec4 v0x61d6fb03bc90_0;
    %parti/s 7, 0, 2;
    %pushi/vec4 111, 0, 7;
    %cmp/e;
    %flag_get/vec4 4;
    %assign/vec4 v0x61d6fb03e480_0, 0;
    %load/vec4 v0x61d6fb03bc90_0;
    %parti/s 7, 0, 2;
    %pushi/vec4 103, 0, 7;
    %cmp/e;
    %flag_get/vec4 4;
    %load/vec4 v0x61d6fb03bc90_0;
    %parti/s 3, 12, 5;
    %pushi/vec4 0, 0, 3;
    %cmp/e;
    %flag_get/vec4 4;
    %and;
    %assign/vec4 v0x61d6fb03e540_0, 0;
    %load/vec4 v0x61d6fb03bc90_0;
    %parti/s 7, 0, 2;
    %pushi/vec4 11, 0, 7;
    %cmp/e;
    %flag_get/vec4 4;
    %load/vec4 v0x61d6fb03bc90_0;
    %parti/s 7, 25, 6;
    %pushi/vec4 2, 0, 7;
    %cmp/e;
    %flag_get/vec4 4;
    %and;
    %pushi/vec4 0, 0, 1;
    %and;
    %assign/vec4 v0x61d6fb03efc0_0, 0;
    %load/vec4 v0x61d6fb03bc90_0;
    %parti/s 7, 0, 2;
    %pushi/vec4 11, 0, 7;
    %cmp/e;
    %flag_get/vec4 4;
    %load/vec4 v0x61d6fb03bc90_0;
    %parti/s 7, 25, 6;
    %pushi/vec4 4, 0, 7;
    %cmp/e;
    %flag_get/vec4 4;
    %and;
    %pushi/vec4 0, 0, 1;
    %and;
    %assign/vec4 v0x61d6fb03fd40_0, 0;
    %load/vec4 v0x61d6fb03bc90_0;
    %parti/s 7, 0, 2;
    %pushi/vec4 99, 0, 7;
    %cmp/e;
    %flag_get/vec4 4;
    %assign/vec4 v0x61d6fb040600_0, 0;
    %load/vec4 v0x61d6fb03bc90_0;
    %parti/s 7, 0, 2;
    %pushi/vec4 3, 0, 7;
    %cmp/e;
    %flag_get/vec4 4;
    %assign/vec4 v0x61d6fb040840_0, 0;
    %load/vec4 v0x61d6fb03bc90_0;
    %parti/s 7, 0, 2;
    %pushi/vec4 35, 0, 7;
    %cmp/e;
    %flag_get/vec4 4;
    %assign/vec4 v0x61d6fb040c00_0, 0;
    %load/vec4 v0x61d6fb03bc90_0;
    %parti/s 7, 0, 2;
    %pushi/vec4 19, 0, 7;
    %cmp/e;
    %flag_get/vec4 4;
    %assign/vec4 v0x61d6fb040480_0, 0;
    %load/vec4 v0x61d6fb03bc90_0;
    %parti/s 7, 0, 2;
    %pushi/vec4 51, 0, 7;
    %cmp/e;
    %flag_get/vec4 4;
    %assign/vec4 v0x61d6fb040540_0, 0;
    %load/vec4 v0x61d6fb03bc90_0;
    %parti/s 20, 12, 5;
    %concati/vec4 0, 0, 1;
    %pad/s 32;
    %split/vec4 1;
    %ix/load 4, 0, 0;
    %ix/load 5, 0, 0;
    %flag_set/imm 4, 0;
    %assign/vec4/off/d v0x61d6fb03d100_0, 4, 5;
    %split/vec4 8;
    %ix/load 4, 12, 0;
    %ix/load 5, 0, 0;
    %flag_set/imm 4, 0;
    %assign/vec4/off/d v0x61d6fb03d100_0, 4, 5;
    %split/vec4 1;
    %ix/load 4, 11, 0;
    %ix/load 5, 0, 0;
    %flag_set/imm 4, 0;
    %assign/vec4/off/d v0x61d6fb03d100_0, 4, 5;
    %split/vec4 10;
    %ix/load 4, 1, 0;
    %ix/load 5, 0, 0;
    %flag_set/imm 4, 0;
    %assign/vec4/off/d v0x61d6fb03d100_0, 4, 5;
    %ix/load 4, 20, 0;
    %ix/load 5, 0, 0;
    %flag_set/imm 4, 0;
    %assign/vec4/off/d v0x61d6fb03d100_0, 4, 5;
    %load/vec4 v0x61d6fb03bc90_0;
    %parti/s 5, 7, 4;
    %assign/vec4 v0x61d6fb03d1e0_0, 0;
    %load/vec4 v0x61d6fb03bc90_0;
    %parti/s 5, 15, 5;
    %assign/vec4 v0x61d6fb03d3a0_0, 0;
    %load/vec4 v0x61d6fb03bc90_0;
    %parti/s 5, 20, 6;
    %assign/vec4 v0x61d6fb03d480_0, 0;
    %load/vec4 v0x61d6fb03bc90_0;
    %parti/s 7, 0, 2;
    %pushi/vec4 11, 0, 7;
    %cmp/e;
    %flag_get/vec4 4;
    %load/vec4 v0x61d6fb03bc90_0;
    %parti/s 7, 25, 6;
    %pushi/vec4 0, 0, 7;
    %cmp/e;
    %flag_get/vec4 4;
    %and;
    %pushi/vec4 0, 0, 1;
    %and;
    %pushi/vec4 1, 0, 1;
    %and;
    %flag_set/vec4 8;
    %jmp/0xz  T_57.2, 8;
    %pushi/vec4 1, 0, 1;
    %ix/load 4, 4, 0;
    %ix/load 5, 0, 0;
    %flag_set/imm 4, 0;
    %assign/vec4/off/d v0x61d6fb03d3a0_0, 4, 5;
T_57.2 ;
    %load/vec4 v0x61d6fb03bc90_0;
    %parti/s 7, 0, 2;
    %pushi/vec4 11, 0, 7;
    %cmp/e;
    %flag_get/vec4 4;
    %load/vec4 v0x61d6fb03bc90_0;
    %parti/s 7, 25, 6;
    %pushi/vec4 2, 0, 7;
    %cmp/e;
    %flag_get/vec4 4;
    %and;
    %pushi/vec4 0, 0, 1;
    %and;
    %flag_set/vec4 8;
    %jmp/0xz  T_57.4, 8;
    %pushi/vec4 0, 0, 5;
    %assign/vec4 v0x61d6fb03d3a0_0, 0;
T_57.4 ;
    %pushi/vec4 0, 0, 1;
    %assign/vec4 v0x61d6fb03aa30_0, 0;
    %pushi/vec4 0, 0, 1;
    %load/vec4 v0x61d6fb03bc90_0;
    %parti/s 2, 0, 2;
    %pushi/vec4 3, 0, 2;
    %cmp/ne;
    %flag_get/vec4 4;
    %and;
    %flag_set/vec4 8;
    %jmp/0xz  T_57.6, 8;
    %pushi/vec4 1, 0, 1;
    %assign/vec4 v0x61d6fb03aa30_0, 0;
    %pushi/vec4 0, 0, 5;
    %assign/vec4 v0x61d6fb03d1e0_0, 0;
    %pushi/vec4 0, 0, 5;
    %assign/vec4 v0x61d6fb03d3a0_0, 0;
    %pushi/vec4 0, 0, 5;
    %assign/vec4 v0x61d6fb03d480_0, 0;
    %load/vec4 v0x61d6fb03bc90_0;
    %parti/s 11, 2, 3;
    %concati/vec4 0, 0, 1;
    %pad/s 32;
    %split/vec4 1;
    %ix/load 4, 0, 0;
    %ix/load 5, 0, 0;
    %flag_set/imm 4, 0;
    %assign/vec4/off/d v0x61d6fb03d100_0, 4, 5;
    %split/vec4 1;
    %ix/load 4, 5, 0;
    %ix/load 5, 0, 0;
    %flag_set/imm 4, 0;
    %assign/vec4/off/d v0x61d6fb03d100_0, 4, 5;
    %split/vec4 3;
    %ix/load 4, 1, 0;
    %ix/load 5, 0, 0;
    %flag_set/imm 4, 0;
    %assign/vec4/off/d v0x61d6fb03d100_0, 4, 5;
    %split/vec4 1;
    %ix/load 4, 7, 0;
    %ix/load 5, 0, 0;
    %flag_set/imm 4, 0;
    %assign/vec4/off/d v0x61d6fb03d100_0, 4, 5;
    %split/vec4 1;
    %ix/load 4, 6, 0;
    %ix/load 5, 0, 0;
    %flag_set/imm 4, 0;
    %assign/vec4/off/d v0x61d6fb03d100_0, 4, 5;
    %split/vec4 1;
    %ix/load 4, 10, 0;
    %ix/load 5, 0, 0;
    %flag_set/imm 4, 0;
    %assign/vec4/off/d v0x61d6fb03d100_0, 4, 5;
    %split/vec4 2;
    %ix/load 4, 8, 0;
    %ix/load 5, 0, 0;
    %flag_set/imm 4, 0;
    %assign/vec4/off/d v0x61d6fb03d100_0, 4, 5;
    %split/vec4 1;
    %ix/load 4, 4, 0;
    %ix/load 5, 0, 0;
    %flag_set/imm 4, 0;
    %assign/vec4/off/d v0x61d6fb03d100_0, 4, 5;
    %ix/load 4, 11, 0;
    %ix/load 5, 0, 0;
    %flag_set/imm 4, 0;
    %assign/vec4/off/d v0x61d6fb03d100_0, 4, 5;
    %load/vec4 v0x61d6fb03bc90_0;
    %parti/s 2, 0, 2;
    %dup/vec4;
    %pushi/vec4 0, 0, 2;
    %cmp/u;
    %jmp/1 T_57.8, 6;
    %dup/vec4;
    %pushi/vec4 1, 0, 2;
    %cmp/u;
    %jmp/1 T_57.9, 6;
    %dup/vec4;
    %pushi/vec4 2, 0, 2;
    %cmp/u;
    %jmp/1 T_57.10, 6;
    %jmp T_57.11;
T_57.8 ;
    %load/vec4 v0x61d6fb03bc90_0;
    %parti/s 3, 13, 5;
    %dup/vec4;
    %pushi/vec4 0, 0, 3;
    %cmp/u;
    %jmp/1 T_57.12, 6;
    %dup/vec4;
    %pushi/vec4 2, 0, 3;
    %cmp/u;
    %jmp/1 T_57.13, 6;
    %dup/vec4;
    %pushi/vec4 6, 0, 3;
    %cmp/u;
    %jmp/1 T_57.14, 6;
    %jmp T_57.15;
T_57.12 ;
    %load/vec4 v0x61d6fb03bc90_0;
    %parti/s 8, 5, 4;
    %or/r;
    %assign/vec4 v0x61d6fb040480_0, 0;
    %pushi/vec4 2, 0, 5;
    %assign/vec4 v0x61d6fb03d3a0_0, 0;
    %pushi/vec4 8, 0, 5;
    %load/vec4 v0x61d6fb03bc90_0;
    %parti/s 3, 2, 3;
    %pad/u 5;
    %add;
    %assign/vec4 v0x61d6fb03d1e0_0, 0;
    %jmp T_57.15;
T_57.13 ;
    %pushi/vec4 1, 0, 1;
    %assign/vec4 v0x61d6fb040840_0, 0;
    %pushi/vec4 8, 0, 5;
    %load/vec4 v0x61d6fb03bc90_0;
    %parti/s 3, 7, 4;
    %pad/u 5;
    %add;
    %assign/vec4 v0x61d6fb03d3a0_0, 0;
    %pushi/vec4 8, 0, 5;
    %load/vec4 v0x61d6fb03bc90_0;
    %parti/s 3, 2, 3;
    %pad/u 5;
    %add;
    %assign/vec4 v0x61d6fb03d1e0_0, 0;
    %jmp T_57.15;
T_57.14 ;
    %pushi/vec4 1, 0, 1;
    %assign/vec4 v0x61d6fb040c00_0, 0;
    %pushi/vec4 8, 0, 5;
    %load/vec4 v0x61d6fb03bc90_0;
    %parti/s 3, 7, 4;
    %pad/u 5;
    %add;
    %assign/vec4 v0x61d6fb03d3a0_0, 0;
    %pushi/vec4 8, 0, 5;
    %load/vec4 v0x61d6fb03bc90_0;
    %parti/s 3, 2, 3;
    %pad/u 5;
    %add;
    %assign/vec4 v0x61d6fb03d480_0, 0;
    %jmp T_57.15;
T_57.15 ;
    %pop/vec4 1;
    %jmp T_57.11;
T_57.9 ;
    %load/vec4 v0x61d6fb03bc90_0;
    %parti/s 3, 13, 5;
    %dup/vec4;
    %pushi/vec4 0, 0, 3;
    %cmp/u;
    %jmp/1 T_57.16, 6;
    %dup/vec4;
    %pushi/vec4 1, 0, 3;
    %cmp/u;
    %jmp/1 T_57.17, 6;
    %dup/vec4;
    %pushi/vec4 2, 0, 3;
    %cmp/u;
    %jmp/1 T_57.18, 6;
    %dup/vec4;
    %pushi/vec4 3, 0, 3;
    %cmp/u;
    %jmp/1 T_57.19, 6;
    %dup/vec4;
    %pushi/vec4 4, 0, 3;
    %cmp/u;
    %jmp/1 T_57.20, 6;
    %dup/vec4;
    %pushi/vec4 5, 0, 3;
    %cmp/u;
    %jmp/1 T_57.21, 6;
    %dup/vec4;
    %pushi/vec4 6, 0, 3;
    %cmp/u;
    %jmp/1 T_57.22, 6;
    %dup/vec4;
    %pushi/vec4 7, 0, 3;
    %cmp/u;
    %jmp/1 T_57.23, 6;
    %jmp T_57.24;
T_57.16 ;
    %pushi/vec4 1, 0, 1;
    %assign/vec4 v0x61d6fb040480_0, 0;
    %load/vec4 v0x61d6fb03bc90_0;
    %parti/s 5, 7, 4;
    %assign/vec4 v0x61d6fb03d1e0_0, 0;
    %load/vec4 v0x61d6fb03bc90_0;
    %parti/s 5, 7, 4;
    %assign/vec4 v0x61d6fb03d3a0_0, 0;
    %jmp T_57.24;
T_57.17 ;
    %pushi/vec4 1, 0, 1;
    %assign/vec4 v0x61d6fb03e480_0, 0;
    %pushi/vec4 1, 0, 5;
    %assign/vec4 v0x61d6fb03d1e0_0, 0;
    %jmp T_57.24;
T_57.18 ;
    %pushi/vec4 1, 0, 1;
    %assign/vec4 v0x61d6fb040480_0, 0;
    %load/vec4 v0x61d6fb03bc90_0;
    %parti/s 5, 7, 4;
    %assign/vec4 v0x61d6fb03d1e0_0, 0;
    %pushi/vec4 0, 0, 5;
    %assign/vec4 v0x61d6fb03d3a0_0, 0;
    %jmp T_57.24;
T_57.19 ;
    %load/vec4 v0x61d6fb03bc90_0;
    %parti/s 1, 12, 5;
    %flag_set/vec4 8;
    %load/vec4 v0x61d6fb03bc90_0;
    %parti/s 5, 2, 3;
    %cmpi/ne 0, 0, 5;
    %flag_or 4, 8;
    %jmp/0xz  T_57.25, 4;
    %load/vec4 v0x61d6fb03bc90_0;
    %parti/s 5, 7, 4;
    %pad/u 32;
    %cmpi/e 2, 0, 32;
    %jmp/0xz  T_57.27, 4;
    %pushi/vec4 1, 0, 1;
    %assign/vec4 v0x61d6fb040480_0, 0;
    %load/vec4 v0x61d6fb03bc90_0;
    %parti/s 5, 7, 4;
    %assign/vec4 v0x61d6fb03d1e0_0, 0;
    %load/vec4 v0x61d6fb03bc90_0;
    %parti/s 5, 7, 4;
    %assign/vec4 v0x61d6fb03d3a0_0, 0;
    %jmp T_57.28;
T_57.27 ;
    %pushi/vec4 1, 0, 1;
    %assign/vec4 v0x61d6fb03e900_0, 0;
    %load/vec4 v0x61d6fb03bc90_0;
    %parti/s 5, 7, 4;
    %assign/vec4 v0x61d6fb03d1e0_0, 0;
    %pushi/vec4 0, 0, 5;
    %assign/vec4 v0x61d6fb03d3a0_0, 0;
T_57.28 ;
T_57.25 ;
    %jmp T_57.24;
T_57.20 ;
    %load/vec4 v0x61d6fb03bc90_0;
    %parti/s 1, 11, 5;
    %nor/r;
    %load/vec4 v0x61d6fb03bc90_0;
    %parti/s 1, 12, 5;
    %nor/r;
    %and;
    %flag_set/vec4 8;
    %jmp/0xz  T_57.29, 8;
    %pushi/vec4 1, 0, 1;
    %assign/vec4 v0x61d6fb040480_0, 0;
    %pushi/vec4 8, 0, 5;
    %load/vec4 v0x61d6fb03bc90_0;
    %parti/s 3, 7, 4;
    %pad/u 5;
    %add;
    %assign/vec4 v0x61d6fb03d1e0_0, 0;
    %pushi/vec4 8, 0, 5;
    %load/vec4 v0x61d6fb03bc90_0;
    %parti/s 3, 7, 4;
    %pad/u 5;
    %add;
    %assign/vec4 v0x61d6fb03d3a0_0, 0;
    %load/vec4 v0x61d6fb03bc90_0;
    %parti/s 1, 12, 5;
    %load/vec4 v0x61d6fb03bc90_0;
    %parti/s 5, 2, 3;
    %concat/vec4; draw_concat_vec4
    %pad/u 5;
    %assign/vec4 v0x61d6fb03d480_0, 0;
T_57.29 ;
    %load/vec4 v0x61d6fb03bc90_0;
    %parti/s 2, 10, 5;
    %cmpi/e 2, 0, 2;
    %jmp/0xz  T_57.31, 4;
    %pushi/vec4 1, 0, 1;
    %assign/vec4 v0x61d6fb040480_0, 0;
    %pushi/vec4 8, 0, 5;
    %load/vec4 v0x61d6fb03bc90_0;
    %parti/s 3, 7, 4;
    %pad/u 5;
    %add;
    %assign/vec4 v0x61d6fb03d1e0_0, 0;
    %pushi/vec4 8, 0, 5;
    %load/vec4 v0x61d6fb03bc90_0;
    %parti/s 3, 7, 4;
    %pad/u 5;
    %add;
    %assign/vec4 v0x61d6fb03d3a0_0, 0;
T_57.31 ;
    %load/vec4 v0x61d6fb03bc90_0;
    %parti/s 3, 10, 5;
    %cmpi/e 3, 0, 3;
    %jmp/0xz  T_57.33, 4;
    %pushi/vec4 1, 0, 1;
    %assign/vec4 v0x61d6fb040540_0, 0;
    %pushi/vec4 8, 0, 5;
    %load/vec4 v0x61d6fb03bc90_0;
    %parti/s 3, 7, 4;
    %pad/u 5;
    %add;
    %assign/vec4 v0x61d6fb03d1e0_0, 0;
    %pushi/vec4 8, 0, 5;
    %load/vec4 v0x61d6fb03bc90_0;
    %parti/s 3, 7, 4;
    %pad/u 5;
    %add;
    %assign/vec4 v0x61d6fb03d3a0_0, 0;
    %pushi/vec4 8, 0, 5;
    %load/vec4 v0x61d6fb03bc90_0;
    %parti/s 3, 2, 3;
    %pad/u 5;
    %add;
    %assign/vec4 v0x61d6fb03d480_0, 0;
T_57.33 ;
    %jmp T_57.24;
T_57.21 ;
    %pushi/vec4 1, 0, 1;
    %assign/vec4 v0x61d6fb03e480_0, 0;
    %jmp T_57.24;
T_57.22 ;
    %pushi/vec4 1, 0, 1;
    %assign/vec4 v0x61d6fb040600_0, 0;
    %pushi/vec4 8, 0, 5;
    %load/vec4 v0x61d6fb03bc90_0;
    %parti/s 3, 7, 4;
    %pad/u 5;
    %add;
    %assign/vec4 v0x61d6fb03d3a0_0, 0;
    %pushi/vec4 0, 0, 5;
    %assign/vec4 v0x61d6fb03d480_0, 0;
    %jmp T_57.24;
T_57.23 ;
    %pushi/vec4 1, 0, 1;
    %assign/vec4 v0x61d6fb040600_0, 0;
    %pushi/vec4 8, 0, 5;
    %load/vec4 v0x61d6fb03bc90_0;
    %parti/s 3, 7, 4;
    %pad/u 5;
    %add;
    %assign/vec4 v0x61d6fb03d3a0_0, 0;
    %pushi/vec4 0, 0, 5;
    %assign/vec4 v0x61d6fb03d480_0, 0;
    %jmp T_57.24;
T_57.24 ;
    %pop/vec4 1;
    %jmp T_57.11;
T_57.10 ;
    %load/vec4 v0x61d6fb03bc90_0;
    %parti/s 3, 13, 5;
    %dup/vec4;
    %pushi/vec4 0, 0, 3;
    %cmp/u;
    %jmp/1 T_57.35, 6;
    %dup/vec4;
    %pushi/vec4 2, 0, 3;
    %cmp/u;
    %jmp/1 T_57.36, 6;
    %dup/vec4;
    %pushi/vec4 4, 0, 3;
    %cmp/u;
    %jmp/1 T_57.37, 6;
    %dup/vec4;
    %pushi/vec4 6, 0, 3;
    %cmp/u;
    %jmp/1 T_57.38, 6;
    %jmp T_57.39;
T_57.35 ;
    %load/vec4 v0x61d6fb03bc90_0;
    %parti/s 1, 12, 5;
    %nor/r;
    %flag_set/vec4 8;
    %jmp/0xz  T_57.40, 8;
    %pushi/vec4 1, 0, 1;
    %assign/vec4 v0x61d6fb040480_0, 0;
    %load/vec4 v0x61d6fb03bc90_0;
    %parti/s 5, 7, 4;
    %assign/vec4 v0x61d6fb03d1e0_0, 0;
    %load/vec4 v0x61d6fb03bc90_0;
    %parti/s 5, 7, 4;
    %assign/vec4 v0x61d6fb03d3a0_0, 0;
    %load/vec4 v0x61d6fb03bc90_0;
    %parti/s 1, 12, 5;
    %load/vec4 v0x61d6fb03bc90_0;
    %parti/s 5, 2, 3;
    %concat/vec4; draw_concat_vec4
    %pad/u 5;
    %assign/vec4 v0x61d6fb03d480_0, 0;
T_57.40 ;
    %jmp T_57.39;
T_57.36 ;
    %load/vec4 v0x61d6fb03bc90_0;
    %parti/s 5, 7, 4;
    %cmpi/ne 0, 0, 5;
    %jmp/0xz  T_57.42, 4;
    %pushi/vec4 1, 0, 1;
    %assign/vec4 v0x61d6fb040840_0, 0;
    %load/vec4 v0x61d6fb03bc90_0;
    %parti/s 5, 7, 4;
    %assign/vec4 v0x61d6fb03d1e0_0, 0;
    %pushi/vec4 2, 0, 5;
    %assign/vec4 v0x61d6fb03d3a0_0, 0;
T_57.42 ;
    %jmp T_57.39;
T_57.37 ;
    %load/vec4 v0x61d6fb03bc90_0;
    %parti/s 1, 12, 5;
    %pad/u 32;
    %pushi/vec4 0, 0, 32;
    %cmp/e;
    %flag_get/vec4 4;
    %load/vec4 v0x61d6fb03bc90_0;
    %parti/s 5, 7, 4;
    %pad/u 32;
    %pushi/vec4 0, 0, 32;
    %cmp/ne;
    %flag_get/vec4 4;
    %and;
    %load/vec4 v0x61d6fb03bc90_0;
    %parti/s 5, 2, 3;
    %pad/u 32;
    %pushi/vec4 0, 0, 32;
    %cmp/e;
    %flag_get/vec4 4;
    %and;
    %flag_set/vec4 8;
    %jmp/0xz  T_57.44, 8;
    %pushi/vec4 1, 0, 1;
    %assign/vec4 v0x61d6fb03e540_0, 0;
    %pushi/vec4 0, 0, 5;
    %assign/vec4 v0x61d6fb03d1e0_0, 0;
    %load/vec4 v0x61d6fb03bc90_0;
    %parti/s 5, 7, 4;
    %assign/vec4 v0x61d6fb03d3a0_0, 0;
T_57.44 ;
    %load/vec4 v0x61d6fb03bc90_0;
    %parti/s 1, 12, 5;
    %pad/u 32;
    %pushi/vec4 0, 0, 32;
    %cmp/e;
    %flag_get/vec4 4;
    %load/vec4 v0x61d6fb03bc90_0;
    %parti/s 5, 2, 3;
    %pad/u 32;
    %pushi/vec4 0, 0, 32;
    %cmp/ne;
    %flag_get/vec4 4;
    %and;
    %flag_set/vec4 8;
    %jmp/0xz  T_57.46, 8;
    %pushi/vec4 1, 0, 1;
    %assign/vec4 v0x61d6fb040540_0, 0;
    %load/vec4 v0x61d6fb03bc90_0;
    %parti/s 5, 7, 4;
    %assign/vec4 v0x61d6fb03d1e0_0, 0;
    %pushi/vec4 0, 0, 5;
    %assign/vec4 v0x61d6fb03d3a0_0, 0;
    %load/vec4 v0x61d6fb03bc90_0;
    %parti/s 5, 2, 3;
    %assign/vec4 v0x61d6fb03d480_0, 0;
T_57.46 ;
    %load/vec4 v0x61d6fb03bc90_0;
    %parti/s 1, 12, 5;
    %pad/u 32;
    %pushi/vec4 0, 0, 32;
    %cmp/ne;
    %flag_get/vec4 4;
    %load/vec4 v0x61d6fb03bc90_0;
    %parti/s 5, 7, 4;
    %pad/u 32;
    %pushi/vec4 0, 0, 32;
    %cmp/ne;
    %flag_get/vec4 4;
    %and;
    %load/vec4 v0x61d6fb03bc90_0;
    %parti/s 5, 2, 3;
    %pad/u 32;
    %pushi/vec4 0, 0, 32;
    %cmp/e;
    %flag_get/vec4 4;
    %and;
    %flag_set/vec4 8;
    %jmp/0xz  T_57.48, 8;
    %pushi/vec4 1, 0, 1;
    %assign/vec4 v0x61d6fb03e540_0, 0;
    %pushi/vec4 1, 0, 5;
    %assign/vec4 v0x61d6fb03d1e0_0, 0;
    %load/vec4 v0x61d6fb03bc90_0;
    %parti/s 5, 7, 4;
    %assign/vec4 v0x61d6fb03d3a0_0, 0;
T_57.48 ;
    %load/vec4 v0x61d6fb03bc90_0;
    %parti/s 1, 12, 5;
    %pad/u 32;
    %pushi/vec4 0, 0, 32;
    %cmp/ne;
    %flag_get/vec4 4;
    %load/vec4 v0x61d6fb03bc90_0;
    %parti/s 5, 2, 3;
    %pad/u 32;
    %pushi/vec4 0, 0, 32;
    %cmp/ne;
    %flag_get/vec4 4;
    %and;
    %flag_set/vec4 8;
    %jmp/0xz  T_57.50, 8;
    %pushi/vec4 1, 0, 1;
    %assign/vec4 v0x61d6fb040540_0, 0;
    %load/vec4 v0x61d6fb03bc90_0;
    %parti/s 5, 7, 4;
    %assign/vec4 v0x61d6fb03d1e0_0, 0;
    %load/vec4 v0x61d6fb03bc90_0;
    %parti/s 5, 7, 4;
    %assign/vec4 v0x61d6fb03d3a0_0, 0;
    %load/vec4 v0x61d6fb03bc90_0;
    %parti/s 5, 2, 3;
    %assign/vec4 v0x61d6fb03d480_0, 0;
T_57.50 ;
    %jmp T_57.39;
T_57.38 ;
    %pushi/vec4 1, 0, 1;
    %assign/vec4 v0x61d6fb040c00_0, 0;
    %pushi/vec4 2, 0, 5;
    %assign/vec4 v0x61d6fb03d3a0_0, 0;
    %load/vec4 v0x61d6fb03bc90_0;
    %parti/s 5, 2, 3;
    %assign/vec4 v0x61d6fb03d480_0, 0;
    %jmp T_57.39;
T_57.39 ;
    %pop/vec4 1;
    %jmp T_57.11;
T_57.11 ;
    %pop/vec4 1;
T_57.6 ;
T_57.0 ;
    %load/vec4 v0x61d6fb03d6e0_0;
    %load/vec4 v0x61d6fb03d560_0;
    %nor/r;
    %and;
    %flag_set/vec4 8;
    %jmp/0xz  T_57.52, 8;
    %pushi/vec4 4294967295, 4294967295, 32;
    %assign/vec4 v0x61d6fb043fd0_0, 0;
    %load/vec4 v0x61d6fb040600_0;
    %load/vec4 v0x61d6fb03be50_0;
    %parti/s 3, 12, 5;
    %pushi/vec4 0, 0, 3;
    %cmp/e;
    %flag_get/vec4 4;
    %and;
    %assign/vec4 v0x61d6fb03ddc0_0, 0;
    %load/vec4 v0x61d6fb040600_0;
    %load/vec4 v0x61d6fb03be50_0;
    %parti/s 3, 12, 5;
    %pushi/vec4 1, 0, 3;
    %cmp/e;
    %flag_get/vec4 4;
    %and;
    %assign/vec4 v0x61d6fb03e180_0, 0;
    %load/vec4 v0x61d6fb040600_0;
    %load/vec4 v0x61d6fb03be50_0;
    %parti/s 3, 12, 5;
    %pushi/vec4 4, 0, 3;
    %cmp/e;
    %flag_get/vec4 4;
    %and;
    %assign/vec4 v0x61d6fb03e000_0, 0;
    %load/vec4 v0x61d6fb040600_0;
    %load/vec4 v0x61d6fb03be50_0;
    %parti/s 3, 12, 5;
    %pushi/vec4 5, 0, 3;
    %cmp/e;
    %flag_get/vec4 4;
    %and;
    %assign/vec4 v0x61d6fb03de80_0, 0;
    %load/vec4 v0x61d6fb040600_0;
    %load/vec4 v0x61d6fb03be50_0;
    %parti/s 3, 12, 5;
    %pushi/vec4 6, 0, 3;
    %cmp/e;
    %flag_get/vec4 4;
    %and;
    %assign/vec4 v0x61d6fb03e0c0_0, 0;
    %load/vec4 v0x61d6fb040600_0;
    %load/vec4 v0x61d6fb03be50_0;
    %parti/s 3, 12, 5;
    %pushi/vec4 7, 0, 3;
    %cmp/e;
    %flag_get/vec4 4;
    %and;
    %assign/vec4 v0x61d6fb03df40_0, 0;
    %load/vec4 v0x61d6fb040840_0;
    %load/vec4 v0x61d6fb03be50_0;
    %parti/s 3, 12, 5;
    %pushi/vec4 0, 0, 3;
    %cmp/e;
    %flag_get/vec4 4;
    %and;
    %assign/vec4 v0x61d6fb03e600_0, 0;
    %load/vec4 v0x61d6fb040840_0;
    %load/vec4 v0x61d6fb03be50_0;
    %parti/s 3, 12, 5;
    %pushi/vec4 1, 0, 3;
    %cmp/e;
    %flag_get/vec4 4;
    %and;
    %assign/vec4 v0x61d6fb03e780_0, 0;
    %load/vec4 v0x61d6fb040840_0;
    %load/vec4 v0x61d6fb03be50_0;
    %parti/s 3, 12, 5;
    %pushi/vec4 2, 0, 3;
    %cmp/e;
    %flag_get/vec4 4;
    %and;
    %assign/vec4 v0x61d6fb03e9c0_0, 0;
    %load/vec4 v0x61d6fb040840_0;
    %load/vec4 v0x61d6fb03be50_0;
    %parti/s 3, 12, 5;
    %pushi/vec4 4, 0, 3;
    %cmp/e;
    %flag_get/vec4 4;
    %and;
    %assign/vec4 v0x61d6fb03e6c0_0, 0;
    %load/vec4 v0x61d6fb040840_0;
    %load/vec4 v0x61d6fb03be50_0;
    %parti/s 3, 12, 5;
    %pushi/vec4 5, 0, 3;
    %cmp/e;
    %flag_get/vec4 4;
    %and;
    %assign/vec4 v0x61d6fb03e840_0, 0;
    %load/vec4 v0x61d6fb040c00_0;
    %load/vec4 v0x61d6fb03be50_0;
    %parti/s 3, 12, 5;
    %pushi/vec4 0, 0, 3;
    %cmp/e;
    %flag_get/vec4 4;
    %and;
    %assign/vec4 v0x61d6fb03f080_0, 0;
    %load/vec4 v0x61d6fb040c00_0;
    %load/vec4 v0x61d6fb03be50_0;
    %parti/s 3, 12, 5;
    %pushi/vec4 1, 0, 3;
    %cmp/e;
    %flag_get/vec4 4;
    %and;
    %assign/vec4 v0x61d6fb03f200_0, 0;
    %load/vec4 v0x61d6fb040c00_0;
    %load/vec4 v0x61d6fb03be50_0;
    %parti/s 3, 12, 5;
    %pushi/vec4 2, 0, 3;
    %cmp/e;
    %flag_get/vec4 4;
    %and;
    %assign/vec4 v0x61d6fb03fb00_0, 0;
    %load/vec4 v0x61d6fb040480_0;
    %load/vec4 v0x61d6fb03be50_0;
    %parti/s 3, 12, 5;
    %pushi/vec4 0, 0, 3;
    %cmp/e;
    %flag_get/vec4 4;
    %and;
    %assign/vec4 v0x61d6fb03dac0_0, 0;
    %load/vec4 v0x61d6fb040480_0;
    %load/vec4 v0x61d6fb03be50_0;
    %parti/s 3, 12, 5;
    %pushi/vec4 2, 0, 3;
    %cmp/e;
    %flag_get/vec4 4;
    %and;
    %assign/vec4 v0x61d6fb03f500_0, 0;
    %load/vec4 v0x61d6fb040480_0;
    %load/vec4 v0x61d6fb03be50_0;
    %parti/s 3, 12, 5;
    %pushi/vec4 3, 0, 3;
    %cmp/e;
    %flag_get/vec4 4;
    %and;
    %assign/vec4 v0x61d6fb03f5c0_0, 0;
    %load/vec4 v0x61d6fb040480_0;
    %load/vec4 v0x61d6fb03be50_0;
    %parti/s 3, 12, 5;
    %pushi/vec4 4, 0, 3;
    %cmp/e;
    %flag_get/vec4 4;
    %and;
    %assign/vec4 v0x61d6fb03fec0_0, 0;
    %load/vec4 v0x61d6fb040480_0;
    %load/vec4 v0x61d6fb03be50_0;
    %parti/s 3, 12, 5;
    %pushi/vec4 6, 0, 3;
    %cmp/e;
    %flag_get/vec4 4;
    %and;
    %assign/vec4 v0x61d6fb03ec00_0, 0;
    %load/vec4 v0x61d6fb040480_0;
    %load/vec4 v0x61d6fb03be50_0;
    %parti/s 3, 12, 5;
    %pushi/vec4 7, 0, 3;
    %cmp/e;
    %flag_get/vec4 4;
    %and;
    %assign/vec4 v0x61d6fb03dc40_0, 0;
    %load/vec4 v0x61d6fb040480_0;
    %load/vec4 v0x61d6fb03be50_0;
    %parti/s 3, 12, 5;
    %pushi/vec4 1, 0, 3;
    %cmp/e;
    %flag_get/vec4 4;
    %and;
    %load/vec4 v0x61d6fb03be50_0;
    %parti/s 7, 25, 6;
    %pushi/vec4 0, 0, 7;
    %cmp/e;
    %flag_get/vec4 4;
    %and;
    %assign/vec4 v0x61d6fb03f380_0, 0;
    %load/vec4 v0x61d6fb040480_0;
    %load/vec4 v0x61d6fb03be50_0;
    %parti/s 3, 12, 5;
    %pushi/vec4 5, 0, 3;
    %cmp/e;
    %flag_get/vec4 4;
    %and;
    %load/vec4 v0x61d6fb03be50_0;
    %parti/s 7, 25, 6;
    %pushi/vec4 0, 0, 7;
    %cmp/e;
    %flag_get/vec4 4;
    %and;
    %assign/vec4 v0x61d6fb03f980_0, 0;
    %load/vec4 v0x61d6fb040480_0;
    %load/vec4 v0x61d6fb03be50_0;
    %parti/s 3, 12, 5;
    %pushi/vec4 5, 0, 3;
    %cmp/e;
    %flag_get/vec4 4;
    %and;
    %load/vec4 v0x61d6fb03be50_0;
    %parti/s 7, 25, 6;
    %pushi/vec4 32, 0, 7;
    %cmp/e;
    %flag_get/vec4 4;
    %and;
    %assign/vec4 v0x61d6fb03f800_0, 0;
    %load/vec4 v0x61d6fb040540_0;
    %load/vec4 v0x61d6fb03be50_0;
    %parti/s 3, 12, 5;
    %pushi/vec4 0, 0, 3;
    %cmp/e;
    %flag_get/vec4 4;
    %and;
    %load/vec4 v0x61d6fb03be50_0;
    %parti/s 7, 25, 6;
    %pushi/vec4 0, 0, 7;
    %cmp/e;
    %flag_get/vec4 4;
    %and;
    %assign/vec4 v0x61d6fb03da00_0, 0;
    %load/vec4 v0x61d6fb040540_0;
    %load/vec4 v0x61d6fb03be50_0;
    %parti/s 3, 12, 5;
    %pushi/vec4 0, 0, 3;
    %cmp/e;
    %flag_get/vec4 4;
    %and;
    %load/vec4 v0x61d6fb03be50_0;
    %parti/s 7, 25, 6;
    %pushi/vec4 32, 0, 7;
    %cmp/e;
    %flag_get/vec4 4;
    %and;
    %assign/vec4 v0x61d6fb03fa40_0, 0;
    %load/vec4 v0x61d6fb040540_0;
    %load/vec4 v0x61d6fb03be50_0;
    %parti/s 3, 12, 5;
    %pushi/vec4 1, 0, 3;
    %cmp/e;
    %flag_get/vec4 4;
    %and;
    %load/vec4 v0x61d6fb03be50_0;
    %parti/s 7, 25, 6;
    %pushi/vec4 0, 0, 7;
    %cmp/e;
    %flag_get/vec4 4;
    %and;
    %assign/vec4 v0x61d6fb03f2c0_0, 0;
    %load/vec4 v0x61d6fb040540_0;
    %load/vec4 v0x61d6fb03be50_0;
    %parti/s 3, 12, 5;
    %pushi/vec4 2, 0, 3;
    %cmp/e;
    %flag_get/vec4 4;
    %and;
    %load/vec4 v0x61d6fb03be50_0;
    %parti/s 7, 25, 6;
    %pushi/vec4 0, 0, 7;
    %cmp/e;
    %flag_get/vec4 4;
    %and;
    %assign/vec4 v0x61d6fb03f440_0, 0;
    %load/vec4 v0x61d6fb040540_0;
    %load/vec4 v0x61d6fb03be50_0;
    %parti/s 3, 12, 5;
    %pushi/vec4 3, 0, 3;
    %cmp/e;
    %flag_get/vec4 4;
    %and;
    %load/vec4 v0x61d6fb03be50_0;
    %parti/s 7, 25, 6;
    %pushi/vec4 0, 0, 7;
    %cmp/e;
    %flag_get/vec4 4;
    %and;
    %assign/vec4 v0x61d6fb03f680_0, 0;
    %load/vec4 v0x61d6fb040540_0;
    %load/vec4 v0x61d6fb03be50_0;
    %parti/s 3, 12, 5;
    %pushi/vec4 4, 0, 3;
    %cmp/e;
    %flag_get/vec4 4;
    %and;
    %load/vec4 v0x61d6fb03be50_0;
    %parti/s 7, 25, 6;
    %pushi/vec4 0, 0, 7;
    %cmp/e;
    %flag_get/vec4 4;
    %and;
    %assign/vec4 v0x61d6fb03fe00_0, 0;
    %load/vec4 v0x61d6fb040540_0;
    %load/vec4 v0x61d6fb03be50_0;
    %parti/s 3, 12, 5;
    %pushi/vec4 5, 0, 3;
    %cmp/e;
    %flag_get/vec4 4;
    %and;
    %load/vec4 v0x61d6fb03be50_0;
    %parti/s 7, 25, 6;
    %pushi/vec4 0, 0, 7;
    %cmp/e;
    %flag_get/vec4 4;
    %and;
    %assign/vec4 v0x61d6fb03f8c0_0, 0;
    %load/vec4 v0x61d6fb040540_0;
    %load/vec4 v0x61d6fb03be50_0;
    %parti/s 3, 12, 5;
    %pushi/vec4 5, 0, 3;
    %cmp/e;
    %flag_get/vec4 4;
    %and;
    %load/vec4 v0x61d6fb03be50_0;
    %parti/s 7, 25, 6;
    %pushi/vec4 32, 0, 7;
    %cmp/e;
    %flag_get/vec4 4;
    %and;
    %assign/vec4 v0x61d6fb03f740_0, 0;
    %load/vec4 v0x61d6fb040540_0;
    %load/vec4 v0x61d6fb03be50_0;
    %parti/s 3, 12, 5;
    %pushi/vec4 6, 0, 3;
    %cmp/e;
    %flag_get/vec4 4;
    %and;
    %load/vec4 v0x61d6fb03be50_0;
    %parti/s 7, 25, 6;
    %pushi/vec4 0, 0, 7;
    %cmp/e;
    %flag_get/vec4 4;
    %and;
    %assign/vec4 v0x61d6fb03eb40_0, 0;
    %load/vec4 v0x61d6fb040540_0;
    %load/vec4 v0x61d6fb03be50_0;
    %parti/s 3, 12, 5;
    %pushi/vec4 7, 0, 3;
    %cmp/e;
    %flag_get/vec4 4;
    %and;
    %load/vec4 v0x61d6fb03be50_0;
    %parti/s 7, 25, 6;
    %pushi/vec4 0, 0, 7;
    %cmp/e;
    %flag_get/vec4 4;
    %and;
    %assign/vec4 v0x61d6fb03db80_0, 0;
    %load/vec4 v0x61d6fb03be50_0;
    %parti/s 7, 0, 2;
    %pushi/vec4 115, 0, 7;
    %cmp/e;
    %flag_get/vec4 4;
    %load/vec4 v0x61d6fb03be50_0;
    %parti/s 20, 12, 5;
    %pad/u 32;
    %pushi/vec4 786434, 0, 32;
    %cmp/e;
    %flag_get/vec4 4;
    %and;
    %load/vec4 v0x61d6fb03be50_0;
    %parti/s 7, 0, 2;
    %pushi/vec4 115, 0, 7;
    %cmp/e;
    %flag_get/vec4 4;
    %load/vec4 v0x61d6fb03be50_0;
    %parti/s 20, 12, 5;
    %pad/u 32;
    %pushi/vec4 786690, 0, 32;
    %cmp/e;
    %flag_get/vec4 4;
    %and;
    %or;
    %pushi/vec4 1, 0, 1;
    %and;
    %assign/vec4 v0x61d6fb03ecc0_0, 0;
    %load/vec4 v0x61d6fb03be50_0;
    %parti/s 7, 0, 2;
    %pushi/vec4 115, 0, 7;
    %cmp/e;
    %flag_get/vec4 4;
    %load/vec4 v0x61d6fb03be50_0;
    %parti/s 20, 12, 5;
    %pad/u 32;
    %pushi/vec4 819202, 0, 32;
    %cmp/e;
    %flag_get/vec4 4;
    %and;
    %load/vec4 v0x61d6fb03be50_0;
    %parti/s 7, 0, 2;
    %pushi/vec4 115, 0, 7;
    %cmp/e;
    %flag_get/vec4 4;
    %load/vec4 v0x61d6fb03be50_0;
    %parti/s 20, 12, 5;
    %pad/u 32;
    %pushi/vec4 819458, 0, 32;
    %cmp/e;
    %flag_get/vec4 4;
    %and;
    %or;
    %pushi/vec4 1, 0, 1;
    %and;
    %pushi/vec4 1, 0, 1;
    %and;
    %assign/vec4 v0x61d6fb03ed80_0, 0;
    %load/vec4 v0x61d6fb03be50_0;
    %parti/s 7, 0, 2;
    %pushi/vec4 115, 0, 7;
    %cmp/e;
    %flag_get/vec4 4;
    %load/vec4 v0x61d6fb03be50_0;
    %parti/s 20, 12, 5;
    %pad/u 32;
    %pushi/vec4 786946, 0, 32;
    %cmp/e;
    %flag_get/vec4 4;
    %and;
    %pushi/vec4 1, 0, 1;
    %and;
    %assign/vec4 v0x61d6fb03ee40_0, 0;
    %load/vec4 v0x61d6fb03be50_0;
    %parti/s 7, 0, 2;
    %pushi/vec4 115, 0, 7;
    %cmp/e;
    %flag_get/vec4 4;
    %load/vec4 v0x61d6fb03be50_0;
    %parti/s 20, 12, 5;
    %pad/u 32;
    %pushi/vec4 819714, 0, 32;
    %cmp/e;
    %flag_get/vec4 4;
    %and;
    %pushi/vec4 1, 0, 1;
    %and;
    %pushi/vec4 1, 0, 1;
    %and;
    %assign/vec4 v0x61d6fb03ef00_0, 0;
    %load/vec4 v0x61d6fb03be50_0;
    %parti/s 7, 0, 2;
    %pushi/vec4 115, 0, 7;
    %cmp/e;
    %flag_get/vec4 4;
    %load/vec4 v0x61d6fb03be50_0;
    %parti/s 11, 21, 6;
    %nor/r;
    %and;
    %load/vec4 v0x61d6fb03be50_0;
    %parti/s 13, 7, 4;
    %nor/r;
    %and;
    %pushi/vec4 0, 0, 1;
    %load/vec4 v0x61d6fb03be50_0;
    %parti/s 16, 0, 2;
    %pushi/vec4 36866, 0, 16;
    %cmp/e;
    %flag_get/vec4 4;
    %and;
    %or;
    %assign/vec4 v0x61d6fb03e240_0, 0;
    %load/vec4 v0x61d6fb03be50_0;
    %parti/s 7, 0, 2;
    %pushi/vec4 15, 0, 7;
    %cmp/e;
    %flag_get/vec4 4;
    %load/vec4 v0x61d6fb03be50_0;
    %parti/s 3, 12, 5;
    %nor/r;
    %and;
    %assign/vec4 v0x61d6fb03e300_0, 0;
    %load/vec4 v0x61d6fb03be50_0;
    %parti/s 7, 0, 2;
    %pushi/vec4 11, 0, 7;
    %cmp/e;
    %flag_get/vec4 4;
    %load/vec4 v0x61d6fb03be50_0;
    %parti/s 7, 25, 6;
    %pushi/vec4 0, 0, 7;
    %cmp/e;
    %flag_get/vec4 4;
    %and;
    %pushi/vec4 0, 0, 1;
    %and;
    %pushi/vec4 1, 0, 1;
    %and;
    %assign/vec4 v0x61d6fb03e3c0_0, 0;
    %load/vec4 v0x61d6fb03be50_0;
    %parti/s 7, 0, 2;
    %pushi/vec4 11, 0, 7;
    %cmp/e;
    %flag_get/vec4 4;
    %load/vec4 v0x61d6fb03be50_0;
    %parti/s 7, 25, 6;
    %pushi/vec4 1, 0, 7;
    %cmp/e;
    %flag_get/vec4 4;
    %and;
    %pushi/vec4 0, 0, 1;
    %and;
    %pushi/vec4 1, 0, 1;
    %and;
    %assign/vec4 v0x61d6fb03f140_0, 0;
    %load/vec4 v0x61d6fb03be50_0;
    %parti/s 7, 0, 2;
    %pushi/vec4 11, 0, 7;
    %cmp/e;
    %flag_get/vec4 4;
    %load/vec4 v0x61d6fb03be50_0;
    %parti/s 7, 25, 6;
    %pushi/vec4 3, 0, 7;
    %cmp/e;
    %flag_get/vec4 4;
    %and;
    %pushi/vec4 0, 0, 1;
    %and;
    %assign/vec4 v0x61d6fb03ea80_0, 0;
    %load/vec4 v0x61d6fb03be50_0;
    %parti/s 7, 0, 2;
    %pushi/vec4 11, 0, 7;
    %cmp/e;
    %flag_get/vec4 4;
    %load/vec4 v0x61d6fb03be50_0;
    %parti/s 7, 25, 6;
    %pushi/vec4 5, 0, 7;
    %cmp/e;
    %flag_get/vec4 4;
    %and;
    %pushi/vec4 0, 0, 1;
    %and;
    %pushi/vec4 1, 0, 1;
    %and;
    %assign/vec4 v0x61d6fb03fbc0_0, 0;
    %load/vec4 v0x61d6fb040480_0;
    %load/vec4 v0x61d6fb03be50_0;
    %parti/s 3, 12, 5;
    %pushi/vec4 1, 0, 3;
    %cmp/e;
    %flag_get/vec4 4;
    %load/vec4 v0x61d6fb03be50_0;
    %parti/s 7, 25, 6;
    %pushi/vec4 0, 0, 7;
    %cmp/e;
    %flag_get/vec4 4;
    %and;
    %load/vec4 v0x61d6fb03be50_0;
    %parti/s 3, 12, 5;
    %pushi/vec4 5, 0, 3;
    %cmp/e;
    %flag_get/vec4 4;
    %load/vec4 v0x61d6fb03be50_0;
    %parti/s 7, 25, 6;
    %pushi/vec4 0, 0, 7;
    %cmp/e;
    %flag_get/vec4 4;
    %and;
    %concat/vec4; draw_concat_vec4
    %load/vec4 v0x61d6fb03be50_0;
    %parti/s 3, 12, 5;
    %pushi/vec4 5, 0, 3;
    %cmp/e;
    %flag_get/vec4 4;
    %load/vec4 v0x61d6fb03be50_0;
    %parti/s 7, 25, 6;
    %pushi/vec4 32, 0, 7;
    %cmp/e;
    %flag_get/vec4 4;
    %and;
    %concat/vec4; draw_concat_vec4
    %or/r;
    %and;
    %assign/vec4 v0x61d6fb040d80_0, 0;
    %load/vec4 v0x61d6fb03e540_0;
    %load/vec4 v0x61d6fb040480_0;
    %load/vec4 v0x61d6fb03be50_0;
    %parti/s 3, 12, 5;
    %pushi/vec4 0, 0, 3;
    %cmp/e;
    %flag_get/vec4 4;
    %load/vec4 v0x61d6fb03be50_0;
    %parti/s 3, 12, 5;
    %pushi/vec4 2, 0, 3;
    %cmp/e;
    %flag_get/vec4 4;
    %concat/vec4; draw_concat_vec4
    %load/vec4 v0x61d6fb03be50_0;
    %parti/s 3, 12, 5;
    %pushi/vec4 3, 0, 3;
    %cmp/e;
    %flag_get/vec4 4;
    %concat/vec4; draw_concat_vec4
    %load/vec4 v0x61d6fb03be50_0;
    %parti/s 3, 12, 5;
    %pushi/vec4 4, 0, 3;
    %cmp/e;
    %flag_get/vec4 4;
    %concat/vec4; draw_concat_vec4
    %load/vec4 v0x61d6fb03be50_0;
    %parti/s 3, 12, 5;
    %pushi/vec4 6, 0, 3;
    %cmp/e;
    %flag_get/vec4 4;
    %concat/vec4; draw_concat_vec4
    %load/vec4 v0x61d6fb03be50_0;
    %parti/s 3, 12, 5;
    %pushi/vec4 7, 0, 3;
    %cmp/e;
    %flag_get/vec4 4;
    %concat/vec4; draw_concat_vec4
    %or/r;
    %and;
    %or;
    %assign/vec4 v0x61d6fb040780_0, 0;
    %load/vec4 v0x61d6fb040540_0;
    %load/vec4 v0x61d6fb03be50_0;
    %parti/s 3, 12, 5;
    %pushi/vec4 1, 0, 3;
    %cmp/e;
    %flag_get/vec4 4;
    %load/vec4 v0x61d6fb03be50_0;
    %parti/s 7, 25, 6;
    %pushi/vec4 0, 0, 7;
    %cmp/e;
    %flag_get/vec4 4;
    %and;
    %load/vec4 v0x61d6fb03be50_0;
    %parti/s 3, 12, 5;
    %pushi/vec4 5, 0, 3;
    %cmp/e;
    %flag_get/vec4 4;
    %load/vec4 v0x61d6fb03be50_0;
    %parti/s 7, 25, 6;
    %pushi/vec4 0, 0, 7;
    %cmp/e;
    %flag_get/vec4 4;
    %and;
    %concat/vec4; draw_concat_vec4
    %load/vec4 v0x61d6fb03be50_0;
    %parti/s 3, 12, 5;
    %pushi/vec4 5, 0, 3;
    %cmp/e;
    %flag_get/vec4 4;
    %load/vec4 v0x61d6fb03be50_0;
    %parti/s 7, 25, 6;
    %pushi/vec4 32, 0, 7;
    %cmp/e;
    %flag_get/vec4 4;
    %and;
    %concat/vec4; draw_concat_vec4
    %or/r;
    %and;
    %assign/vec4 v0x61d6fb040cc0_0, 0;
    %pushi/vec4 0, 0, 1;
    %assign/vec4 v0x61d6fb040a80_0, 0;
    %pushi/vec4 0, 0, 1;
    %assign/vec4 v0x61d6fb0406c0_0, 0;
    %pushi/vec4 1, 0, 1;
    %dup/vec4;
    %load/vec4 v0x61d6fb03e480_0;
    %cmp/u;
    %jmp/1 T_57.54, 6;
    %dup/vec4;
    %load/vec4 v0x61d6fb03e900_0;
    %load/vec4 v0x61d6fb03dd00_0;
    %concat/vec4; draw_concat_vec4
    %or/r;
    %cmp/u;
    %jmp/1 T_57.55, 6;
    %dup/vec4;
    %load/vec4 v0x61d6fb03e540_0;
    %load/vec4 v0x61d6fb040840_0;
    %concat/vec4; draw_concat_vec4
    %load/vec4 v0x61d6fb040480_0;
    %concat/vec4; draw_concat_vec4
    %or/r;
    %cmp/u;
    %jmp/1 T_57.56, 6;
    %dup/vec4;
    %load/vec4 v0x61d6fb040600_0;
    %cmp/u;
    %jmp/1 T_57.57, 6;
    %dup/vec4;
    %load/vec4 v0x61d6fb040c00_0;
    %cmp/u;
    %jmp/1 T_57.58, 6;
    %pushi/vec4 1, 1, 32;
    %assign/vec4 v0x61d6fb03d020_0, 0;
    %jmp T_57.60;
T_57.54 ;
    %load/vec4 v0x61d6fb03d100_0;
    %assign/vec4 v0x61d6fb03d020_0, 0;
    %jmp T_57.60;
T_57.55 ;
    %load/vec4 v0x61d6fb03be50_0;
    %parti/s 20, 12, 5;
    %pad/u 32;
    %ix/load 4, 12, 0;
    %flag_set/imm 4, 0;
    %shiftl 4;
    %assign/vec4 v0x61d6fb03d020_0, 0;
    %jmp T_57.60;
T_57.56 ;
    %load/vec4 v0x61d6fb03be50_0;
    %parti/s 12, 20, 6;
    %pad/s 32;
    %assign/vec4 v0x61d6fb03d020_0, 0;
    %jmp T_57.60;
T_57.57 ;
    %load/vec4 v0x61d6fb03be50_0;
    %parti/s 1, 31, 6;
    %load/vec4 v0x61d6fb03be50_0;
    %parti/s 1, 7, 4;
    %concat/vec4; draw_concat_vec4
    %load/vec4 v0x61d6fb03be50_0;
    %parti/s 6, 25, 6;
    %concat/vec4; draw_concat_vec4
    %load/vec4 v0x61d6fb03be50_0;
    %parti/s 4, 8, 5;
    %concat/vec4; draw_concat_vec4
    %concati/vec4 0, 0, 1;
    %pad/s 32;
    %assign/vec4 v0x61d6fb03d020_0, 0;
    %jmp T_57.60;
T_57.58 ;
    %load/vec4 v0x61d6fb03be50_0;
    %parti/s 7, 25, 6;
    %load/vec4 v0x61d6fb03be50_0;
    %parti/s 5, 7, 4;
    %concat/vec4; draw_concat_vec4
    %pad/s 32;
    %assign/vec4 v0x61d6fb03d020_0, 0;
    %jmp T_57.60;
T_57.60 ;
    %pop/vec4 1;
T_57.52 ;
    %load/vec4 v0x61d6fb045890_0;
    %nor/r;
    %flag_set/vec4 8;
    %jmp/0xz  T_57.61, 8;
    %pushi/vec4 0, 0, 1;
    %assign/vec4 v0x61d6fb040600_0, 0;
    %pushi/vec4 0, 0, 1;
    %assign/vec4 v0x61d6fb0406c0_0, 0;
    %pushi/vec4 0, 0, 1;
    %assign/vec4 v0x61d6fb03ddc0_0, 0;
    %pushi/vec4 0, 0, 1;
    %assign/vec4 v0x61d6fb03e180_0, 0;
    %pushi/vec4 0, 0, 1;
    %assign/vec4 v0x61d6fb03e000_0, 0;
    %pushi/vec4 0, 0, 1;
    %assign/vec4 v0x61d6fb03de80_0, 0;
    %pushi/vec4 0, 0, 1;
    %assign/vec4 v0x61d6fb03e0c0_0, 0;
    %pushi/vec4 0, 0, 1;
    %assign/vec4 v0x61d6fb03df40_0, 0;
    %pushi/vec4 0, 0, 1;
    %assign/vec4 v0x61d6fb03dac0_0, 0;
    %pushi/vec4 0, 0, 1;
    %assign/vec4 v0x61d6fb03f500_0, 0;
    %pushi/vec4 0, 0, 1;
    %assign/vec4 v0x61d6fb03f5c0_0, 0;
    %pushi/vec4 0, 0, 1;
    %assign/vec4 v0x61d6fb03fec0_0, 0;
    %pushi/vec4 0, 0, 1;
    %assign/vec4 v0x61d6fb03ec00_0, 0;
    %pushi/vec4 0, 0, 1;
    %assign/vec4 v0x61d6fb03dc40_0, 0;
    %pushi/vec4 0, 0, 1;
    %assign/vec4 v0x61d6fb03da00_0, 0;
    %pushi/vec4 0, 0, 1;
    %assign/vec4 v0x61d6fb03fa40_0, 0;
    %pushi/vec4 0, 0, 1;
    %assign/vec4 v0x61d6fb03f2c0_0, 0;
    %pushi/vec4 0, 0, 1;
    %assign/vec4 v0x61d6fb03f440_0, 0;
    %pushi/vec4 0, 0, 1;
    %assign/vec4 v0x61d6fb03f680_0, 0;
    %pushi/vec4 0, 0, 1;
    %assign/vec4 v0x61d6fb03fe00_0, 0;
    %pushi/vec4 0, 0, 1;
    %assign/vec4 v0x61d6fb03f8c0_0, 0;
    %pushi/vec4 0, 0, 1;
    %assign/vec4 v0x61d6fb03f740_0, 0;
    %pushi/vec4 0, 0, 1;
    %assign/vec4 v0x61d6fb03eb40_0, 0;
    %pushi/vec4 0, 0, 1;
    %assign/vec4 v0x61d6fb03db80_0, 0;
    %pushi/vec4 0, 0, 1;
    %assign/vec4 v0x61d6fb03e300_0, 0;
T_57.61 ;
    %jmp T_57;
    .thread T_57;
    .scope S_0x61d6fb031560;
T_58 ;
    %wait E_0x61d6fb033f00;
    %pushi/vec4 0, 0, 32; draw_string_vec4
    %pushi/vec4 0, 0, 32; draw_string_vec4
    %concat/vec4; draw_string_vec4
    %pushi/vec4 0, 0, 32; draw_string_vec4
    %concat/vec4; draw_string_vec4
    %pushi/vec4 0, 0, 32; draw_string_vec4
    %concat/vec4; draw_string_vec4
    %store/vec4 v0x61d6fb03b770_0, 0, 128;
    %load/vec4 v0x61d6fb03acb0_0;
    %cmpi/e 128, 0, 8;
    %jmp/0xz  T_58.0, 4;
    %pushi/vec4 0, 0, 32; draw_string_vec4
    %pushi/vec4 0, 0, 32; draw_string_vec4
    %concat/vec4; draw_string_vec4
    %pushi/vec4 0, 0, 32; draw_string_vec4
    %concat/vec4; draw_string_vec4
    %pushi/vec4 1953653104, 0, 32; draw_string_vec4
    %concat/vec4; draw_string_vec4
    %store/vec4 v0x61d6fb03b770_0, 0, 128;
T_58.0 ;
    %load/vec4 v0x61d6fb03acb0_0;
    %cmpi/e 64, 0, 8;
    %jmp/0xz  T_58.2, 4;
    %pushi/vec4 0, 0, 32; draw_string_vec4
    %pushi/vec4 0, 0, 32; draw_string_vec4
    %concat/vec4; draw_string_vec4
    %pushi/vec4 102, 0, 32; draw_string_vec4
    %concat/vec4; draw_string_vec4
    %pushi/vec4 1702126440, 0, 32; draw_string_vec4
    %concat/vec4; draw_string_vec4
    %store/vec4 v0x61d6fb03b770_0, 0, 128;
T_58.2 ;
    %load/vec4 v0x61d6fb03acb0_0;
    %cmpi/e 32, 0, 8;
    %jmp/0xz  T_58.4, 4;
    %pushi/vec4 0, 0, 32; draw_string_vec4
    %pushi/vec4 0, 0, 32; draw_string_vec4
    %concat/vec4; draw_string_vec4
    %pushi/vec4 27748, 0, 32; draw_string_vec4
    %concat/vec4; draw_string_vec4
    %pushi/vec4 1601336113, 0, 32; draw_string_vec4
    %concat/vec4; draw_string_vec4
    %store/vec4 v0x61d6fb03b770_0, 0, 128;
T_58.4 ;
    %load/vec4 v0x61d6fb03acb0_0;
    %cmpi/e 16, 0, 8;
    %jmp/0xz  T_58.6, 4;
    %pushi/vec4 0, 0, 32; draw_string_vec4
    %pushi/vec4 0, 0, 32; draw_string_vec4
    %concat/vec4; draw_string_vec4
    %pushi/vec4 27748, 0, 32; draw_string_vec4
    %concat/vec4; draw_string_vec4
    %pushi/vec4 1601336114, 0, 32; draw_string_vec4
    %concat/vec4; draw_string_vec4
    %store/vec4 v0x61d6fb03b770_0, 0, 128;
T_58.6 ;
    %load/vec4 v0x61d6fb03acb0_0;
    %cmpi/e 8, 0, 8;
    %jmp/0xz  T_58.8, 4;
    %pushi/vec4 0, 0, 32; draw_string_vec4
    %pushi/vec4 0, 0, 32; draw_string_vec4
    %concat/vec4; draw_string_vec4
    %pushi/vec4 0, 0, 32; draw_string_vec4
    %concat/vec4; draw_string_vec4
    %pushi/vec4 1702389091, 0, 32; draw_string_vec4
    %concat/vec4; draw_string_vec4
    %store/vec4 v0x61d6fb03b770_0, 0, 128;
T_58.8 ;
    %load/vec4 v0x61d6fb03acb0_0;
    %cmpi/e 4, 0, 8;
    %jmp/0xz  T_58.10, 4;
    %pushi/vec4 0, 0, 32; draw_string_vec4
    %pushi/vec4 0, 0, 32; draw_string_vec4
    %concat/vec4; draw_string_vec4
    %pushi/vec4 115, 0, 32; draw_string_vec4
    %concat/vec4; draw_string_vec4
    %pushi/vec4 1751737972, 0, 32; draw_string_vec4
    %concat/vec4; draw_string_vec4
    %store/vec4 v0x61d6fb03b770_0, 0, 128;
T_58.10 ;
    %load/vec4 v0x61d6fb03acb0_0;
    %cmpi/e 2, 0, 8;
    %jmp/0xz  T_58.12, 4;
    %pushi/vec4 0, 0, 32; draw_string_vec4
    %pushi/vec4 0, 0, 32; draw_string_vec4
    %concat/vec4; draw_string_vec4
    %pushi/vec4 115, 0, 32; draw_string_vec4
    %concat/vec4; draw_string_vec4
    %pushi/vec4 1953326445, 0, 32; draw_string_vec4
    %concat/vec4; draw_string_vec4
    %store/vec4 v0x61d6fb03b770_0, 0, 128;
T_58.12 ;
    %load/vec4 v0x61d6fb03acb0_0;
    %cmpi/e 1, 0, 8;
    %jmp/0xz  T_58.14, 4;
    %pushi/vec4 0, 0, 32; draw_string_vec4
    %pushi/vec4 0, 0, 32; draw_string_vec4
    %concat/vec4; draw_string_vec4
    %pushi/vec4 108, 0, 32; draw_string_vec4
    %concat/vec4; draw_string_vec4
    %pushi/vec4 1684890989, 0, 32; draw_string_vec4
    %concat/vec4; draw_string_vec4
    %store/vec4 v0x61d6fb03b770_0, 0, 128;
T_58.14 ;
    %jmp T_58;
    .thread T_58, $push;
    .scope S_0x61d6fb031560;
T_59 ;
    %wait E_0x61d6fb033dd0;
    %pushi/vec4 1, 1, 1;
    %store/vec4 v0x61d6fb039d10_0, 0, 1;
    %pushi/vec4 1, 0, 1;
    %dup/vec4;
    %load/vec4 v0x61d6fb03ddc0_0;
    %cmp/u;
    %jmp/1 T_59.0, 6;
    %dup/vec4;
    %load/vec4 v0x61d6fb03e180_0;
    %cmp/u;
    %jmp/1 T_59.1, 6;
    %dup/vec4;
    %load/vec4 v0x61d6fb03de80_0;
    %cmp/u;
    %jmp/1 T_59.2, 6;
    %dup/vec4;
    %load/vec4 v0x61d6fb03df40_0;
    %cmp/u;
    %jmp/1 T_59.3, 6;
    %dup/vec4;
    %load/vec4 v0x61d6fb040e40_0;
    %pushi/vec4 1, 0, 1;
    %load/vec4 v0x61d6fb03ddc0_0;
    %load/vec4 v0x61d6fb03e180_0;
    %concat/vec4; draw_concat_vec4
    %load/vec4 v0x61d6fb03de80_0;
    %concat/vec4; draw_concat_vec4
    %load/vec4 v0x61d6fb03df40_0;
    %concat/vec4; draw_concat_vec4
    %nor/r;
    %or;
    %and;
    %cmp/u;
    %jmp/1 T_59.4, 6;
    %dup/vec4;
    %load/vec4 v0x61d6fb040f00_0;
    %pushi/vec4 1, 0, 1;
    %load/vec4 v0x61d6fb03ddc0_0;
    %load/vec4 v0x61d6fb03e180_0;
    %concat/vec4; draw_concat_vec4
    %load/vec4 v0x61d6fb03de80_0;
    %concat/vec4; draw_concat_vec4
    %load/vec4 v0x61d6fb03df40_0;
    %concat/vec4; draw_concat_vec4
    %nor/r;
    %or;
    %and;
    %cmp/u;
    %jmp/1 T_59.5, 6;
    %jmp T_59.6;
T_59.0 ;
    %load/vec4 v0x61d6fb0399f0_0;
    %store/vec4 v0x61d6fb039d10_0, 0, 1;
    %jmp T_59.6;
T_59.1 ;
    %load/vec4 v0x61d6fb0399f0_0;
    %nor/r;
    %store/vec4 v0x61d6fb039d10_0, 0, 1;
    %jmp T_59.6;
T_59.2 ;
    %load/vec4 v0x61d6fb039ab0_0;
    %nor/r;
    %store/vec4 v0x61d6fb039d10_0, 0, 1;
    %jmp T_59.6;
T_59.3 ;
    %load/vec4 v0x61d6fb039b70_0;
    %nor/r;
    %store/vec4 v0x61d6fb039d10_0, 0, 1;
    %jmp T_59.6;
T_59.4 ;
    %load/vec4 v0x61d6fb039ab0_0;
    %store/vec4 v0x61d6fb039d10_0, 0, 1;
    %jmp T_59.6;
T_59.5 ;
    %load/vec4 v0x61d6fb039b70_0;
    %store/vec4 v0x61d6fb039d10_0, 0, 1;
    %jmp T_59.6;
T_59.6 ;
    %pop/vec4 1;
    %pushi/vec4 4294967295, 4294967295, 32;
    %store/vec4 v0x61d6fb039c30_0, 0, 32;
    %pushi/vec4 1, 0, 1;
    %dup/vec4;
    %load/vec4 v0x61d6fb040a80_0;
    %cmp/u;
    %jmp/1 T_59.7, 6;
    %dup/vec4;
    %load/vec4 v0x61d6fb0406c0_0;
    %cmp/u;
    %jmp/1 T_59.8, 6;
    %dup/vec4;
    %load/vec4 v0x61d6fb03fec0_0;
    %load/vec4 v0x61d6fb03fe00_0;
    %or;
    %cmp/u;
    %jmp/1 T_59.9, 6;
    %dup/vec4;
    %load/vec4 v0x61d6fb03ec00_0;
    %load/vec4 v0x61d6fb03eb40_0;
    %or;
    %cmp/u;
    %jmp/1 T_59.10, 6;
    %dup/vec4;
    %load/vec4 v0x61d6fb03dc40_0;
    %load/vec4 v0x61d6fb03db80_0;
    %or;
    %cmp/u;
    %jmp/1 T_59.11, 6;
    %dup/vec4;
    %pushi/vec4 1, 0, 1;
    %load/vec4 v0x61d6fb03f2c0_0;
    %load/vec4 v0x61d6fb03f380_0;
    %or;
    %and;
    %cmp/u;
    %jmp/1 T_59.12, 6;
    %dup/vec4;
    %pushi/vec4 1, 0, 1;
    %load/vec4 v0x61d6fb03f8c0_0;
    %load/vec4 v0x61d6fb03f980_0;
    %or;
    %load/vec4 v0x61d6fb03f740_0;
    %or;
    %load/vec4 v0x61d6fb03f800_0;
    %or;
    %and;
    %cmp/u;
    %jmp/1 T_59.13, 6;
    %jmp T_59.14;
T_59.7 ;
    %load/vec4 v0x61d6fb039910_0;
    %store/vec4 v0x61d6fb039c30_0, 0, 32;
    %jmp T_59.14;
T_59.8 ;
    %load/vec4 v0x61d6fb039d10_0;
    %pad/u 32;
    %store/vec4 v0x61d6fb039c30_0, 0, 32;
    %jmp T_59.14;
T_59.9 ;
    %load/vec4 v0x61d6fb045430_0;
    %load/vec4 v0x61d6fb045510_0;
    %xor;
    %store/vec4 v0x61d6fb039c30_0, 0, 32;
    %jmp T_59.14;
T_59.10 ;
    %load/vec4 v0x61d6fb045430_0;
    %load/vec4 v0x61d6fb045510_0;
    %or;
    %store/vec4 v0x61d6fb039c30_0, 0, 32;
    %jmp T_59.14;
T_59.11 ;
    %load/vec4 v0x61d6fb045430_0;
    %load/vec4 v0x61d6fb045510_0;
    %and;
    %store/vec4 v0x61d6fb039c30_0, 0, 32;
    %jmp T_59.14;
T_59.12 ;
    %load/vec4 v0x61d6fb039f70_0;
    %store/vec4 v0x61d6fb039c30_0, 0, 32;
    %jmp T_59.14;
T_59.13 ;
    %load/vec4 v0x61d6fb03a050_0;
    %store/vec4 v0x61d6fb039c30_0, 0, 32;
    %jmp T_59.14;
T_59.14 ;
    %pop/vec4 1;
    %jmp T_59;
    .thread T_59, $push;
    .scope S_0x61d6fb031560;
T_60 ;
    %wait E_0x61d6fb033aa0;
    %load/vec4 v0x61d6fb03a7f0_0;
    %assign/vec4 v0x61d6fb03a8b0_0, 0;
    %jmp T_60;
    .thread T_60;
    .scope S_0x61d6fb031560;
T_61 ;
    %wait E_0x61d6fb033d30;
    %load/vec4 v0x61d6fb03a8b0_0;
    %store/vec4 v0x61d6fb03a7f0_0, 0, 1;
    %load/vec4 v0x61d6fb044d50_0;
    %nor/r;
    %flag_set/vec4 8;
    %jmp/0xz  T_61.0, 8;
    %pushi/vec4 0, 0, 1;
    %store/vec4 v0x61d6fb03a7f0_0, 0, 1;
T_61.0 ;
    %load/vec4 v0x61d6fb041080_0;
    %flag_set/vec4 8;
    %load/vec4 v0x61d6fb0403a0_0;
    %cmpi/ne 0, 0, 2;
    %flag_or 4, 8;
    %flag_mov 8, 4;
    %load/vec4 v0x61d6fb045890_0;
    %nor/r;
    %flag_set/vec4 9;
    %flag_or 9, 8;
    %jmp/0xz  T_61.2, 9;
    %pushi/vec4 0, 0, 1;
    %store/vec4 v0x61d6fb03a7f0_0, 0, 1;
T_61.2 ;
    %jmp T_61;
    .thread T_61, $push;
    .scope S_0x61d6fb031560;
T_62 ;
    %wait E_0x61d6fb033c80;
    %pushi/vec4 0, 0, 1;
    %store/vec4 v0x61d6fb03b4f0_0, 0, 1;
    %pushi/vec4 4294967295, 4294967295, 32;
    %store/vec4 v0x61d6fb03b410_0, 0, 32;
    %load/vec4 v0x61d6fb03acb0_0;
    %cmpi/e 64, 0, 8;
    %jmp/0xz  T_62.0, 4;
    %pushi/vec4 1, 0, 1;
    %dup/vec4;
    %load/vec4 v0x61d6fb041080_0;
    %cmp/u;
    %jmp/1 T_62.2, 6;
    %dup/vec4;
    %load/vec4 v0x61d6fb0415e0_0;
    %load/vec4 v0x61d6fb041080_0;
    %nor/r;
    %and;
    %cmp/u;
    %jmp/1 T_62.3, 6;
    %dup/vec4;
    %pushi/vec4 0, 0, 1;
    %load/vec4 v0x61d6fb0403a0_0;
    %parti/s 1, 0, 2;
    %and;
    %cmp/u;
    %jmp/1 T_62.4, 6;
    %dup/vec4;
    %pushi/vec4 0, 0, 1;
    %load/vec4 v0x61d6fb0403a0_0;
    %parti/s 1, 1, 2;
    %and;
    %cmp/u;
    %jmp/1 T_62.5, 6;
    %jmp T_62.6;
T_62.2 ;
    %load/vec4 v0x61d6fb0456d0_0;
    %load/vec4 v0x61d6fb041140_0;
    %flag_set/vec4 8;
    %jmp/0 T_62.7, 8;
    %pushi/vec4 2, 0, 32;
    %jmp/1 T_62.8, 8;
T_62.7 ; End of true expr.
    %pushi/vec4 4, 0, 32;
    %jmp/0 T_62.8, 8;
 ; End of false expr.
    %blend;
T_62.8;
    %add;
    %store/vec4 v0x61d6fb03b410_0, 0, 32;
    %pushi/vec4 1, 0, 1;
    %store/vec4 v0x61d6fb03b4f0_0, 0, 1;
    %jmp T_62.6;
T_62.3 ;
    %load/vec4 v0x61d6fb041520_0;
    %flag_set/vec4 8;
    %jmp/0 T_62.9, 8;
    %load/vec4 v0x61d6fb039e90_0;
    %jmp/1 T_62.10, 8;
T_62.9 ; End of true expr.
    %load/vec4 v0x61d6fb0455f0_0;
    %jmp/0 T_62.10, 8;
 ; End of false expr.
    %blend;
T_62.10;
    %store/vec4 v0x61d6fb03b410_0, 0, 32;
    %pushi/vec4 1, 0, 1;
    %store/vec4 v0x61d6fb03b4f0_0, 0, 1;
    %jmp T_62.6;
T_62.4 ;
    %load/vec4 v0x61d6fb045350_0;
    %load/vec4 v0x61d6fb041140_0;
    %pad/u 32;
    %or;
    %store/vec4 v0x61d6fb03b410_0, 0, 32;
    %pushi/vec4 1, 0, 1;
    %store/vec4 v0x61d6fb03b4f0_0, 0, 1;
    %jmp T_62.6;
T_62.5 ;
    %load/vec4 v0x61d6fb0402c0_0;
    %load/vec4 v0x61d6fb0401e0_0;
    %inv;
    %and;
    %store/vec4 v0x61d6fb03b410_0, 0, 32;
    %pushi/vec4 1, 0, 1;
    %store/vec4 v0x61d6fb03b4f0_0, 0, 1;
    %jmp T_62.6;
T_62.6 ;
    %pop/vec4 1;
T_62.0 ;
    %jmp T_62;
    .thread T_62, $push;
    .scope S_0x61d6fb031560;
T_63 ;
    %wait E_0x61d6fb033aa0;
    %load/vec4 v0x61d6fb045890_0;
    %load/vec4 v0x61d6fb03b4f0_0;
    %and;
    %load/vec4 v0x61d6fb041440_0;
    %pushi/vec4 0, 0, 5;
    %cmp/ne;
    %flag_get/vec4 4;
    %and;
    %flag_set/vec4 8;
    %jmp/0xz  T_63.0, 8;
    %load/vec4 v0x61d6fb03b410_0;
    %load/vec4 v0x61d6fb041440_0;
    %pad/u 7;
    %ix/vec4 3;
    %ix/load 4, 0, 0; Constant delay
    %assign/vec4/a/d v0x61d6fb03ad90, 0, 4;
T_63.0 ;
    %jmp T_63;
    .thread T_63;
    .scope S_0x61d6fb031560;
T_64 ;
    %wait E_0x61d6fb033b20;
    %pushi/vec4 31, 31, 5;
    %store/vec4 v0x61d6fb03d2c0_0, 0, 5;
    %load/vec4 v0x61d6fb03d3a0_0;
    %cmpi/ne 0, 0, 5;
    %flag_mov 8, 4;
    %jmp/0 T_64.0, 8;
    %load/vec4 v0x61d6fb03d3a0_0;
    %pad/u 7;
    %ix/vec4 4;
    %load/vec4a v0x61d6fb03ad90, 4;
    %jmp/1 T_64.1, 8;
T_64.0 ; End of true expr.
    %pushi/vec4 0, 0, 32;
    %jmp/0 T_64.1, 8;
 ; End of false expr.
    %blend;
T_64.1;
    %store/vec4 v0x61d6fb03b250_0, 0, 32;
    %load/vec4 v0x61d6fb03d480_0;
    %cmpi/ne 0, 0, 5;
    %flag_mov 8, 4;
    %jmp/0 T_64.2, 8;
    %load/vec4 v0x61d6fb03d480_0;
    %pad/u 7;
    %ix/vec4 4;
    %load/vec4a v0x61d6fb03ad90, 4;
    %jmp/1 T_64.3, 8;
T_64.2 ; End of true expr.
    %pushi/vec4 0, 0, 32;
    %jmp/0 T_64.3, 8;
 ; End of false expr.
    %blend;
T_64.3;
    %store/vec4 v0x61d6fb03b330_0, 0, 32;
    %jmp T_64;
    .thread T_64, $push;
    .scope S_0x61d6fb031560;
T_65 ;
    %wait E_0x61d6fb033aa0;
    %pushi/vec4 0, 0, 1;
    %assign/vec4 v0x61d6fb045e10_0, 0;
    %pushi/vec4 31, 31, 5;
    %assign/vec4 v0x61d6fb0457b0_0, 0;
    %pushi/vec4 4294967295, 4294967295, 32;
    %assign/vec4 v0x61d6fb0455f0_0, 0;
    %pushi/vec4 0, 0, 1;
    %store/vec4 v0x61d6fb045a10_0, 0, 1;
    %pushi/vec4 0, 0, 1;
    %store/vec4 v0x61d6fb045950_0, 0, 1;
    %pushi/vec4 0, 0, 1;
    %store/vec4 v0x61d6fb045ad0_0, 0, 1;
    %load/vec4 v0x61d6fb039d10_0;
    %assign/vec4 v0x61d6fb039dd0_0, 0;
    %load/vec4 v0x61d6fb039c30_0;
    %assign/vec4 v0x61d6fb039e90_0, 0;
    %pushi/vec4 0, 0, 1;
    %assign/vec4 v0x61d6fb03a130_0, 0;
    %pushi/vec4 0, 0, 1;
    %assign/vec4 v0x61d6fb03a1f0_0, 0;
    %load/vec4 v0x61d6fb041760_0;
    %flag_set/vec4 8;
    %jmp/0xz  T_65.0, 8;
    %pushi/vec4 4294967295, 4294967295, 32;
    %assign/vec4 v0x61d6fb03cc20_0, 0;
    %pushi/vec4 4294967295, 4294967295, 32;
    %assign/vec4 v0x61d6fb03cdc0_0, 0;
    %pushi/vec4 0, 0, 1;
    %assign/vec4 v0x61d6fb03cd00_0, 0;
    %pushi/vec4 0, 0, 1;
    %assign/vec4 v0x61d6fb03cea0_0, 0;
T_65.0 ;
    %load/vec4 v0x61d6fb045890_0;
    %flag_set/vec4 8;
    %jmp/0 T_65.2, 8;
    %load/vec4 v0x61d6fb03aaf0_0;
    %addi 1, 0, 64;
    %jmp/1 T_65.3, 8;
T_65.2 ; End of true expr.
    %pushi/vec4 0, 0, 64;
    %jmp/0 T_65.3, 8;
 ; End of false expr.
    %blend;
T_65.3;
    %assign/vec4 v0x61d6fb03aaf0_0, 0;
    %pushi/vec4 4294967295, 4294967295, 32;
    %store/vec4 v0x61d6fb043af0_0, 0, 32;
    %pushi/vec4 0, 0, 1;
    %load/vec4 v0x61d6fb045b90_0;
    %pushi/vec4 0, 0, 32;
    %cmp/ne;
    %flag_get/vec4 4;
    %and;
    %flag_set/vec4 8;
    %jmp/0xz  T_65.4, 8;
    %load/vec4 v0x61d6fb045b90_0;
    %subi 1, 0, 32;
    %assign/vec4 v0x61d6fb045b90_0, 0;
T_65.4 ;
    %load/vec4 v0x61d6fb041c20_0;
    %load/vec4 v0x61d6fb041da0_0;
    %and;
    %assign/vec4 v0x61d6fb03d6e0_0, 0;
    %load/vec4 v0x61d6fb03d6e0_0;
    %assign/vec4 v0x61d6fb03d7a0_0, 0;
    %pushi/vec4 0, 0, 1;
    %assign/vec4 v0x61d6fb03d560_0, 0;
    %load/vec4 v0x61d6fb03d560_0;
    %assign/vec4 v0x61d6fb03d620_0, 0;
    %pushi/vec4 0, 0, 1;
    %assign/vec4 v0x61d6fb03d860_0, 0;
    %pushi/vec4 0, 0, 1;
    %assign/vec4 v0x61d6fb045d50_0, 0;
    %pushi/vec4 4294967295, 4294967295, 32;
    %concati/vec4 15, 15, 4;
    %assign/vec4 v0x61d6fb045c70_0, 0;
    %load/vec4 v0x61d6fb045890_0;
    %nor/r;
    %flag_set/vec4 8;
    %jmp/0xz  T_65.6, 8;
    %pushi/vec4 0, 0, 32;
    %assign/vec4 v0x61d6fb0456d0_0, 0;
    %pushi/vec4 0, 0, 32;
    %assign/vec4 v0x61d6fb045350_0, 0;
    %pushi/vec4 0, 0, 64;
    %assign/vec4 v0x61d6fb03abd0_0, 0;
    %pushi/vec4 0, 0, 1;
    %assign/vec4 v0x61d6fb0415e0_0, 0;
    %pushi/vec4 0, 0, 1;
    %assign/vec4 v0x61d6fb041520_0, 0;
    %pushi/vec4 0, 0, 1;
    %assign/vec4 v0x61d6fb041080_0, 0;
    %pushi/vec4 0, 0, 1;
    %assign/vec4 v0x61d6fb0416a0_0, 0;
    %pushi/vec4 0, 0, 1;
    %assign/vec4 v0x61d6fb041380_0, 0;
    %pushi/vec4 0, 0, 1;
    %assign/vec4 v0x61d6fb0412c0_0, 0;
    %pushi/vec4 0, 0, 1;
    %assign/vec4 v0x61d6fb041200_0, 0;
    %pushi/vec4 0, 0, 1;
    %assign/vec4 v0x61d6fb044b10_0, 0;
    %pushi/vec4 0, 0, 1;
    %assign/vec4 v0x61d6fb044a50_0, 0;
    %pushi/vec4 0, 0, 1;
    %assign/vec4 v0x61d6fb040060_0, 0;
    %pushi/vec4 0, 0, 1;
    %assign/vec4 v0x61d6fb040120_0, 0;
    %pushi/vec4 4294967295, 0, 32;
    %assign/vec4 v0x61d6fb0401e0_0, 0;
    %pushi/vec4 0, 0, 32;
    %store/vec4 v0x61d6fb043af0_0, 0, 32;
    %pushi/vec4 0, 0, 2;
    %assign/vec4 v0x61d6fb0403a0_0, 0;
    %pushi/vec4 0, 0, 32;
    %assign/vec4 v0x61d6fb03d920_0, 0;
    %pushi/vec4 0, 0, 32;
    %assign/vec4 v0x61d6fb045b90_0, 0;
    %pushi/vec4 64, 0, 8;
    %assign/vec4 v0x61d6fb03acb0_0, 0;
    %jmp T_65.7;
T_65.6 ;
    %load/vec4 v0x61d6fb03acb0_0;
    %dup/vec4;
    %pushi/vec4 128, 0, 8;
    %cmp/u;
    %jmp/1 T_65.8, 6;
    %dup/vec4;
    %pushi/vec4 64, 0, 8;
    %cmp/u;
    %jmp/1 T_65.9, 6;
    %dup/vec4;
    %pushi/vec4 32, 0, 8;
    %cmp/u;
    %jmp/1 T_65.10, 6;
    %dup/vec4;
    %pushi/vec4 16, 0, 8;
    %cmp/u;
    %jmp/1 T_65.11, 6;
    %dup/vec4;
    %pushi/vec4 8, 0, 8;
    %cmp/u;
    %jmp/1 T_65.12, 6;
    %dup/vec4;
    %pushi/vec4 4, 0, 8;
    %cmp/u;
    %jmp/1 T_65.13, 6;
    %dup/vec4;
    %pushi/vec4 2, 0, 8;
    %cmp/u;
    %jmp/1 T_65.14, 6;
    %dup/vec4;
    %pushi/vec4 1, 0, 8;
    %cmp/u;
    %jmp/1 T_65.15, 6;
    %jmp T_65.16;
T_65.8 ;
    %pushi/vec4 1, 0, 1;
    %assign/vec4 v0x61d6fb045e10_0, 0;
    %jmp T_65.16;
T_65.9 ;
    %load/vec4 v0x61d6fb03d6e0_0;
    %nor/r;
    %load/vec4 v0x61d6fb03d860_0;
    %nor/r;
    %and;
    %assign/vec4 v0x61d6fb041c20_0, 0;
    %pushi/vec4 0, 0, 2;
    %assign/vec4 v0x61d6fb0436b0_0, 0;
    %load/vec4 v0x61d6fb045350_0;
    %store/vec4 v0x61d6fb03b5b0_0, 0, 32;
    %pushi/vec4 1, 0, 1;
    %dup/vec4;
    %load/vec4 v0x61d6fb041080_0;
    %cmp/u;
    %jmp/1 T_65.17, 6;
    %dup/vec4;
    %load/vec4 v0x61d6fb0415e0_0;
    %load/vec4 v0x61d6fb041080_0;
    %nor/r;
    %and;
    %cmp/u;
    %jmp/1 T_65.18, 6;
    %dup/vec4;
    %pushi/vec4 0, 0, 1;
    %load/vec4 v0x61d6fb0403a0_0;
    %parti/s 1, 0, 2;
    %and;
    %cmp/u;
    %jmp/1 T_65.19, 6;
    %dup/vec4;
    %pushi/vec4 0, 0, 1;
    %load/vec4 v0x61d6fb0403a0_0;
    %parti/s 1, 1, 2;
    %and;
    %cmp/u;
    %jmp/1 T_65.20, 6;
    %jmp T_65.21;
T_65.17 ;
    %load/vec4 v0x61d6fb0415e0_0;
    %flag_set/vec4 8;
    %jmp/0 T_65.22, 8;
    %load/vec4 v0x61d6fb041520_0;
    %flag_set/vec4 9;
    %jmp/0 T_65.24, 9;
    %load/vec4 v0x61d6fb039e90_0;
    %jmp/1 T_65.25, 9;
T_65.24 ; End of true expr.
    %load/vec4 v0x61d6fb0455f0_0;
    %jmp/0 T_65.25, 9;
 ; End of false expr.
    %blend;
T_65.25;
    %pushi/vec4 4294967294, 0, 32;
    %and;
    %jmp/1 T_65.23, 8;
T_65.22 ; End of true expr.
    %load/vec4 v0x61d6fb045350_0;
    %jmp/0 T_65.23, 8;
 ; End of false expr.
    %blend;
T_65.23;
    %store/vec4 v0x61d6fb03b5b0_0, 0, 32;
    %jmp T_65.21;
T_65.18 ;
    %jmp T_65.21;
T_65.19 ;
    %pushi/vec4 16, 0, 32;
    %store/vec4 v0x61d6fb03b5b0_0, 0, 32;
    %pushi/vec4 1, 0, 1;
    %assign/vec4 v0x61d6fb040060_0, 0;
    %pushi/vec4 1, 0, 1;
    %assign/vec4 v0x61d6fb041c20_0, 0;
    %jmp T_65.21;
T_65.20 ;
    %load/vec4 v0x61d6fb0402c0_0;
    %load/vec4 v0x61d6fb0401e0_0;
    %inv;
    %and;
    %assign/vec4 v0x61d6fb03d920_0, 0;
    %load/vec4 v0x61d6fb043af0_0;
    %load/vec4 v0x61d6fb0401e0_0;
    %and;
    %store/vec4 v0x61d6fb043af0_0, 0, 32;
    %jmp T_65.21;
T_65.21 ;
    %pop/vec4 1;
    %pushi/vec4 0, 0, 1;
    %load/vec4 v0x61d6fb0416a0_0;
    %and;
    %flag_set/vec4 8;
    %jmp/0xz  T_65.26, 8;
    %pushi/vec4 0, 0, 1;
    %assign/vec4 v0x61d6fb0416a0_0, 0;
    %pushi/vec4 1, 0, 1;
    %assign/vec4 v0x61d6fb045d50_0, 0;
    %load/vec4 v0x61d6fb041080_0;
    %flag_set/vec4 8;
    %jmp/0xz  T_65.28, 8;
    %load/vec4 v0x61d6fb040060_0;
    %flag_set/vec4 8;
    %jmp/0 T_65.30, 8;
    %pushi/vec4 2147483648, 0, 32;
    %concati/vec4 0, 0, 4;
    %jmp/1 T_65.31, 8;
T_65.30 ; End of true expr.
    %pushi/vec4 0, 0, 36;
    %jmp/0 T_65.31, 8;
 ; End of false expr.
    %blend;
T_65.31;
    %pushi/vec4 2147483648, 0, 35;
    %concati/vec4 0, 0, 1;
    %or;
    %load/vec4 v0x61d6fb03b5b0_0;
    %pad/u 36;
    %pushi/vec4 4294967294, 0, 36;
    %and;
    %or;
    %assign/vec4 v0x61d6fb045c70_0, 0;
    %jmp T_65.29;
T_65.28 ;
    %load/vec4 v0x61d6fb040060_0;
    %flag_set/vec4 8;
    %jmp/0 T_65.32, 8;
    %pushi/vec4 2147483648, 0, 32;
    %concati/vec4 0, 0, 4;
    %jmp/1 T_65.33, 8;
T_65.32 ; End of true expr.
    %pushi/vec4 0, 0, 36;
    %jmp/0 T_65.33, 8;
 ; End of false expr.
    %blend;
T_65.33;
    %load/vec4 v0x61d6fb041520_0;
    %flag_set/vec4 8;
    %jmp/0 T_65.34, 8;
    %load/vec4 v0x61d6fb039e90_0;
    %pad/u 36;
    %jmp/1 T_65.35, 8;
T_65.34 ; End of true expr.
    %load/vec4 v0x61d6fb0455f0_0;
    %pad/u 36;
    %jmp/0 T_65.35, 8;
 ; End of false expr.
    %blend;
T_65.35;
    %or;
    %assign/vec4 v0x61d6fb045c70_0, 0;
T_65.29 ;
T_65.26 ;
    %load/vec4 v0x61d6fb03b5b0_0;
    %assign/vec4 v0x61d6fb0456d0_0, 0;
    %load/vec4 v0x61d6fb03b5b0_0;
    %assign/vec4 v0x61d6fb045350_0, 0;
    %pushi/vec4 0, 0, 1;
    %assign/vec4 v0x61d6fb0415e0_0, 0;
    %pushi/vec4 0, 0, 1;
    %assign/vec4 v0x61d6fb041520_0, 0;
    %pushi/vec4 0, 0, 1;
    %assign/vec4 v0x61d6fb041080_0, 0;
    %pushi/vec4 0, 0, 1;
    %assign/vec4 v0x61d6fb041380_0, 0;
    %pushi/vec4 0, 0, 1;
    %assign/vec4 v0x61d6fb0412c0_0, 0;
    %pushi/vec4 0, 0, 1;
    %assign/vec4 v0x61d6fb041200_0, 0;
    %load/vec4 v0x61d6fb03d1e0_0;
    %assign/vec4 v0x61d6fb041440_0, 0;
    %load/vec4 v0x61d6fb03aa30_0;
    %assign/vec4 v0x61d6fb041140_0, 0;
    %pushi/vec4 0, 0, 1;
    %load/vec4 v0x61d6fb03d6e0_0;
    %load/vec4 v0x61d6fb040060_0;
    %nor/r;
    %and;
    %load/vec4 v0x61d6fb040120_0;
    %nor/r;
    %and;
    %load/vec4 v0x61d6fb0402c0_0;
    %load/vec4 v0x61d6fb0401e0_0;
    %inv;
    %and;
    %or/r;
    %and;
    %load/vec4 v0x61d6fb0403a0_0;
    %pushi/vec4 0, 0, 2;
    %cmp/ne;
    %flag_get/vec4 4;
    %or;
    %and;
    %flag_set/vec4 8;
    %jmp/0xz  T_65.36, 8;
    %load/vec4 v0x61d6fb0403a0_0;
    %cmpi/e 0, 0, 2;
    %flag_mov 8, 4;
    %jmp/0 T_65.38, 8;
    %pushi/vec4 1, 0, 2;
    %jmp/1 T_65.39, 8;
T_65.38 ; End of true expr.
    %load/vec4 v0x61d6fb0403a0_0;
    %cmpi/e 1, 0, 2;
    %flag_mov 9, 4;
    %jmp/0 T_65.40, 9;
    %pushi/vec4 2, 0, 2;
    %jmp/1 T_65.41, 9;
T_65.40 ; End of true expr.
    %pushi/vec4 0, 0, 2;
    %jmp/0 T_65.41, 9;
 ; End of false expr.
    %blend;
T_65.41;
    %jmp/0 T_65.39, 8;
 ; End of false expr.
    %blend;
T_65.39;
    %assign/vec4 v0x61d6fb0403a0_0, 0;
    %load/vec4 v0x61d6fb041140_0;
    %assign/vec4 v0x61d6fb041140_0, 0;
    %pushi/vec4 32, 0, 32;
    %load/vec4 v0x61d6fb0403a0_0;
    %parti/s 1, 0, 2;
    %pad/u 32;
    %or;
    %pad/u 5;
    %assign/vec4 v0x61d6fb041440_0, 0;
    %jmp T_65.37;
T_65.36 ;
    %pushi/vec4 0, 0, 1;
    %load/vec4 v0x61d6fb03d6e0_0;
    %load/vec4 v0x61d6fb03d860_0;
    %or;
    %and;
    %load/vec4 v0x61d6fb03fd40_0;
    %and;
    %flag_set/vec4 8;
    %jmp/0xz  T_65.42, 8;
    %load/vec4 v0x61d6fb0402c0_0;
    %cmpi/ne 0, 0, 32;
    %jmp/0xz  T_65.44, 4;
    %pushi/vec4 1, 0, 1;
    %assign/vec4 v0x61d6fb0415e0_0, 0;
    %load/vec4 v0x61d6fb0402c0_0;
    %assign/vec4 v0x61d6fb0455f0_0, 0;
    %load/vec4 v0x61d6fb03b5b0_0;
    %load/vec4 v0x61d6fb03aa30_0;
    %flag_set/vec4 8;
    %jmp/0 T_65.46, 8;
    %pushi/vec4 2, 0, 32;
    %jmp/1 T_65.47, 8;
T_65.46 ; End of true expr.
    %pushi/vec4 4, 0, 32;
    %jmp/0 T_65.47, 8;
 ; End of false expr.
    %blend;
T_65.47;
    %add;
    %assign/vec4 v0x61d6fb045350_0, 0;
    %pushi/vec4 1, 0, 1;
    %assign/vec4 v0x61d6fb041c20_0, 0;
    %jmp T_65.45;
T_65.44 ;
    %pushi/vec4 1, 0, 1;
    %assign/vec4 v0x61d6fb03d860_0, 0;
T_65.45 ;
    %jmp T_65.43;
T_65.42 ;
    %load/vec4 v0x61d6fb03d6e0_0;
    %flag_set/vec4 8;
    %jmp/0xz  T_65.48, 8;
    %load/vec4 v0x61d6fb040060_0;
    %assign/vec4 v0x61d6fb040120_0, 0;
    %load/vec4 v0x61d6fb03b5b0_0;
    %load/vec4 v0x61d6fb03aa30_0;
    %flag_set/vec4 8;
    %jmp/0 T_65.50, 8;
    %pushi/vec4 2, 0, 32;
    %jmp/1 T_65.51, 8;
T_65.50 ; End of true expr.
    %pushi/vec4 4, 0, 32;
    %jmp/0 T_65.51, 8;
 ; End of false expr.
    %blend;
T_65.51;
    %add;
    %assign/vec4 v0x61d6fb045350_0, 0;
    %load/vec4 v0x61d6fb03abd0_0;
    %addi 1, 0, 64;
    %assign/vec4 v0x61d6fb03abd0_0, 0;
    %load/vec4 v0x61d6fb03e480_0;
    %flag_set/vec4 8;
    %jmp/0xz  T_65.52, 8;
    %pushi/vec4 1, 0, 1;
    %assign/vec4 v0x61d6fb041c20_0, 0;
    %load/vec4 v0x61d6fb03b5b0_0;
    %load/vec4 v0x61d6fb03d100_0;
    %add;
    %assign/vec4 v0x61d6fb045350_0, 0;
    %pushi/vec4 1, 0, 1;
    %assign/vec4 v0x61d6fb041080_0, 0;
    %jmp T_65.53;
T_65.52 ;
    %pushi/vec4 0, 0, 1;
    %assign/vec4 v0x61d6fb041c20_0, 0;
    %load/vec4 v0x61d6fb03e540_0;
    %nor/r;
    %load/vec4 v0x61d6fb03efc0_0;
    %nor/r;
    %and;
    %assign/vec4 v0x61d6fb041aa0_0, 0;
    %pushi/vec4 32, 0, 8;
    %assign/vec4 v0x61d6fb03acb0_0, 0;
T_65.53 ;
T_65.48 ;
T_65.43 ;
T_65.37 ;
    %jmp T_65.16;
T_65.10 ;
    %pushi/vec4 4294967295, 4294967295, 32;
    %assign/vec4 v0x61d6fb045430_0, 0;
    %pushi/vec4 4294967295, 4294967295, 32;
    %assign/vec4 v0x61d6fb045510_0, 0;
    %pushi/vec4 1, 0, 1;
    %dup/vec4;
    %pushi/vec4 1, 0, 1;
    %load/vec4 v0x61d6fb03fc80_0;
    %and;
    %cmp/u;
    %jmp/1 T_65.54, 6;
    %dup/vec4;
    %pushi/vec4 1, 0, 1;
    %load/vec4 v0x61d6fb040b40_0;
    %and;
    %cmp/u;
    %jmp/1 T_65.55, 6;
    %dup/vec4;
    %load/vec4 v0x61d6fb0409c0_0;
    %cmp/u;
    %jmp/1 T_65.56, 6;
    %dup/vec4;
    %pushi/vec4 0, 0, 1;
    %load/vec4 v0x61d6fb03e3c0_0;
    %and;
    %cmp/u;
    %jmp/1 T_65.57, 6;
    %dup/vec4;
    %pushi/vec4 0, 0, 1;
    %load/vec4 v0x61d6fb03f140_0;
    %and;
    %cmp/u;
    %jmp/1 T_65.58, 6;
    %dup/vec4;
    %pushi/vec4 0, 0, 1;
    %load/vec4 v0x61d6fb03efc0_0;
    %and;
    %cmp/u;
    %jmp/1 T_65.59, 6;
    %dup/vec4;
    %pushi/vec4 0, 0, 1;
    %load/vec4 v0x61d6fb03ea80_0;
    %and;
    %cmp/u;
    %jmp/1 T_65.60, 6;
    %dup/vec4;
    %pushi/vec4 0, 0, 1;
    %load/vec4 v0x61d6fb03fbc0_0;
    %and;
    %cmp/u;
    %jmp/1 T_65.61, 6;
    %dup/vec4;
    %load/vec4 v0x61d6fb040840_0;
    %load/vec4 v0x61d6fb03fc80_0;
    %nor/r;
    %and;
    %cmp/u;
    %jmp/1 T_65.62, 6;
    %dup/vec4;
    %load/vec4 v0x61d6fb040d80_0;
    %pushi/vec4 0, 0, 1;
    %and;
    %cmp/u;
    %jmp/1 T_65.63, 6;
    %dup/vec4;
    %load/vec4 v0x61d6fb040780_0;
    %cmp/u;
    %jmp/1 T_65.64, 6;
    %dup/vec4;
    %load/vec4 v0x61d6fb040d80_0;
    %pushi/vec4 1, 0, 1;
    %and;
    %cmp/u;
    %jmp/1 T_65.65, 6;
    %load/vec4 v0x61d6fb03b250_0;
    %assign/vec4 v0x61d6fb045430_0, 0;
    %load/vec4 v0x61d6fb03b250_0;
    %assign/vec4 v0x61d6fb03cc20_0, 0;
    %pushi/vec4 1, 0, 1;
    %assign/vec4 v0x61d6fb03cd00_0, 0;
    %load/vec4 v0x61d6fb03b330_0;
    %pad/u 5;
    %assign/vec4 v0x61d6fb0457b0_0, 0;
    %load/vec4 v0x61d6fb03b330_0;
    %assign/vec4 v0x61d6fb045510_0, 0;
    %load/vec4 v0x61d6fb03b330_0;
    %assign/vec4 v0x61d6fb03cdc0_0, 0;
    %pushi/vec4 1, 0, 1;
    %assign/vec4 v0x61d6fb03cea0_0, 0;
    %pushi/vec4 1, 0, 1;
    %dup/vec4;
    %load/vec4 v0x61d6fb040c00_0;
    %cmp/u;
    %jmp/1 T_65.68, 6;
    %dup/vec4;
    %load/vec4 v0x61d6fb040cc0_0;
    %pushi/vec4 0, 0, 1;
    %and;
    %cmp/u;
    %jmp/1 T_65.69, 6;
    %pushi/vec4 0, 0, 1;
    %flag_set/vec4 8;
    %pushi/vec4 0, 0, 1;
    %load/vec4 v0x61d6fb040600_0;
    %and;
    %flag_set/vec4 9;
    %flag_or 9, 8;
    %jmp/0xz  T_65.72, 9;
    %pushi/vec4 0, 0, 1;
    %pushi/vec4 0, 0, 1;
    %load/vec4 v0x61d6fb040600_0;
    %and;
    %and;
    %assign/vec4 v0x61d6fb03a1f0_0, 0;
    %pushi/vec4 1, 0, 1;
    %assign/vec4 v0x61d6fb03a130_0, 0;
    %jmp T_65.73;
T_65.72 ;
    %load/vec4 v0x61d6fb041aa0_0;
    %assign/vec4 v0x61d6fb041c20_0, 0;
T_65.73 ;
    %pushi/vec4 8, 0, 8;
    %assign/vec4 v0x61d6fb03acb0_0, 0;
    %jmp T_65.71;
T_65.68 ;
    %pushi/vec4 2, 0, 8;
    %assign/vec4 v0x61d6fb03acb0_0, 0;
    %pushi/vec4 1, 0, 1;
    %assign/vec4 v0x61d6fb041c20_0, 0;
    %jmp T_65.71;
T_65.69 ;
    %pushi/vec4 4, 0, 8;
    %assign/vec4 v0x61d6fb03acb0_0, 0;
    %jmp T_65.71;
T_65.71 ;
    %pop/vec4 1;
    %jmp T_65.67;
T_65.54 ;
    %pushi/vec4 0, 0, 1;
    %load/vec4 v0x61d6fb0401e0_0;
    %parti/s 1, 1, 2;
    %nor/r;
    %and;
    %load/vec4 v0x61d6fb040060_0;
    %nor/r;
    %and;
    %flag_set/vec4 8;
    %jmp/0xz  T_65.74, 8;
    %pushi/vec4 1, 0, 1;
    %ix/load 4, 1, 0;
    %flag_set/imm 4, 0;
    %store/vec4 v0x61d6fb043af0_0, 4, 1;
    %pushi/vec4 64, 0, 8;
    %assign/vec4 v0x61d6fb03acb0_0, 0;
    %jmp T_65.75;
T_65.74 ;
    %pushi/vec4 128, 0, 8;
    %assign/vec4 v0x61d6fb03acb0_0, 0;
T_65.75 ;
    %jmp T_65.67;
T_65.55 ;
    %pushi/vec4 1, 0, 1;
    %dup/vec4;
    %load/vec4 v0x61d6fb03ecc0_0;
    %cmp/u;
    %jmp/1 T_65.76, 6;
    %dup/vec4;
    %load/vec4 v0x61d6fb03ed80_0;
    %pushi/vec4 1, 0, 1;
    %and;
    %cmp/u;
    %jmp/1 T_65.77, 6;
    %dup/vec4;
    %load/vec4 v0x61d6fb03ee40_0;
    %cmp/u;
    %jmp/1 T_65.78, 6;
    %dup/vec4;
    %load/vec4 v0x61d6fb03ef00_0;
    %pushi/vec4 1, 0, 1;
    %and;
    %cmp/u;
    %jmp/1 T_65.79, 6;
    %jmp T_65.80;
T_65.76 ;
    %load/vec4 v0x61d6fb03aaf0_0;
    %parti/s 32, 0, 2;
    %assign/vec4 v0x61d6fb0455f0_0, 0;
    %jmp T_65.80;
T_65.77 ;
    %load/vec4 v0x61d6fb03aaf0_0;
    %parti/s 32, 32, 7;
    %assign/vec4 v0x61d6fb0455f0_0, 0;
    %jmp T_65.80;
T_65.78 ;
    %load/vec4 v0x61d6fb03abd0_0;
    %parti/s 32, 0, 2;
    %assign/vec4 v0x61d6fb0455f0_0, 0;
    %jmp T_65.80;
T_65.79 ;
    %load/vec4 v0x61d6fb03abd0_0;
    %parti/s 32, 32, 7;
    %assign/vec4 v0x61d6fb0455f0_0, 0;
    %jmp T_65.80;
T_65.80 ;
    %pop/vec4 1;
    %pushi/vec4 1, 0, 1;
    %assign/vec4 v0x61d6fb0415e0_0, 0;
    %pushi/vec4 64, 0, 8;
    %assign/vec4 v0x61d6fb03acb0_0, 0;
    %jmp T_65.67;
T_65.56 ;
    %load/vec4 v0x61d6fb03e900_0;
    %flag_set/vec4 8;
    %jmp/0 T_65.81, 8;
    %pushi/vec4 0, 0, 32;
    %jmp/1 T_65.82, 8;
T_65.81 ; End of true expr.
    %load/vec4 v0x61d6fb0456d0_0;
    %jmp/0 T_65.82, 8;
 ; End of false expr.
    %blend;
T_65.82;
    %assign/vec4 v0x61d6fb045430_0, 0;
    %load/vec4 v0x61d6fb03d020_0;
    %assign/vec4 v0x61d6fb045510_0, 0;
    %load/vec4 v0x61d6fb041aa0_0;
    %assign/vec4 v0x61d6fb041c20_0, 0;
    %pushi/vec4 8, 0, 8;
    %assign/vec4 v0x61d6fb03acb0_0, 0;
    %jmp T_65.67;
T_65.57 ;
    %load/vec4 v0x61d6fb03b250_0;
    %assign/vec4 v0x61d6fb0455f0_0, 0;
    %load/vec4 v0x61d6fb03b250_0;
    %assign/vec4 v0x61d6fb03cc20_0, 0;
    %pushi/vec4 1, 0, 1;
    %assign/vec4 v0x61d6fb03cd00_0, 0;
    %pushi/vec4 1, 0, 1;
    %assign/vec4 v0x61d6fb0415e0_0, 0;
    %pushi/vec4 64, 0, 8;
    %assign/vec4 v0x61d6fb03acb0_0, 0;
    %jmp T_65.67;
T_65.58 ;
    %load/vec4 v0x61d6fb03b250_0;
    %assign/vec4 v0x61d6fb0455f0_0, 0;
    %load/vec4 v0x61d6fb03b250_0;
    %assign/vec4 v0x61d6fb03cc20_0, 0;
    %pushi/vec4 1, 0, 1;
    %assign/vec4 v0x61d6fb03cd00_0, 0;
    %load/vec4 v0x61d6fb041440_0;
    %pad/u 32;
    %pushi/vec4 32, 0, 32;
    %or;
    %pad/u 5;
    %assign/vec4 v0x61d6fb041440_0, 0;
    %pushi/vec4 1, 0, 1;
    %assign/vec4 v0x61d6fb0415e0_0, 0;
    %pushi/vec4 64, 0, 8;
    %assign/vec4 v0x61d6fb03acb0_0, 0;
    %jmp T_65.67;
T_65.59 ;
    %pushi/vec4 0, 0, 32;
    %assign/vec4 v0x61d6fb03d920_0, 0;
    %pushi/vec4 0, 0, 1;
    %assign/vec4 v0x61d6fb040060_0, 0;
    %pushi/vec4 1, 0, 1;
    %assign/vec4 v0x61d6fb041080_0, 0;
    %pushi/vec4 1, 0, 1;
    %assign/vec4 v0x61d6fb0415e0_0, 0;
    %load/vec4 v0x61d6fb03b250_0;
    %pushi/vec4 4294967294, 0, 32;
    %and;
    %assign/vec4 v0x61d6fb0455f0_0, 0;
    %load/vec4 v0x61d6fb03b250_0;
    %assign/vec4 v0x61d6fb03cc20_0, 0;
    %pushi/vec4 1, 0, 1;
    %assign/vec4 v0x61d6fb03cd00_0, 0;
    %pushi/vec4 64, 0, 8;
    %assign/vec4 v0x61d6fb03acb0_0, 0;
    %jmp T_65.67;
T_65.60 ;
    %pushi/vec4 1, 0, 1;
    %assign/vec4 v0x61d6fb0415e0_0, 0;
    %load/vec4 v0x61d6fb0401e0_0;
    %assign/vec4 v0x61d6fb0455f0_0, 0;
    %load/vec4 v0x61d6fb03b250_0;
    %pushi/vec4 0, 0, 32;
    %or;
    %assign/vec4 v0x61d6fb0401e0_0, 0;
    %load/vec4 v0x61d6fb03b250_0;
    %assign/vec4 v0x61d6fb03cc20_0, 0;
    %pushi/vec4 1, 0, 1;
    %assign/vec4 v0x61d6fb03cd00_0, 0;
    %pushi/vec4 64, 0, 8;
    %assign/vec4 v0x61d6fb03acb0_0, 0;
    %jmp T_65.67;
T_65.61 ;
    %pushi/vec4 1, 0, 1;
    %assign/vec4 v0x61d6fb0415e0_0, 0;
    %load/vec4 v0x61d6fb045b90_0;
    %assign/vec4 v0x61d6fb0455f0_0, 0;
    %load/vec4 v0x61d6fb03b250_0;
    %assign/vec4 v0x61d6fb045b90_0, 0;
    %load/vec4 v0x61d6fb03b250_0;
    %assign/vec4 v0x61d6fb03cc20_0, 0;
    %pushi/vec4 1, 0, 1;
    %assign/vec4 v0x61d6fb03cd00_0, 0;
    %pushi/vec4 64, 0, 8;
    %assign/vec4 v0x61d6fb03acb0_0, 0;
    %jmp T_65.67;
T_65.62 ;
    %load/vec4 v0x61d6fb03b250_0;
    %assign/vec4 v0x61d6fb045430_0, 0;
    %load/vec4 v0x61d6fb03b250_0;
    %assign/vec4 v0x61d6fb03cc20_0, 0;
    %pushi/vec4 1, 0, 1;
    %assign/vec4 v0x61d6fb03cd00_0, 0;
    %pushi/vec4 1, 0, 8;
    %assign/vec4 v0x61d6fb03acb0_0, 0;
    %pushi/vec4 1, 0, 1;
    %assign/vec4 v0x61d6fb041c20_0, 0;
    %jmp T_65.67;
T_65.63 ;
    %load/vec4 v0x61d6fb03b250_0;
    %assign/vec4 v0x61d6fb045430_0, 0;
    %load/vec4 v0x61d6fb03b250_0;
    %assign/vec4 v0x61d6fb03cc20_0, 0;
    %pushi/vec4 1, 0, 1;
    %assign/vec4 v0x61d6fb03cd00_0, 0;
    %load/vec4 v0x61d6fb03d480_0;
    %assign/vec4 v0x61d6fb0457b0_0, 0;
    %pushi/vec4 4, 0, 8;
    %assign/vec4 v0x61d6fb03acb0_0, 0;
    %jmp T_65.67;
T_65.64 ;
    %load/vec4 v0x61d6fb03b250_0;
    %assign/vec4 v0x61d6fb045430_0, 0;
    %load/vec4 v0x61d6fb03b250_0;
    %assign/vec4 v0x61d6fb03cc20_0, 0;
    %pushi/vec4 1, 0, 1;
    %assign/vec4 v0x61d6fb03cd00_0, 0;
    %load/vec4 v0x61d6fb040d80_0;
    %pushi/vec4 1, 0, 1;
    %and;
    %flag_set/vec4 8;
    %jmp/0 T_65.83, 8;
    %load/vec4 v0x61d6fb03d480_0;
    %pad/u 32;
    %jmp/1 T_65.84, 8;
T_65.83 ; End of true expr.
    %load/vec4 v0x61d6fb03d020_0;
    %jmp/0 T_65.84, 8;
 ; End of false expr.
    %blend;
T_65.84;
    %assign/vec4 v0x61d6fb045510_0, 0;
    %load/vec4 v0x61d6fb041aa0_0;
    %assign/vec4 v0x61d6fb041c20_0, 0;
    %pushi/vec4 8, 0, 8;
    %assign/vec4 v0x61d6fb03acb0_0, 0;
    %jmp T_65.67;
T_65.65 ;
    %load/vec4 v0x61d6fb03b250_0;
    %assign/vec4 v0x61d6fb045430_0, 0;
    %load/vec4 v0x61d6fb03b250_0;
    %assign/vec4 v0x61d6fb03cc20_0, 0;
    %pushi/vec4 1, 0, 1;
    %assign/vec4 v0x61d6fb03cd00_0, 0;
    %load/vec4 v0x61d6fb040d80_0;
    %pushi/vec4 1, 0, 1;
    %and;
    %flag_set/vec4 8;
    %jmp/0 T_65.85, 8;
    %load/vec4 v0x61d6fb03d480_0;
    %pad/u 32;
    %jmp/1 T_65.86, 8;
T_65.85 ; End of true expr.
    %load/vec4 v0x61d6fb03d020_0;
    %jmp/0 T_65.86, 8;
 ; End of false expr.
    %blend;
T_65.86;
    %assign/vec4 v0x61d6fb045510_0, 0;
    %load/vec4 v0x61d6fb041aa0_0;
    %assign/vec4 v0x61d6fb041c20_0, 0;
    %pushi/vec4 8, 0, 8;
    %assign/vec4 v0x61d6fb03acb0_0, 0;
    %jmp T_65.67;
T_65.67 ;
    %pop/vec4 1;
    %jmp T_65.16;
T_65.11 ;
    %load/vec4 v0x61d6fb03b330_0;
    %pad/u 5;
    %assign/vec4 v0x61d6fb0457b0_0, 0;
    %load/vec4 v0x61d6fb03b330_0;
    %assign/vec4 v0x61d6fb045510_0, 0;
    %load/vec4 v0x61d6fb03b330_0;
    %assign/vec4 v0x61d6fb03cdc0_0, 0;
    %pushi/vec4 1, 0, 1;
    %assign/vec4 v0x61d6fb03cea0_0, 0;
    %pushi/vec4 1, 0, 1;
    %dup/vec4;
    %pushi/vec4 0, 0, 1;
    %load/vec4 v0x61d6fb03fc80_0;
    %and;
    %cmp/u;
    %jmp/1 T_65.87, 6;
    %dup/vec4;
    %load/vec4 v0x61d6fb040c00_0;
    %cmp/u;
    %jmp/1 T_65.88, 6;
    %dup/vec4;
    %load/vec4 v0x61d6fb040cc0_0;
    %pushi/vec4 0, 0, 1;
    %and;
    %cmp/u;
    %jmp/1 T_65.89, 6;
    %pushi/vec4 0, 0, 1;
    %flag_set/vec4 8;
    %pushi/vec4 0, 0, 1;
    %load/vec4 v0x61d6fb040600_0;
    %and;
    %flag_set/vec4 9;
    %flag_or 9, 8;
    %jmp/0xz  T_65.92, 9;
    %pushi/vec4 0, 0, 1;
    %pushi/vec4 0, 0, 1;
    %load/vec4 v0x61d6fb040600_0;
    %and;
    %and;
    %assign/vec4 v0x61d6fb03a1f0_0, 0;
    %pushi/vec4 1, 0, 1;
    %assign/vec4 v0x61d6fb03a130_0, 0;
    %jmp T_65.93;
T_65.92 ;
    %load/vec4 v0x61d6fb041aa0_0;
    %assign/vec4 v0x61d6fb041c20_0, 0;
T_65.93 ;
    %pushi/vec4 8, 0, 8;
    %assign/vec4 v0x61d6fb03acb0_0, 0;
    %jmp T_65.91;
T_65.87 ;
    %pushi/vec4 1, 0, 1;
    %assign/vec4 v0x61d6fb044b10_0, 0;
    %load/vec4 v0x61d6fb044190_0;
    %flag_set/vec4 8;
    %jmp/0xz  T_65.94, 8;
    %pushi/vec4 1, 0, 1;
    %assign/vec4 v0x61d6fb041c20_0, 0;
    %pushi/vec4 0, 0, 1;
    %assign/vec4 v0x61d6fb044b10_0, 0;
    %load/vec4 v0x61d6fb0440b0_0;
    %assign/vec4 v0x61d6fb0455f0_0, 0;
    %load/vec4 v0x61d6fb044310_0;
    %assign/vec4 v0x61d6fb0415e0_0, 0;
    %pushi/vec4 64, 0, 8;
    %assign/vec4 v0x61d6fb03acb0_0, 0;
    %jmp T_65.95;
T_65.94 ;
    %pushi/vec4 1, 0, 1;
    %load/vec4 v0x61d6fb044a50_0;
    %load/vec4 v0x61d6fb03e240_0;
    %or;
    %and;
    %flag_set/vec4 8;
    %jmp/0xz  T_65.96, 8;
    %pushi/vec4 0, 0, 1;
    %assign/vec4 v0x61d6fb044b10_0, 0;
    %pushi/vec4 0, 0, 1;
    %load/vec4 v0x61d6fb0401e0_0;
    %parti/s 1, 1, 2;
    %nor/r;
    %and;
    %load/vec4 v0x61d6fb040060_0;
    %nor/r;
    %and;
    %flag_set/vec4 8;
    %jmp/0xz  T_65.98, 8;
    %pushi/vec4 1, 0, 1;
    %ix/load 4, 1, 0;
    %flag_set/imm 4, 0;
    %store/vec4 v0x61d6fb043af0_0, 4, 1;
    %pushi/vec4 64, 0, 8;
    %assign/vec4 v0x61d6fb03acb0_0, 0;
    %jmp T_65.99;
T_65.98 ;
    %pushi/vec4 128, 0, 8;
    %assign/vec4 v0x61d6fb03acb0_0, 0;
T_65.99 ;
T_65.96 ;
T_65.95 ;
    %jmp T_65.91;
T_65.88 ;
    %pushi/vec4 2, 0, 8;
    %assign/vec4 v0x61d6fb03acb0_0, 0;
    %pushi/vec4 1, 0, 1;
    %assign/vec4 v0x61d6fb041c20_0, 0;
    %jmp T_65.91;
T_65.89 ;
    %pushi/vec4 4, 0, 8;
    %assign/vec4 v0x61d6fb03acb0_0, 0;
    %jmp T_65.91;
T_65.91 ;
    %pop/vec4 1;
    %jmp T_65.16;
T_65.12 ;
    %load/vec4 v0x61d6fb0456d0_0;
    %load/vec4 v0x61d6fb03d020_0;
    %add;
    %assign/vec4 v0x61d6fb0455f0_0, 0;
    %pushi/vec4 0, 0, 1;
    %load/vec4 v0x61d6fb03a130_0;
    %load/vec4 v0x61d6fb03a1f0_0;
    %or;
    %and;
    %flag_set/vec4 8;
    %jmp/0xz  T_65.100, 8;
    %load/vec4 v0x61d6fb041aa0_0;
    %load/vec4 v0x61d6fb03a1f0_0;
    %nor/r;
    %and;
    %assign/vec4 v0x61d6fb041c20_0, 0;
    %load/vec4 v0x61d6fb03a1f0_0;
    %assign/vec4 v0x61d6fb03a130_0, 0;
    %jmp T_65.101;
T_65.100 ;
    %load/vec4 v0x61d6fb040600_0;
    %flag_set/vec4 8;
    %jmp/0xz  T_65.102, 8;
    %pushi/vec4 0, 0, 5;
    %assign/vec4 v0x61d6fb041440_0, 0;
    %load/vec4 v0x61d6fb039d10_0;
    %assign/vec4 v0x61d6fb0415e0_0, 0;
    %load/vec4 v0x61d6fb039d10_0;
    %assign/vec4 v0x61d6fb041080_0, 0;
    %load/vec4 v0x61d6fb041da0_0;
    %flag_set/vec4 8;
    %jmp/0xz  T_65.104, 8;
    %pushi/vec4 64, 0, 8;
    %assign/vec4 v0x61d6fb03acb0_0, 0;
T_65.104 ;
    %load/vec4 v0x61d6fb039d10_0;
    %flag_set/vec4 8;
    %jmp/0xz  T_65.106, 8;
    %pushi/vec4 0, 0, 1;
    %assign/vec4 v0x61d6fb03d6e0_0, 0;
    %pushi/vec4 1, 0, 1;
    %store/vec4 v0x61d6fb045a10_0, 0, 1;
T_65.106 ;
    %jmp T_65.103;
T_65.102 ;
    %load/vec4 v0x61d6fb03e540_0;
    %assign/vec4 v0x61d6fb041080_0, 0;
    %pushi/vec4 1, 0, 1;
    %assign/vec4 v0x61d6fb0415e0_0, 0;
    %pushi/vec4 1, 0, 1;
    %assign/vec4 v0x61d6fb041520_0, 0;
    %pushi/vec4 64, 0, 8;
    %assign/vec4 v0x61d6fb03acb0_0, 0;
T_65.103 ;
T_65.101 ;
    %jmp T_65.16;
T_65.13 ;
    %pushi/vec4 1, 0, 1;
    %assign/vec4 v0x61d6fb0415e0_0, 0;
    %load/vec4 v0x61d6fb0457b0_0;
    %pad/u 32;
    %cmpi/e 0, 0, 32;
    %jmp/0xz  T_65.108, 4;
    %load/vec4 v0x61d6fb045430_0;
    %assign/vec4 v0x61d6fb0455f0_0, 0;
    %load/vec4 v0x61d6fb041aa0_0;
    %assign/vec4 v0x61d6fb041c20_0, 0;
    %pushi/vec4 64, 0, 8;
    %assign/vec4 v0x61d6fb03acb0_0, 0;
    %jmp T_65.109;
T_65.108 ;
    %pushi/vec4 0, 0, 1;
    %pushi/vec4 4, 0, 32;
    %load/vec4 v0x61d6fb0457b0_0;
    %pad/u 32;
    %cmp/u;
    %flag_get/vec4 4;
    %flag_get/vec4 5;
    %or;
    %and;
    %flag_set/vec4 8;
    %jmp/0xz  T_65.110, 8;
    %pushi/vec4 1, 0, 1;
    %dup/vec4;
    %load/vec4 v0x61d6fb03f380_0;
    %load/vec4 v0x61d6fb03f2c0_0;
    %or;
    %cmp/u;
    %jmp/1 T_65.112, 6;
    %dup/vec4;
    %load/vec4 v0x61d6fb03f980_0;
    %load/vec4 v0x61d6fb03f8c0_0;
    %or;
    %cmp/u;
    %jmp/1 T_65.113, 6;
    %dup/vec4;
    %load/vec4 v0x61d6fb03f800_0;
    %load/vec4 v0x61d6fb03f740_0;
    %or;
    %cmp/u;
    %jmp/1 T_65.114, 6;
    %jmp T_65.115;
T_65.112 ;
    %load/vec4 v0x61d6fb045430_0;
    %ix/load 4, 4, 0;
    %flag_set/imm 4, 0;
    %shiftl 4;
    %assign/vec4 v0x61d6fb045430_0, 0;
    %jmp T_65.115;
T_65.113 ;
    %load/vec4 v0x61d6fb045430_0;
    %ix/load 4, 4, 0;
    %flag_set/imm 4, 0;
    %shiftr 4;
    %assign/vec4 v0x61d6fb045430_0, 0;
    %jmp T_65.115;
T_65.114 ;
    %load/vec4 v0x61d6fb045430_0;
    %ix/load 4, 4, 0;
    %flag_set/imm 4, 0;
    %shiftr/s 4;
    %assign/vec4 v0x61d6fb045430_0, 0;
    %jmp T_65.115;
T_65.115 ;
    %pop/vec4 1;
    %load/vec4 v0x61d6fb0457b0_0;
    %subi 4, 0, 5;
    %assign/vec4 v0x61d6fb0457b0_0, 0;
    %jmp T_65.111;
T_65.110 ;
    %pushi/vec4 1, 0, 1;
    %dup/vec4;
    %load/vec4 v0x61d6fb03f380_0;
    %load/vec4 v0x61d6fb03f2c0_0;
    %or;
    %cmp/u;
    %jmp/1 T_65.116, 6;
    %dup/vec4;
    %load/vec4 v0x61d6fb03f980_0;
    %load/vec4 v0x61d6fb03f8c0_0;
    %or;
    %cmp/u;
    %jmp/1 T_65.117, 6;
    %dup/vec4;
    %load/vec4 v0x61d6fb03f800_0;
    %load/vec4 v0x61d6fb03f740_0;
    %or;
    %cmp/u;
    %jmp/1 T_65.118, 6;
    %jmp T_65.119;
T_65.116 ;
    %load/vec4 v0x61d6fb045430_0;
    %ix/load 4, 1, 0;
    %flag_set/imm 4, 0;
    %shiftl 4;
    %assign/vec4 v0x61d6fb045430_0, 0;
    %jmp T_65.119;
T_65.117 ;
    %load/vec4 v0x61d6fb045430_0;
    %ix/load 4, 1, 0;
    %flag_set/imm 4, 0;
    %shiftr 4;
    %assign/vec4 v0x61d6fb045430_0, 0;
    %jmp T_65.119;
T_65.118 ;
    %load/vec4 v0x61d6fb045430_0;
    %ix/load 4, 1, 0;
    %flag_set/imm 4, 0;
    %shiftr/s 4;
    %assign/vec4 v0x61d6fb045430_0, 0;
    %jmp T_65.119;
T_65.119 ;
    %pop/vec4 1;
    %load/vec4 v0x61d6fb0457b0_0;
    %subi 1, 0, 5;
    %assign/vec4 v0x61d6fb0457b0_0, 0;
T_65.111 ;
T_65.109 ;
    %jmp T_65.16;
T_65.14 ;
    %load/vec4 v0x61d6fb041aa0_0;
    %nor/r;
    %flag_set/vec4 8;
    %load/vec4 v0x61d6fb041da0_0;
    %flag_set/vec4 9;
    %flag_or 9, 8;
    %jmp/0xz  T_65.120, 9;
    %load/vec4 v0x61d6fb041ce0_0;
    %nor/r;
    %flag_set/vec4 8;
    %jmp/0xz  T_65.122, 8;
    %pushi/vec4 1, 0, 1;
    %dup/vec4;
    %load/vec4 v0x61d6fb03f080_0;
    %cmp/u;
    %jmp/1 T_65.124, 6;
    %dup/vec4;
    %load/vec4 v0x61d6fb03f200_0;
    %cmp/u;
    %jmp/1 T_65.125, 6;
    %dup/vec4;
    %load/vec4 v0x61d6fb03fb00_0;
    %cmp/u;
    %jmp/1 T_65.126, 6;
    %jmp T_65.127;
T_65.124 ;
    %pushi/vec4 2, 0, 2;
    %assign/vec4 v0x61d6fb0436b0_0, 0;
    %jmp T_65.127;
T_65.125 ;
    %pushi/vec4 1, 0, 2;
    %assign/vec4 v0x61d6fb0436b0_0, 0;
    %jmp T_65.127;
T_65.126 ;
    %pushi/vec4 0, 0, 2;
    %assign/vec4 v0x61d6fb0436b0_0, 0;
    %jmp T_65.127;
T_65.127 ;
    %pop/vec4 1;
    %load/vec4 v0x61d6fb045430_0;
    %load/vec4 v0x61d6fb03d020_0;
    %add;
    %assign/vec4 v0x61d6fb045430_0, 0;
    %pushi/vec4 1, 0, 1;
    %store/vec4 v0x61d6fb045ad0_0, 0, 1;
T_65.122 ;
    %load/vec4 v0x61d6fb041aa0_0;
    %nor/r;
    %load/vec4 v0x61d6fb041da0_0;
    %and;
    %flag_set/vec4 8;
    %jmp/0xz  T_65.128, 8;
    %pushi/vec4 64, 0, 8;
    %assign/vec4 v0x61d6fb03acb0_0, 0;
    %pushi/vec4 1, 0, 1;
    %assign/vec4 v0x61d6fb03d6e0_0, 0;
    %pushi/vec4 1, 0, 1;
    %assign/vec4 v0x61d6fb03d560_0, 0;
T_65.128 ;
T_65.120 ;
    %jmp T_65.16;
T_65.15 ;
    %pushi/vec4 1, 0, 1;
    %assign/vec4 v0x61d6fb0415e0_0, 0;
    %load/vec4 v0x61d6fb041aa0_0;
    %nor/r;
    %flag_set/vec4 8;
    %load/vec4 v0x61d6fb041da0_0;
    %flag_set/vec4 9;
    %flag_or 9, 8;
    %jmp/0xz  T_65.130, 9;
    %load/vec4 v0x61d6fb041b60_0;
    %nor/r;
    %flag_set/vec4 8;
    %jmp/0xz  T_65.132, 8;
    %pushi/vec4 1, 0, 1;
    %dup/vec4;
    %load/vec4 v0x61d6fb03e600_0;
    %load/vec4 v0x61d6fb03e6c0_0;
    %or;
    %cmp/u;
    %jmp/1 T_65.134, 6;
    %dup/vec4;
    %load/vec4 v0x61d6fb03e780_0;
    %load/vec4 v0x61d6fb03e840_0;
    %or;
    %cmp/u;
    %jmp/1 T_65.135, 6;
    %dup/vec4;
    %load/vec4 v0x61d6fb03e9c0_0;
    %cmp/u;
    %jmp/1 T_65.136, 6;
    %jmp T_65.137;
T_65.134 ;
    %pushi/vec4 2, 0, 2;
    %assign/vec4 v0x61d6fb0436b0_0, 0;
    %jmp T_65.137;
T_65.135 ;
    %pushi/vec4 1, 0, 2;
    %assign/vec4 v0x61d6fb0436b0_0, 0;
    %jmp T_65.137;
T_65.136 ;
    %pushi/vec4 0, 0, 2;
    %assign/vec4 v0x61d6fb0436b0_0, 0;
    %jmp T_65.137;
T_65.137 ;
    %pop/vec4 1;
    %load/vec4 v0x61d6fb040900_0;
    %assign/vec4 v0x61d6fb041380_0, 0;
    %load/vec4 v0x61d6fb03e780_0;
    %assign/vec4 v0x61d6fb0412c0_0, 0;
    %load/vec4 v0x61d6fb03e600_0;
    %assign/vec4 v0x61d6fb041200_0, 0;
    %load/vec4 v0x61d6fb045430_0;
    %load/vec4 v0x61d6fb03d020_0;
    %add;
    %assign/vec4 v0x61d6fb045430_0, 0;
    %pushi/vec4 1, 0, 1;
    %store/vec4 v0x61d6fb045950_0, 0, 1;
T_65.132 ;
    %load/vec4 v0x61d6fb041aa0_0;
    %nor/r;
    %load/vec4 v0x61d6fb041da0_0;
    %and;
    %flag_set/vec4 8;
    %jmp/0xz  T_65.138, 8;
    %pushi/vec4 1, 0, 1;
    %dup/vec4;
    %load/vec4 v0x61d6fb041380_0;
    %cmp/u;
    %jmp/1 T_65.140, 6;
    %dup/vec4;
    %load/vec4 v0x61d6fb0412c0_0;
    %cmp/u;
    %jmp/1 T_65.141, 6;
    %dup/vec4;
    %load/vec4 v0x61d6fb041200_0;
    %cmp/u;
    %jmp/1 T_65.142, 6;
    %jmp T_65.143;
T_65.140 ;
    %load/vec4 v0x61d6fb03bf30_0;
    %assign/vec4 v0x61d6fb0455f0_0, 0;
    %jmp T_65.143;
T_65.141 ;
    %load/vec4 v0x61d6fb03bf30_0;
    %parti/s 16, 0, 2;
    %pad/s 32;
    %assign/vec4 v0x61d6fb0455f0_0, 0;
    %jmp T_65.143;
T_65.142 ;
    %load/vec4 v0x61d6fb03bf30_0;
    %parti/s 8, 0, 2;
    %pad/s 32;
    %assign/vec4 v0x61d6fb0455f0_0, 0;
    %jmp T_65.143;
T_65.143 ;
    %pop/vec4 1;
    %pushi/vec4 1, 0, 1;
    %assign/vec4 v0x61d6fb03d6e0_0, 0;
    %pushi/vec4 1, 0, 1;
    %assign/vec4 v0x61d6fb03d560_0, 0;
    %pushi/vec4 64, 0, 8;
    %assign/vec4 v0x61d6fb03acb0_0, 0;
T_65.138 ;
T_65.130 ;
    %jmp T_65.16;
T_65.16 ;
    %pop/vec4 1;
T_65.7 ;
    %pushi/vec4 1, 0, 1;
    %load/vec4 v0x61d6fb045890_0;
    %and;
    %load/vec4 v0x61d6fb041b60_0;
    %load/vec4 v0x61d6fb041ce0_0;
    %or;
    %and;
    %flag_set/vec4 8;
    %jmp/0xz  T_65.144, 8;
    %load/vec4 v0x61d6fb0436b0_0;
    %pad/u 32;
    %pushi/vec4 0, 0, 32;
    %cmp/e;
    %flag_get/vec4 4;
    %load/vec4 v0x61d6fb045430_0;
    %parti/s 2, 0, 2;
    %pad/u 32;
    %pushi/vec4 0, 0, 32;
    %cmp/ne;
    %flag_get/vec4 4;
    %and;
    %flag_set/vec4 8;
    %jmp/0xz  T_65.146, 8;
    %pushi/vec4 0, 0, 1;
    %load/vec4 v0x61d6fb0401e0_0;
    %parti/s 1, 2, 3;
    %nor/r;
    %and;
    %load/vec4 v0x61d6fb040060_0;
    %nor/r;
    %and;
    %flag_set/vec4 8;
    %jmp/0xz  T_65.148, 8;
    %pushi/vec4 1, 0, 1;
    %ix/load 4, 2, 0;
    %flag_set/imm 4, 0;
    %store/vec4 v0x61d6fb043af0_0, 4, 1;
    %jmp T_65.149;
T_65.148 ;
    %pushi/vec4 128, 0, 8;
    %assign/vec4 v0x61d6fb03acb0_0, 0;
T_65.149 ;
T_65.146 ;
    %load/vec4 v0x61d6fb0436b0_0;
    %pad/u 32;
    %pushi/vec4 1, 0, 32;
    %cmp/e;
    %flag_get/vec4 4;
    %load/vec4 v0x61d6fb045430_0;
    %parti/s 1, 0, 2;
    %pad/u 32;
    %pushi/vec4 0, 0, 32;
    %cmp/ne;
    %flag_get/vec4 4;
    %and;
    %flag_set/vec4 8;
    %jmp/0xz  T_65.150, 8;
    %pushi/vec4 0, 0, 1;
    %load/vec4 v0x61d6fb0401e0_0;
    %parti/s 1, 2, 3;
    %nor/r;
    %and;
    %load/vec4 v0x61d6fb040060_0;
    %nor/r;
    %and;
    %flag_set/vec4 8;
    %jmp/0xz  T_65.152, 8;
    %pushi/vec4 1, 0, 1;
    %ix/load 4, 2, 0;
    %flag_set/imm 4, 0;
    %store/vec4 v0x61d6fb043af0_0, 4, 1;
    %jmp T_65.153;
T_65.152 ;
    %pushi/vec4 128, 0, 8;
    %assign/vec4 v0x61d6fb03acb0_0, 0;
T_65.153 ;
T_65.150 ;
T_65.144 ;
    %pushi/vec4 1, 0, 1;
    %load/vec4 v0x61d6fb045890_0;
    %and;
    %load/vec4 v0x61d6fb041c20_0;
    %and;
    %load/vec4 v0x61d6fb0456d0_0;
    %parti/s 2, 0, 2;
    %or/r;
    %and;
    %flag_set/vec4 8;
    %jmp/0xz  T_65.154, 8;
    %pushi/vec4 0, 0, 1;
    %load/vec4 v0x61d6fb0401e0_0;
    %parti/s 1, 2, 3;
    %nor/r;
    %and;
    %load/vec4 v0x61d6fb040060_0;
    %nor/r;
    %and;
    %flag_set/vec4 8;
    %jmp/0xz  T_65.156, 8;
    %pushi/vec4 1, 0, 1;
    %ix/load 4, 2, 0;
    %flag_set/imm 4, 0;
    %store/vec4 v0x61d6fb043af0_0, 4, 1;
    %jmp T_65.157;
T_65.156 ;
    %pushi/vec4 128, 0, 8;
    %assign/vec4 v0x61d6fb03acb0_0, 0;
T_65.157 ;
T_65.154 ;
    %pushi/vec4 0, 0, 1;
    %load/vec4 v0x61d6fb03d7a0_0;
    %and;
    %load/vec4 v0x61d6fb03d620_0;
    %nor/r;
    %and;
    %load/vec4 v0x61d6fb03e240_0;
    %and;
    %flag_set/vec4 8;
    %jmp/0xz  T_65.158, 8;
    %pushi/vec4 128, 0, 8;
    %assign/vec4 v0x61d6fb03acb0_0, 0;
T_65.158 ;
    %load/vec4 v0x61d6fb045890_0;
    %nor/r;
    %flag_set/vec4 8;
    %load/vec4 v0x61d6fb041da0_0;
    %flag_set/vec4 9;
    %flag_or 9, 8;
    %jmp/0xz  T_65.160, 9;
    %pushi/vec4 0, 0, 1;
    %assign/vec4 v0x61d6fb041aa0_0, 0;
    %pushi/vec4 0, 0, 1;
    %assign/vec4 v0x61d6fb041c20_0, 0;
    %pushi/vec4 0, 0, 1;
    %assign/vec4 v0x61d6fb041b60_0, 0;
    %pushi/vec4 0, 0, 1;
    %assign/vec4 v0x61d6fb041ce0_0, 0;
T_65.160 ;
    %load/vec4 v0x61d6fb045a10_0;
    %flag_set/vec4 8;
    %jmp/0xz  T_65.162, 8;
    %pushi/vec4 1, 0, 1;
    %assign/vec4 v0x61d6fb041c20_0, 0;
T_65.162 ;
    %load/vec4 v0x61d6fb045950_0;
    %flag_set/vec4 8;
    %jmp/0xz  T_65.164, 8;
    %pushi/vec4 1, 0, 1;
    %assign/vec4 v0x61d6fb041b60_0, 0;
T_65.164 ;
    %load/vec4 v0x61d6fb045ad0_0;
    %flag_set/vec4 8;
    %jmp/0xz  T_65.166, 8;
    %pushi/vec4 1, 0, 1;
    %assign/vec4 v0x61d6fb041ce0_0, 0;
T_65.166 ;
    %load/vec4 v0x61d6fb043af0_0;
    %pushi/vec4 4294967295, 0, 32;
    %and;
    %assign/vec4 v0x61d6fb0402c0_0, 0;
    %pushi/vec4 4294967295, 4294967295, 32;
    %store/vec4 v0x61d6fb03b5b0_0, 0, 32;
    %jmp T_65;
    .thread T_65;
    .scope S_0x61d6fb046aa0;
T_66 ;
    %vpi_call 5 11 "$readmemh", "firmware/hex/boot.hex", v0x61d6fb046ea0 {0 0 0};
    %end;
    .thread T_66;
    .scope S_0x61d6fb046aa0;
T_67 ;
    %wait E_0x61d6fb033aa0;
    %load/vec4 v0x61d6fb047170_0;
    %flag_set/vec4 8;
    %jmp/0xz  T_67.0, 8;
    %load/vec4 v0x61d6fb046c80_0;
    %parti/s 8, 2, 3;
    %pad/u 10;
    %ix/vec4 4;
    %load/vec4a v0x61d6fb046ea0, 4;
    %assign/vec4 v0x61d6fb046f40_0, 0;
    %pushi/vec4 1, 0, 1;
    %assign/vec4 v0x61d6fb047030_0, 0;
    %jmp T_67.1;
T_67.0 ;
    %pushi/vec4 0, 0, 1;
    %assign/vec4 v0x61d6fb047030_0, 0;
T_67.1 ;
    %jmp T_67;
    .thread T_67;
    .scope S_0x61d6faed83f0;
T_68 ;
    %delay 658067456, 1164;
    %load/vec4 v0x61d6fb047300_0;
    %inv;
    %store/vec4 v0x61d6fb047300_0, 0, 1;
    %jmp T_68;
    .thread T_68;
    .scope S_0x61d6faed83f0;
T_69 ;
    %vpi_call 3 41 "$dumpfile", "outputs/vcd_files/waveform.vcd" {0 0 0};
    %vpi_call 3 42 "$dumpvars", 32'sb00000000000000000000000000000000, S_0x61d6faed83f0 {0 0 0};
    %pushi/vec4 0, 0, 1;
    %store/vec4 v0x61d6fb047300_0, 0, 1;
    %pushi/vec4 0, 0, 1;
    %store/vec4 v0x61d6fb0479c0_0, 0, 1;
    %vpi_call 3 48 "$display", "--- Asserting Reset ---" {0 0 0};
    %delay 2632269824, 4656;
    %pushi/vec4 1, 0, 1;
    %store/vec4 v0x61d6fb0479c0_0, 0, 1;
    %vpi_call 3 51 "$display", "--- Reset Released. CPU Running ---" {0 0 0};
    %delay 552894464, 46566;
    %vpi_call 3 56 "$display", "--- Simulation Complete ---" {0 0 0};
    %vpi_call 3 57 "$finish" {0 0 0};
    %end;
    .thread T_69;
# The file index is used to find the file name in the following table.
:file_names 6;
    "N/A";
    "<interactive>";
    "third_party/picorv32/picorv32.v";
    "dv/tb_top/tb_main.v";
    "rtl/cpu_wrapper/cpu_wrapper.v";
    "rtl/memory/boot_rom.v";
